ISO-10303-21;
HEADER;
FILE_DESCRIPTION (( 'STEP AP214' ),
    '1' );
FILE_NAME ('MPM3650 (QFN-24).STEP',
    '2021-03-10T22:43:25',
    ( '' ),
    ( '' ),
    'SwSTEP 2.0',
    'SolidWorks 2017',
    '' );
FILE_SCHEMA (( 'AUTOMOTIVE_DESIGN' ));
ENDSEC;

DATA;
#1 = VECTOR ( 'NONE', #3133, 1000.000000000000000 ) ;
#2 = AXIS2_PLACEMENT_3D ( 'NONE', #3195, #2087, #3575 ) ;
#3 = ORIENTED_EDGE ( 'NONE', *, *, #873, .T. ) ;
#4 = FACE_OUTER_BOUND ( 'NONE', #4603, .T. ) ;
#5 = DIRECTION ( 'NONE',  ( -0.0000000000000000000, 1.000000000000000000, -0.0000000000000000000 ) ) ;
#6 = CLOSED_SHELL ( 'NONE', ( #356, #2617, #3035, #3339, #3998, #3627, #1145, #664 ) ) ;
#7 = CARTESIAN_POINT ( 'NONE',  ( -1.070000000000000100, -0.02500000000000000100, -2.130000000000000800 ) ) ;
#8 = ORIENTED_EDGE ( 'NONE', *, *, #4372, .T. ) ;
#9 = VECTOR ( 'NONE', #3786, 1000.000000000000000 ) ;
#10 = DIRECTION ( 'NONE',  ( 1.000000000000000000, 0.0000000000000000000, -0.0000000000000000000 ) ) ;
#11 = CARTESIAN_POINT ( 'NONE',  ( 1.070000000000000100, 0.2000000000000000100, -2.070000000000000700 ) ) ;
#12 = CARTESIAN_POINT ( 'NONE',  ( -2.010000000000000200, -0.02500000000000000100, 1.150000000000000100 ) ) ;
#13 = ORIENTED_EDGE ( 'NONE', *, *, #2196, .T. ) ;
#14 = VECTOR ( 'NONE', #57, 1000.000000000000000 ) ;
#15 = EDGE_CURVE ( 'NONE', #544, #3356, #4646, .T. ) ;
#16 = ADVANCED_FACE ( 'NONE', ( #3937 ), #3184, .F. ) ;
#17 = AXIS2_PLACEMENT_3D ( 'NONE', #327, #1012, #3935 ) ;
#18 = CARTESIAN_POINT ( 'NONE',  ( -2.000000000000000000, 0.0000000000000000000, 3.000000000000000000 ) ) ;
#19 = VERTEX_POINT ( 'NONE', #256 ) ;
#20 = VERTEX_POINT ( 'NONE', #4259 ) ;
#21 = ORIENTED_EDGE ( 'NONE', *, *, #1006, .F. ) ;
#22 = EDGE_CURVE ( 'NONE', #1390, #4257, #2634, .T. ) ;
#23 = ORIENTED_EDGE ( 'NONE', *, *, #1131, .T. ) ;
#24 = DIRECTION ( 'NONE',  ( 0.0000000000000000000, 1.000000000000000000, 0.0000000000000000000 ) ) ;
#25 =( GEOMETRIC_REPRESENTATION_CONTEXT ( 3 ) GLOBAL_UNCERTAINTY_ASSIGNED_CONTEXT ( ( #679 ) ) GLOBAL_UNIT_ASSIGNED_CONTEXT ( ( #947, #550, #4621 ) ) REPRESENTATION_CONTEXT ( 'NONE', 'WORKASPACE' ) );
#26 = CARTESIAN_POINT ( 'NONE',  ( -1.500000000000000000, 1.550000000000000300, -2.299999999999999800 ) ) ;
#27 = CARTESIAN_POINT ( 'NONE',  ( 2.010000000000000200, -0.02500000000000000100, -1.750000000000000700 ) ) ;
#28 = VERTEX_POINT ( 'NONE', #3564 ) ;
#29 = CARTESIAN_POINT ( 'NONE',  ( 0.4000000000000001900, -0.02500000000000000100, -1.320000000000001000 ) ) ;
#30 = EDGE_CURVE ( 'NONE', #3071, #727, #1563, .T. ) ;
#31 = SURFACE_STYLE_USAGE ( .BOTH. , #3371 ) ;
#32 = DIRECTION ( 'NONE',  ( -0.0000000000000000000, -1.000000000000000000, -0.0000000000000000000 ) ) ;
#33 = ORIENTED_EDGE ( 'NONE', *, *, #452, .F. ) ;
#34 = ORIENTED_EDGE ( 'NONE', *, *, #3253, .F. ) ;
#35 = UNCERTAINTY_MEASURE_WITH_UNIT (LENGTH_MEASURE( 1.000000000000000100E-005 ), #167, 'distance_accuracy_value', 'NONE');
#36 = AXIS2_PLACEMENT_3D ( 'NONE', #4222, #1720, #604 ) ;
#37 = ADVANCED_FACE ( 'NONE', ( #1428 ), #2823, .F. ) ;
#38 = CARTESIAN_POINT ( 'NONE',  ( -2.010000000000000200, -0.02500000000000000100, -0.2000000000000005400 ) ) ;
#39 = DIRECTION ( 'NONE',  ( -1.000000000000000000, 0.0000000000000000000, 1.153406566473941500E-016 ) ) ;
#40 = DIRECTION ( 'NONE',  ( 0.0000000000000000000, 1.000000000000000000, 0.0000000000000000000 ) ) ;
#41 = SURFACE_SIDE_STYLE ('',( #4609 ) ) ;
#42 = LINE ( 'NONE', #2047, #2622 ) ;
#43 = DIRECTION ( 'NONE',  ( -0.0000000000000000000, -0.0000000000000000000, 1.000000000000000000 ) ) ;
#44 = EDGE_CURVE ( 'NONE', #488, #3683, #2164, .T. ) ;
#45 = AXIS2_PLACEMENT_3D ( 'NONE', #1828, #3299, #4745 ) ;
#46 = PLANE ( 'NONE',  #1069 ) ;
#47 = ADVANCED_FACE ( 'NONE', ( #2355 ), #3925, .F. ) ;
#48 = DIRECTION ( 'NONE',  ( 0.0000000000000000000, 0.0000000000000000000, -1.000000000000000000 ) ) ;
#50 = CARTESIAN_POINT ( 'NONE',  ( 1.070000000000000300, -0.02500000000000000100, -0.7200000000000004200 ) ) ;
#49 = FACE_OUTER_BOUND ( 'NONE', #3676, .T. ) ;
#51 = CARTESIAN_POINT ( 'NONE',  ( 1.070000000000000700, -0.02500000000000000100, -2.200000000000001100 ) ) ;
#52 = EDGE_LOOP ( 'NONE', ( #1596, #903, #739, #3540 ) ) ;
#53 = EDGE_CURVE ( 'NONE', #4362, #3196, #982, .T. ) ;
#54 = FACE_OUTER_BOUND ( 'NONE', #736, .T. ) ;
#55 = LINE ( 'NONE', #377, #1314 ) ;
#56 = LINE ( 'NONE', #2259, #4701 ) ;
#57 = DIRECTION ( 'NONE',  ( -2.168404344971008100E-015, 0.0000000000000000000, -1.000000000000000000 ) ) ;
#58 = VERTEX_POINT ( 'NONE', #3643 ) ;
#59 = LINE ( 'NONE', #165, #983 ) ;
#60 = DIRECTION ( 'NONE',  ( 1.000000000000000000, -0.0000000000000000000, -1.348510164782965600E-017 ) ) ;
#61 = EDGE_CURVE ( 'NONE', #4503, #1660, #1493, .T. ) ;
#62 = CARTESIAN_POINT ( 'NONE',  ( 2.010000000000000200, -0.02500000000000000100, -0.2000000000000005400 ) ) ;
#63 = DIRECTION ( 'NONE',  ( 0.0000000000000000000, -1.000000000000000000, 0.0000000000000000000 ) ) ;
#64 = ORIENTED_EDGE ( 'NONE', *, *, #4216, .T. ) ;
#65 = VECTOR ( 'NONE', #3952, 1000.000000000000000 ) ;
#66 = PLANE ( 'NONE',  #3027 ) ;
#67 = CARTESIAN_POINT ( 'NONE',  ( 1.000000000000000200, 0.2000000000000000100, -0.2700000000000009100 ) ) ;
#68 = MANIFOLD_SOLID_BREP ( 'Chamfer2', #230 ) ;
#69 = ADVANCED_FACE ( 'NONE', ( #1725 ), #4768, .F. ) ;
#70 = VERTEX_POINT ( 'NONE', #1821 ) ;
#71 = LINE ( 'NONE', #3327, #1155 ) ;
#72 = ORIENTED_EDGE ( 'NONE', *, *, #4138, .T. ) ;
#73 = LINE ( 'NONE', #2562, #2007 ) ;
#74 = DIRECTION ( 'NONE',  ( -1.000000000000000000, -0.0000000000000000000, -2.581433744013110000E-016 ) ) ;
#75 = ORIENTED_EDGE ( 'NONE', *, *, #1035, .T. ) ;
#76 = ADVANCED_FACE ( 'NONE', ( #3211 ), #682, .T. ) ;
#77 = VECTOR ( 'NONE', #74, 1000.000000000000000 ) ;
#78 = CARTESIAN_POINT ( 'NONE',  ( -1.070000000000000300, -0.02500000000000000100, -0.7800000000000004700 ) ) ;
#79 = ORIENTED_EDGE ( 'NONE', *, *, #154, .F. ) ;
#80 = DIRECTION ( 'NONE',  ( 1.153406566473941500E-016, 0.0000000000000000000, -1.000000000000000000 ) ) ;
#81 = PLANE ( 'NONE',  #2221 ) ;
#82 = VERTEX_POINT ( 'NONE', #2868 ) ;
#83 = DIRECTION ( 'NONE',  ( 0.0000000000000000000, 0.0000000000000000000, -1.000000000000000000 ) ) ;
#84 = CARTESIAN_POINT ( 'NONE',  ( 0.0000000000000000000, 0.0000000000000000000, 0.0000000000000000000 ) ) ;
#85 = ORIENTED_EDGE ( 'NONE', *, *, #1035, .F. ) ;
#86 = LINE ( 'NONE', #1373, #1808 ) ;
#87 = CARTESIAN_POINT ( 'NONE',  ( 0.4000000000000003000, -0.02500000000000000100, -1.320000000000001000 ) ) ;
#88 = EDGE_CURVE ( 'NONE', #3085, #1629, #3155, .T. ) ;
#89 = DIRECTION ( 'NONE',  ( -0.0000000000000000000, -0.0000000000000000000, -1.000000000000000000 ) ) ;
#90 = AXIS2_PLACEMENT_3D ( 'NONE', #1516, #3700, #4056 ) ;
#91 = ORIENTED_EDGE ( 'NONE', *, *, #30, .F. ) ;
#92 = ORIENTED_EDGE ( 'NONE', *, *, #1183, .T. ) ;
#93 = EDGE_CURVE ( 'NONE', #4350, #1972, #2572, .T. ) ;
#94 = EDGE_LOOP ( 'NONE', ( #2544, #598, #2321, #700 ) ) ;
#95 = ADVANCED_FACE ( 'NONE', ( #3995 ), #2552, .F. ) ;
#96 = DIRECTION ( 'NONE',  ( 0.0000000000000000000, 0.0000000000000000000, -1.000000000000000000 ) ) ;
#97 = DIRECTION ( 'NONE',  ( -0.0000000000000000000, -0.0000000000000000000, 1.000000000000000000 ) ) ;
#98 = CARTESIAN_POINT ( 'NONE',  ( -2.010000000000000200, 0.2000000000000000100, -2.450000000000000200 ) ) ;
#99 = DIRECTION ( 'NONE',  ( 0.0000000000000000000, 1.000000000000000000, 0.0000000000000000000 ) ) ;
#100 = DIRECTION ( 'NONE',  ( -1.000000000000000000, -0.0000000000000000000, -0.0000000000000000000 ) ) ;
#101 = ORIENTED_EDGE ( 'NONE', *, *, #22, .T. ) ;
#102 = AXIS2_PLACEMENT_3D ( 'NONE', #1453, #2183, #3316 ) ;
#103 = ADVANCED_FACE ( 'NONE', ( #2409 ), #2134, .F. ) ;
#104 = CARTESIAN_POINT ( 'NONE',  ( 1.000000000000000000, -0.02500000000000000100, -1.170000000000000800 ) ) ;
#105 = DIRECTION ( 'NONE',  ( 0.0000000000000000000, 0.0000000000000000000, 1.000000000000000000 ) ) ;
#106 = ORIENTED_EDGE ( 'NONE', *, *, #2053, .T. ) ;
#107 = LINE ( 'NONE', #1062, #3870 ) ;
#108 = DIRECTION ( 'NONE',  ( 3.872150616019661800E-016, 0.0000000000000000000, 1.000000000000000000 ) ) ;
#109 = EDGE_LOOP ( 'NONE', ( #1306, #788, #841, #317 ) ) ;
#110 = DIRECTION ( 'NONE',  ( -0.0000000000000000000, 1.000000000000000000, -0.0000000000000000000 ) ) ;
#111 = CARTESIAN_POINT ( 'NONE',  ( 2.010000000000000200, -0.02500000000000000100, 1.150000000000000100 ) ) ;
#112 = DIRECTION ( 'NONE',  ( -0.0000000000000000000, 1.000000000000000000, -0.0000000000000000000 ) ) ;
#113 = COLOUR_RGB ( '',0.7921568627450980000, 0.8196078431372548800, 0.9333333333333333500 ) ;
#114 = CARTESIAN_POINT ( 'NONE',  ( 1.070000000000000100, -0.02500000000000000100, -2.130000000000000800 ) ) ;
#115 = LINE ( 'NONE', #4709, #2223 ) ;
#116 = LINE ( 'NONE', #3256, #4587 ) ;
#117 = EDGE_CURVE ( 'NONE', #2948, #2815, #396, .T. ) ;
#118 =( GEOMETRIC_REPRESENTATION_CONTEXT ( 3 ) GLOBAL_UNCERTAINTY_ASSIGNED_CONTEXT ( ( #265 ) ) GLOBAL_UNIT_ASSIGNED_CONTEXT ( ( #1715, #1381, #3203 ) ) REPRESENTATION_CONTEXT ( 'NONE', 'WORKASPACE' ) );
#119 = DIRECTION ( 'NONE',  ( 0.0000000000000000000, 0.0000000000000000000, 1.000000000000000000 ) ) ;
#120 = CARTESIAN_POINT ( 'NONE',  ( -1.070000000000000700, 0.2000000000000000100, -1.300000000000000300 ) ) ;
#121 = VECTOR ( 'NONE', #687, 1000.000000000000000 ) ;
#122 = VECTOR ( 'NONE', #4279, 1000.000000000000000 ) ;
#123 = DIRECTION ( 'NONE',  ( -0.0000000000000000000, 1.000000000000000000, -0.0000000000000000000 ) ) ;
#124 = EDGE_CURVE ( 'NONE', #1852, #939, #465, .T. ) ;
#125 = AXIS2_PLACEMENT_3D ( 'NONE', #3713, #4055, #2987 ) ;
#126 = CARTESIAN_POINT ( 'NONE',  ( 1.800000000000000500, 0.2000000000000000100, 0.3999999999999999100 ) ) ;
#127 = ORIENTED_EDGE ( 'NONE', *, *, #1962, .T. ) ;
#128 = LINE ( 'NONE', #2269, #1207 ) ;
#129 = VERTEX_POINT ( 'NONE', #709 ) ;
#130 = ADVANCED_FACE ( 'NONE', ( #4398 ), #1785, .T. ) ;
#131 = DIRECTION ( 'NONE',  ( -1.000000000000000000, 0.0000000000000000000, -0.0000000000000000000 ) ) ;
#132 = CARTESIAN_POINT ( 'NONE',  ( -0.2200000000000006100, -0.02500000000000000100, -1.250000000000000400 ) ) ;
#133 = DIRECTION ( 'NONE',  ( -0.0000000000000000000, -1.000000000000000000, -0.0000000000000000000 ) ) ;
#134 = EDGE_LOOP ( 'NONE', ( #1505, #3483, #33, #3751 ) ) ;
#135 = FACE_OUTER_BOUND ( 'NONE', #4723, .T. ) ;
#136 = EDGE_CURVE ( 'NONE', #3293, #762, #808, .T. ) ;
#137 = PLANE ( 'NONE',  #3466 ) ;
#138 = ORIENTED_EDGE ( 'NONE', *, *, #3020, .F. ) ;
#139 = PRESENTATION_STYLE_ASSIGNMENT (( #2268 ) ) ;
#140 = COLOUR_RGB ( '',0.7921568627450980000, 0.8196078431372548800, 0.9333333333333333500 ) ;
#141 = DIRECTION ( 'NONE',  ( -1.000000000000000000, 0.0000000000000000000, -0.0000000000000000000 ) ) ;
#142 = CARTESIAN_POINT ( 'NONE',  ( -1.000000000000000200, -0.02500000000000000100, -1.680000000000000200 ) ) ;
#143 = ORIENTED_EDGE ( 'NONE', *, *, #3127, .F. ) ;
#144 = LINE ( 'NONE', #1294, #3899 ) ;
#145 = DIRECTION ( 'NONE',  ( 0.0000000000000000000, 0.0000000000000000000, 1.000000000000000000 ) ) ;
#146 = VERTEX_POINT ( 'NONE', #3243 ) ;
#147 = ORIENTED_EDGE ( 'NONE', *, *, #4307, .F. ) ;
#148 = VECTOR ( 'NONE', #3662, 1000.000000000000000 ) ;
#149 =( NAMED_UNIT ( * ) SI_UNIT ( $, .STERADIAN. ) SOLID_ANGLE_UNIT ( ) );
#150 = ORIENTED_EDGE ( 'NONE', *, *, #2304, .F. ) ;
#151 = ORIENTED_EDGE ( 'NONE', *, *, #3472, .T. ) ;
#152 = DIRECTION ( 'NONE',  ( -1.000000000000000000, 0.0000000000000000000, 0.0000000000000000000 ) ) ;
#153 = CARTESIAN_POINT ( 'NONE',  ( -1.070000000000000700, 0.2000000000000000100, -1.100000000000000300 ) ) ;
#154 = EDGE_CURVE ( 'NONE', #1908, #146, #3045, .T. ) ;
#155 = CARTESIAN_POINT ( 'NONE',  ( -1.000000000000000000, -0.02500000000000000100, 2.799999999999999400 ) ) ;
#156 = EDGE_LOOP ( 'NONE', ( #642, #3004, #991, #2556 ) ) ;
#157 = ORIENTED_EDGE ( 'NONE', *, *, #209, .T. ) ;
#158 = DIRECTION ( 'NONE',  ( 1.000000000000000000, 0.0000000000000000000, 1.283079494065686400E-016 ) ) ;
#159 = EDGE_LOOP ( 'NONE', ( #378, #2822, #1739, #3298 ) ) ;
#160 = EDGE_CURVE ( 'NONE', #3949, #4510, #1840, .T. ) ;
#161 = CARTESIAN_POINT ( 'NONE',  ( -0.2200000000000001700, 0.2000000000000000100, -1.320000000000000500 ) ) ;
#162 = VECTOR ( 'NONE', #1545, 1000.000000000000000 ) ;
#163 = AXIS2_PLACEMENT_3D ( 'NONE', #2490, #3177, #633 ) ;
#164 = DIRECTION ( 'NONE',  ( -0.0000000000000000000, 0.0000000000000000000, 1.000000000000000000 ) ) ;
#165 = CARTESIAN_POINT ( 'NONE',  ( -1.070000000000000700, -0.02500000000000000100, -1.550000000000000500 ) ) ;
#166 = VECTOR ( 'NONE', #400, 1000.000000000000000 ) ;
#167 =( LENGTH_UNIT ( ) NAMED_UNIT ( * ) SI_UNIT ( .MILLI., .METRE. ) );
#168 = CARTESIAN_POINT ( 'NONE',  ( 1.000000000000000200, -0.02500000000000000100, -1.680000000000000200 ) ) ;
#169 = FACE_OUTER_BOUND ( 'NONE', #1764, .T. ) ;
#170 = VECTOR ( 'NONE', #387, 1000.000000000000000 ) ;
#171 = DIRECTION ( 'NONE',  ( 1.000000000000000000, -0.0000000000000000000, -0.0000000000000000000 ) ) ;
#172 = EDGE_CURVE ( 'NONE', #1925, #1859, #1319, .T. ) ;
#173 = ORIENTED_EDGE ( 'NONE', *, *, #864, .F. ) ;
#174 = AXIS2_PLACEMENT_3D ( 'NONE', #749, #1847, #1860 ) ;
#175 = CARTESIAN_POINT ( 'NONE',  ( -1.070000000000000700, 0.2000000000000000100, -0.2000000000000004600 ) ) ;
#176 = PLANE ( 'NONE',  #2704 ) ;
#177 = ORIENTED_EDGE ( 'NONE', *, *, #3077, .F. ) ;
#178 = LINE ( 'NONE', #485, #4644 ) ;
#179 = EDGE_CURVE ( 'NONE', #2189, #4477, #870, .T. ) ;
#180 = MECHANICAL_DESIGN_GEOMETRIC_PRESENTATION_REPRESENTATION (  '', ( #4762 ), #1818 ) ;
#181 = CARTESIAN_POINT ( 'NONE',  ( 1.070000000000000700, -0.02500000000000000100, -1.300000000000000300 ) ) ;
#182 = ORIENTED_EDGE ( 'NONE', *, *, #3197, .T. ) ;
#183 = LINE ( 'NONE', #1950, #4068 ) ;
#184 = ORIENTED_EDGE ( 'NONE', *, *, #3158, .F. ) ;
#185 = CYLINDRICAL_SURFACE ( 'NONE', #4664, 0.06999999999999996500 ) ;
#186 = ORIENTED_EDGE ( 'NONE', *, *, #3994, .T. ) ;
#187 = EDGE_CURVE ( 'NONE', #4369, #1998, #3881, .T. ) ;
#188 = DIRECTION ( 'NONE',  ( 0.0000000000000000000, 1.000000000000000000, 0.0000000000000000000 ) ) ;
#189 = EDGE_LOOP ( 'NONE', ( #3056, #481, #2491, #4063 ) ) ;
#190 = DIRECTION ( 'NONE',  ( -1.000000000000000000, 0.0000000000000000000, 4.613626265895763100E-016 ) ) ;
#191 = VECTOR ( 'NONE', #1540, 1000.000000000000000 ) ;
#192 = VERTEX_POINT ( 'NONE', #3372 ) ;
#193 = CARTESIAN_POINT ( 'NONE',  ( 1.800000000000000500, 0.2000000000000000100, 2.250000000000000400 ) ) ;
#194 = ORIENTED_EDGE ( 'NONE', *, *, #1924, .F. ) ;
#195 = VECTOR ( 'NONE', #2504, 1000.000000000000000 ) ;
#196 = STYLED_ITEM ( 'NONE', ( #3209 ), #1068 ) ;
#197 = CARTESIAN_POINT ( 'NONE',  ( 2.010000000000000700, 0.2000000000000000100, -2.000000000000000400 ) ) ;
#198 = EDGE_LOOP ( 'NONE', ( #3894, #2956, #2281, #3187, #3710, #4015, #491, #3429, #653, #2302, #157, #1707, #2549, #2416, #3737, #4726 ) ) ;
#199 = FACE_OUTER_BOUND ( 'NONE', #781, .T. ) ;
#200 = CARTESIAN_POINT ( 'NONE',  ( -1.250000000000000200, -0.02500000000000000100, -2.800000000000000300 ) ) ;
#201 = DIRECTION ( 'NONE',  ( 0.0000000000000000000, 0.0000000000000000000, 1.000000000000000000 ) ) ;
#202 = SURFACE_STYLE_USAGE ( .BOTH. , #2429 ) ;
#203 = ORIENTED_EDGE ( 'NONE', *, *, #3979, .T. ) ;
#204 = EDGE_CURVE ( 'NONE', #1274, #2607, #3264, .T. ) ;
#205 = CARTESIAN_POINT ( 'NONE',  ( -1.000000000000000000, 0.2000000000000000100, -2.070000000000001600 ) ) ;
#206 = ORIENTED_EDGE ( 'NONE', *, *, #953, .T. ) ;
#207 = DIRECTION ( 'NONE',  ( 0.0000000000000000000, 0.0000000000000000000, 1.000000000000000000 ) ) ;
#208 = FILL_AREA_STYLE ('',( #2048 ) ) ;
#209 = EDGE_CURVE ( 'NONE', #657, #4329, #4590, .T. ) ;
#210 = STYLED_ITEM ( 'NONE', ( #3260 ), #4112 ) ;
#211 = ORIENTED_EDGE ( 'NONE', *, *, #4703, .T. ) ;
#212 = DIRECTION ( 'NONE',  ( 1.000000000000000000, 0.0000000000000000000, -0.0000000000000000000 ) ) ;
#213 = DIRECTION ( 'NONE',  ( 0.0000000000000000000, 0.0000000000000000000, -1.000000000000000000 ) ) ;
#214 = DIRECTION ( 'NONE',  ( 0.0000000000000000000, 0.0000000000000000000, 1.000000000000000000 ) ) ;
#215 = VECTOR ( 'NONE', #97, 1000.000000000000000 ) ;
#216 = EDGE_CURVE ( 'NONE', #1972, #3167, #3663, .T. ) ;
#217 = LINE ( 'NONE', #276, #670 ) ;
#218 = CARTESIAN_POINT ( 'NONE',  ( 1.070000000000000700, 0.2000000000000000100, -1.100000000000000300 ) ) ;
#219 = FILL_AREA_STYLE_COLOUR ( '', #2299 ) ;
#220 = VECTOR ( 'NONE', #3823, 1000.000000000000000 ) ;
#221 = LINE ( 'NONE', #856, #979 ) ;
#222 = VECTOR ( 'NONE', #40, 1000.000000000000000 ) ;
#223 = DIRECTION ( 'NONE',  ( 1.000000000000000000, 0.0000000000000000000, 0.0000000000000000000 ) ) ;
#224 =( NAMED_UNIT ( * ) PLANE_ANGLE_UNIT ( ) SI_UNIT ( $, .RADIAN. ) );
#225 = DIRECTION ( 'NONE',  ( 0.0000000000000000000, 1.000000000000000000, 0.0000000000000000000 ) ) ;
#226 = VECTOR ( 'NONE', #2080, 1000.000000000000000 ) ;
#227 = LINE ( 'NONE', #1284, #1208 ) ;
#228 = PLANE ( 'NONE',  #2118 ) ;
#229 = ORIENTED_EDGE ( 'NONE', *, *, #864, .T. ) ;
#230 = CLOSED_SHELL ( 'NONE', ( #3347, #3396, #37, #669, #4017, #3944, #103, #3974, #439, #2679, #3388 ) ) ;
#231 = LINE ( 'NONE', #3595, #1264 ) ;
#232 = PLANE ( 'NONE',  #1007 ) ;
#233 = DIRECTION ( 'NONE',  ( -1.000000000000000000, 0.0000000000000000000, 0.0000000000000000000 ) ) ;
#234 = DIRECTION ( 'NONE',  ( -1.283079494065686400E-016, 0.0000000000000000000, -1.000000000000000000 ) ) ;
#235 = EDGE_CURVE ( 'NONE', #3692, #2941, #1621, .T. ) ;
#236 = AXIS2_PLACEMENT_3D ( 'NONE', #4226, #2026, #4606 ) ;
#237 = ORIENTED_EDGE ( 'NONE', *, *, #1346, .F. ) ;
#238 = VECTOR ( 'NONE', #553, 1000.000000000000000 ) ;
#239 = CARTESIAN_POINT ( 'NONE',  ( -1.070000000000000300, -0.02500000000000000100, -1.680000000000000800 ) ) ;
#240 = CARTESIAN_POINT ( 'NONE',  ( 1.250000000000000200, 0.2000000000000000100, -2.800000000000000300 ) ) ;
#241 = VERTEX_POINT ( 'NONE', #3322 ) ;
#242 = VECTOR ( 'NONE', #1231, 1000.000000000000000 ) ;
#243 = DIRECTION ( 'NONE',  ( 1.000000000000000000, 0.0000000000000000000, 0.0000000000000000000 ) ) ;
#244 =( LENGTH_UNIT ( ) NAMED_UNIT ( * ) SI_UNIT ( .MILLI., .METRE. ) );
#245 = EDGE_CURVE ( 'NONE', #1578, #1067, #341, .T. ) ;
#246 = DIRECTION ( 'NONE',  ( -0.0000000000000000000, 1.000000000000000000, -0.0000000000000000000 ) ) ;
#247 = ORIENTED_EDGE ( 'NONE', *, *, #1371, .T. ) ;
#248 = VECTOR ( 'NONE', #1325, 1000.000000000000000 ) ;
#249 = MECHANICAL_DESIGN_GEOMETRIC_PRESENTATION_REPRESENTATION (  '', ( #4082 ), #509 ) ;
#250 = ORIENTED_EDGE ( 'NONE', *, *, #1402, .T. ) ;
#251 = LINE ( 'NONE', #2983, #3807 ) ;
#252 = DIRECTION ( 'NONE',  ( -0.0000000000000000000, 1.000000000000000000, -0.0000000000000000000 ) ) ;
#253 = ORIENTED_EDGE ( 'NONE', *, *, #1634, .T. ) ;
#254 = FILL_AREA_STYLE ('',( #3488 ) ) ;
#255 = CLOSED_SHELL ( 'NONE', ( #3718, #1009, #4412, #2667, #775, #1760, #2512, #1606 ) ) ;
#256 = CARTESIAN_POINT ( 'NONE',  ( -1.070000000000000700, 0.2000000000000000100, -0.8500000000000004200 ) ) ;
#257 = DIRECTION ( 'NONE',  ( -0.0000000000000000000, 1.000000000000000000, -0.0000000000000000000 ) ) ;
#258 = EDGE_CURVE ( 'NONE', #3485, #2875, #2629, .T. ) ;
#259 = VERTEX_POINT ( 'NONE', #87 ) ;
#260 = MECHANICAL_DESIGN_GEOMETRIC_PRESENTATION_REPRESENTATION (  '', ( #4163 ), #517 ) ;
#261 = DIRECTION ( 'NONE',  ( 1.000000000000000000, -0.0000000000000000000, -0.0000000000000000000 ) ) ;
#262 = DIRECTION ( 'NONE',  ( 0.0000000000000000000, 0.0000000000000000000, 1.000000000000000000 ) ) ;
#263 = CARTESIAN_POINT ( 'NONE',  ( 2.010000000000000200, 0.2000000000000000100, 2.250000000000000400 ) ) ;
#264 = EDGE_CURVE ( 'NONE', #3685, #2995, #4114, .T. ) ;
#265 = UNCERTAINTY_MEASURE_WITH_UNIT (LENGTH_MEASURE( 1.000000000000000100E-005 ), #1715, 'distance_accuracy_value', 'NONE');
#266 = DIRECTION ( 'NONE',  ( 0.0000000000000000000, 0.0000000000000000000, -1.000000000000000000 ) ) ;
#267 = AXIS2_PLACEMENT_3D ( 'NONE', #2494, #1080, #672 ) ;
#268 = DIRECTION ( 'NONE',  ( -1.032573497605244000E-015, 0.0000000000000000000, -1.000000000000000000 ) ) ;
#269 = PLANE ( 'NONE',  #2420 ) ;
#270 = FACE_OUTER_BOUND ( 'NONE', #1037, .T. ) ;
#271 = CARTESIAN_POINT ( 'NONE',  ( 1.070000000000000100, 0.2000000000000000100, -2.130000000000000800 ) ) ;
#272 = LINE ( 'NONE', #4196, #4584 ) ;
#273 = VECTOR ( 'NONE', #1416, 1000.000000000000000 ) ;
#274 = VECTOR ( 'NONE', #2274, 1000.000000000000000 ) ;
#275 = ADVANCED_FACE ( 'NONE', ( #4338 ), #754, .F. ) ;
#276 = CARTESIAN_POINT ( 'NONE',  ( 2.010000000000000200, -0.02500000000000000100, 1.150000000000000100 ) ) ;
#277 = CARTESIAN_POINT ( 'NONE',  ( 0.2200000000000001700, 0.2000000000000000100, -1.320000000000000500 ) ) ;
#278 = DIRECTION ( 'NONE',  ( 1.000000000000000000, 0.0000000000000000000, -1.441758208092427000E-016 ) ) ;
#279 = VERTEX_POINT ( 'NONE', #1109 ) ;
#280 = FACE_OUTER_BOUND ( 'NONE', #1456, .T. ) ;
#281 = ORIENTED_EDGE ( 'NONE', *, *, #1409, .T. ) ;
#282 = DIRECTION ( 'NONE',  ( -0.0000000000000000000, 0.0000000000000000000, -1.000000000000000000 ) ) ;
#283 = VERTEX_POINT ( 'NONE', #2218 ) ;
#284 = FACE_OUTER_BOUND ( 'NONE', #3283, .T. ) ;
#285 = CARTESIAN_POINT ( 'NONE',  ( 1.000000000000000000, -0.02500000000000000100, -1.170000000000000800 ) ) ;
#286 = ORIENTED_EDGE ( 'NONE', *, *, #124, .F. ) ;
#287 = FACE_OUTER_BOUND ( 'NONE', #52, .T. ) ;
#288 = VERTEX_POINT ( 'NONE', #4394 ) ;
#289 = VECTOR ( 'NONE', #266, 1000.000000000000000 ) ;
#290 = EDGE_CURVE ( 'NONE', #350, #3529, #3775, .T. ) ;
#291 = PRESENTATION_LAYER_ASSIGNMENT (  '', '', ( #3099 ) ) ;
#292 = DIRECTION ( 'NONE',  ( 0.0000000000000000000, 1.000000000000000000, 0.0000000000000000000 ) ) ;
#293 = EDGE_LOOP ( 'NONE', ( #2933, #487, #2722, #542, #2186, #3176 ) ) ;
#294 = VECTOR ( 'NONE', #1733, 1000.000000000000000 ) ;
#295 = CARTESIAN_POINT ( 'NONE',  ( -1.070000000000000700, -0.02500000000000000100, -1.750000000000000700 ) ) ;
#296 = ORIENTED_EDGE ( 'NONE', *, *, #1463, .T. ) ;
#297 = VERTEX_POINT ( 'NONE', #2988 ) ;
#298 = EDGE_CURVE ( 'NONE', #3794, #4741, #4229, .T. ) ;
#299 = ORIENTED_EDGE ( 'NONE', *, *, #3352, .T. ) ;
#300 = DIRECTION ( 'NONE',  ( 0.0000000000000000000, 1.000000000000000000, 0.0000000000000000000 ) ) ;
#301 = FACE_OUTER_BOUND ( 'NONE', #2070, .T. ) ;
#302 = CARTESIAN_POINT ( 'NONE',  ( 1.070000000000000700, -0.02500000000000000100, -1.750000000000000700 ) ) ;
#303 = CARTESIAN_POINT ( 'NONE',  ( -1.800000000000000000, 0.2000000000000000100, -2.800000000000000300 ) ) ;
#304 = ORIENTED_EDGE ( 'NONE', *, *, #4627, .T. ) ;
#305 = VECTOR ( 'NONE', #3637, 1000.000000000000000 ) ;
#306 = ADVANCED_FACE ( 'NONE', ( #2682, #923 ), #4433, .F. ) ;
#307 = ORIENTED_EDGE ( 'NONE', *, *, #3412, .T. ) ;
#308 = DIRECTION ( 'NONE',  ( -1.000000000000000000, 0.0000000000000000000, 0.0000000000000000000 ) ) ;
#309 = DIRECTION ( 'NONE',  ( 0.0000000000000000000, 0.0000000000000000000, -1.000000000000000000 ) ) ;
#310 = ORIENTED_EDGE ( 'NONE', *, *, #3681, .T. ) ;
#311 = AXIS2_PLACEMENT_3D ( 'NONE', #3953, #665, #262 ) ;
#312 = CARTESIAN_POINT ( 'NONE',  ( 2.010000000000000200, 0.2000000000000000100, 2.250000000000000400 ) ) ;
#313 = DIRECTION ( 'NONE',  ( -1.000000000000000000, 0.0000000000000000000, -0.0000000000000000000 ) ) ;
#314 = PLANE ( 'NONE',  #2518 ) ;
#315 = DIRECTION ( 'NONE',  ( 0.0000000000000000000, -1.000000000000000000, -0.0000000000000000000 ) ) ;
#316 = ORIENTED_EDGE ( 'NONE', *, *, #4642, .F. ) ;
#317 = ORIENTED_EDGE ( 'NONE', *, *, #3771, .F. ) ;
#318 = CARTESIAN_POINT ( 'NONE',  ( -1.070000000000000700, -0.02500000000000000100, -1.100000000000000300 ) ) ;
#319 = DIRECTION ( 'NONE',  ( -0.0000000000000000000, 0.0000000000000000000, 1.000000000000000000 ) ) ;
#320 = EDGE_CURVE ( 'NONE', #4329, #3072, #1200, .T. ) ;
#321 =( GEOMETRIC_REPRESENTATION_CONTEXT ( 3 ) GLOBAL_UNCERTAINTY_ASSIGNED_CONTEXT ( ( #35 ) ) GLOBAL_UNIT_ASSIGNED_CONTEXT ( ( #167, #4214, #3101 ) ) REPRESENTATION_CONTEXT ( 'NONE', 'WORKASPACE' ) );
#322 = VECTOR ( 'NONE', #2884, 1000.000000000000000 ) ;
#323 = CARTESIAN_POINT ( 'NONE',  ( -1.250000000000000000, -0.02500000000000000100, -3.010000000000000200 ) ) ;
#324 = DIRECTION ( 'NONE',  ( 0.0000000000000000000, 1.000000000000000000, 0.0000000000000000000 ) ) ;
#325 =( NAMED_UNIT ( * ) PLANE_ANGLE_UNIT ( ) SI_UNIT ( $, .RADIAN. ) );
#326 = EDGE_CURVE ( 'NONE', #1356, #4710, #3149, .T. ) ;
#327 = CARTESIAN_POINT ( 'NONE',  ( 0.0000000000000000000, 0.2000000000000000100, 0.0000000000000000000 ) ) ;
#328 = AXIS2_PLACEMENT_3D ( 'NONE', #796, #4034, #4441 ) ;
#329 = VECTOR ( 'NONE', #2364, 1000.000000000000000 ) ;
#330 = DIRECTION ( 'NONE',  ( -4.613626265895764100E-016, 0.0000000000000000000, -1.000000000000000000 ) ) ;
#331 = DIRECTION ( 'NONE',  ( -0.0000000000000000000, 1.000000000000000000, -0.0000000000000000000 ) ) ;
#332 = ADVANCED_FACE ( 'NONE', ( #1777 ), #862, .F. ) ;
#333 = DIRECTION ( 'NONE',  ( 1.000000000000000000, 0.0000000000000000000, 1.971276677246390500E-015 ) ) ;
#334 = VECTOR ( 'NONE', #2709, 1000.000000000000000 ) ;
#335 = ORIENTED_EDGE ( 'NONE', *, *, #4167, .F. ) ;
#336 = VECTOR ( 'NONE', #2138, 1000.000000000000000 ) ;
#338 = DIRECTION ( 'NONE',  ( -0.0000000000000000000, 0.0000000000000000000, 1.000000000000000000 ) ) ;
#337 = LINE ( 'NONE', #1836, #867 ) ;
#339 = AXIS2_PLACEMENT_3D ( 'NONE', #2288, #3365, #1165 ) ;
#340 = CARTESIAN_POINT ( 'NONE',  ( 1.000000000000000000, -0.02500000000000000100, -1.229999999999999800 ) ) ;
#341 = CIRCLE ( 'NONE', #2455, 0.06999999999999999300 ) ;
#342 = FACE_OUTER_BOUND ( 'NONE', #2906, .T. ) ;
#343 = DIRECTION ( 'NONE',  ( 0.0000000000000000000, 0.0000000000000000000, 1.000000000000000000 ) ) ;
#344 = ORIENTED_EDGE ( 'NONE', *, *, #1983, .T. ) ;
#345 = ORIENTED_EDGE ( 'NONE', *, *, #1962, .F. ) ;
#346 = CARTESIAN_POINT ( 'NONE',  ( -2.010000000000000200, -0.02500000000000000100, -1.750000000000000700 ) ) ;
#347 = DIRECTION ( 'NONE',  ( 1.000000000000000000, 0.0000000000000000000, 0.0000000000000000000 ) ) ;
#348 = DIRECTION ( 'NONE',  ( 0.0000000000000000000, 0.0000000000000000000, 1.000000000000000000 ) ) ;
#349 = LINE ( 'NONE', #577, #2308 ) ;
#350 = VERTEX_POINT ( 'NONE', #4504 ) ;
#351 = LINE ( 'NONE', #2773, #1687 ) ;
#352 = DIRECTION ( 'NONE',  ( -1.000000000000000000, -0.0000000000000000000, -0.0000000000000000000 ) ) ;
#353 = CARTESIAN_POINT ( 'NONE',  ( 1.070000000000000100, -0.02500000000000000100, -2.450000000000000200 ) ) ;
#354 = CARTESIAN_POINT ( 'NONE',  ( -1.800000000000000000, -0.02500000000000000100, -2.800000000000000300 ) ) ;
#355 = EDGE_CURVE ( 'NONE', #778, #4058, #3719, .T. ) ;
#356 = ADVANCED_FACE ( 'NONE', ( #54 ), #1187, .F. ) ;
#357 = AXIS2_PLACEMENT_3D ( 'NONE', #11, #2571, #3682 ) ;
#358 = ORIENTED_EDGE ( 'NONE', *, *, #88, .F. ) ;
#359 = ORIENTED_EDGE ( 'NONE', *, *, #2932, .F. ) ;
#360 = CARTESIAN_POINT ( 'NONE',  ( -2.010000000000000200, 0.2000000000000000100, 0.9500000000000000700 ) ) ;
#361 = VECTOR ( 'NONE', #1973, 1000.000000000000000 ) ;
#362 = ORIENTED_EDGE ( 'NONE', *, *, #4450, .F. ) ;
#363 = CIRCLE ( 'NONE', #1338, 0.06999999999999996500 ) ;
#364 = DIRECTION ( 'NONE',  ( 0.0000000000000000000, 1.000000000000000000, 0.0000000000000000000 ) ) ;
#365 = EDGE_CURVE ( 'NONE', #1268, #3855, #3259, .T. ) ;
#366 = PLANE ( 'NONE',  #3785 ) ;
#367 = CARTESIAN_POINT ( 'NONE',  ( 1.250000000000000200, -0.02500000000000000100, -2.800000000000000300 ) ) ;
#368 = DIRECTION ( 'NONE',  ( 1.000000000000000000, 0.0000000000000000000, 4.613626265895763100E-016 ) ) ;
#369 = ORIENTED_EDGE ( 'NONE', *, *, #1663, .T. ) ;
#370 = LINE ( 'NONE', #1442, #4154 ) ;
#371 = ORIENTED_EDGE ( 'NONE', *, *, #2686, .T. ) ;
#372 = EDGE_CURVE ( 'NONE', #4157, #3455, #4053, .T. ) ;
#373 = ORIENTED_EDGE ( 'NONE', *, *, #2397, .T. ) ;
#374 = DIRECTION ( 'NONE',  ( 0.0000000000000000000, 0.0000000000000000000, 1.000000000000000000 ) ) ;
#375 = VERTEX_POINT ( 'NONE', #142 ) ;
#376 = CARTESIAN_POINT ( 'NONE',  ( -2.010000000000000200, -0.02500000000000000100, 2.250000000000000400 ) ) ;
#377 = CARTESIAN_POINT ( 'NONE',  ( -1.000000000000000200, -0.02500000000000000100, -0.7200000000000008600 ) ) ;
#378 = ORIENTED_EDGE ( 'NONE', *, *, #1955, .T. ) ;
#379 = DIRECTION ( 'NONE',  ( -0.0000000000000000000, 1.000000000000000000, -0.0000000000000000000 ) ) ;
#380 = EDGE_LOOP ( 'NONE', ( #1705, #3619, #1279, #1444 ) ) ;
#381 = CARTESIAN_POINT ( 'NONE',  ( -2.000000000000000000, 0.0000000000000000000, 3.000000000000000000 ) ) ;
#382 = DIRECTION ( 'NONE',  ( -0.0000000000000000000, -0.0000000000000000000, -1.000000000000000000 ) ) ;
#383 = ORIENTED_EDGE ( 'NONE', *, *, #3373, .F. ) ;
#384 = VERTEX_POINT ( 'NONE', #1592 ) ;
#385 = FACE_OUTER_BOUND ( 'NONE', #4388, .T. ) ;
#386 = AXIS2_PLACEMENT_3D ( 'NONE', #1248, #3083, #891 ) ;
#387 = DIRECTION ( 'NONE',  ( -1.000000000000000000, 0.0000000000000000000, 0.0000000000000000000 ) ) ;
#388 = CARTESIAN_POINT ( 'NONE',  ( -1.800000000000000000, 0.2000000000000000100, -2.800000000000000300 ) ) ;
#389 = VECTOR ( 'NONE', #572, 1000.000000000000000 ) ;
#390 = EDGE_CURVE ( 'NONE', #4403, #727, #4756, .T. ) ;
#391 = VECTOR ( 'NONE', #4132, 1000.000000000000000 ) ;
#392 = DIRECTION ( 'NONE',  ( 4.613626265895766000E-016, 0.0000000000000000000, 1.000000000000000000 ) ) ;
#393 = DIRECTION ( 'NONE',  ( 1.283079494065686400E-016, 0.0000000000000000000, -1.000000000000000000 ) ) ;
#394 = EDGE_CURVE ( 'NONE', #3181, #279, #675, .T. ) ;
#395 = DIRECTION ( 'NONE',  ( -0.0000000000000000000, -0.0000000000000000000, -1.000000000000000000 ) ) ;
#396 = LINE ( 'NONE', #1770, #2802 ) ;
#397 = VECTOR ( 'NONE', #3634, 1000.000000000000000 ) ;
#398 = CARTESIAN_POINT ( 'NONE',  ( -1.070000000000000700, 0.2000000000000000100, -0.6500000000000003600 ) ) ;
#399 = DIRECTION ( 'NONE',  ( 0.0000000000000000000, 0.0000000000000000000, 1.000000000000000000 ) ) ;
#400 = DIRECTION ( 'NONE',  ( 0.0000000000000000000, 0.0000000000000000000, 1.000000000000000000 ) ) ;
#401 = CARTESIAN_POINT ( 'NONE',  ( 1.800000000000000000, -0.02500000000000000100, -2.649999999999999900 ) ) ;
#402 = ORIENTED_EDGE ( 'NONE', *, *, #3084, .T. ) ;
#403 = ADVANCED_FACE ( 'NONE', ( #2745 ), #2685, .F. ) ;
#404 = VECTOR ( 'NONE', #3058, 1000.000000000000000 ) ;
#405 = SURFACE_STYLE_FILL_AREA ( #254 ) ;
#406 = ORIENTED_EDGE ( 'NONE', *, *, #1875, .T. ) ;
#407 = CIRCLE ( 'NONE', #570, 0.06999999999999996500 ) ;
#408 = ADVANCED_FACE ( 'NONE', ( #4643 ), #534, .F. ) ;
#409 = DIRECTION ( 'NONE',  ( -0.7071067811865490200, 0.0000000000000000000, -0.7071067811865460200 ) ) ;
#410 = DIRECTION ( 'NONE',  ( 0.0000000000000000000, 0.0000000000000000000, 1.000000000000000000 ) ) ;
#411 = VERTEX_POINT ( 'NONE', #3385 ) ;
#412 = CYLINDRICAL_SURFACE ( 'NONE', #3135, 0.06999999999999996500 ) ;
#413 = EDGE_LOOP ( 'NONE', ( #720, #4032, #4691, #2102 ) ) ;
#414 = VECTOR ( 'NONE', #3964, 1000.000000000000000 ) ;
#415 = PRODUCT ( 'MPM3650 (QFN-24)', 'MPM3650 (QFN-24)', '', ( #2025 ) ) ;
#416 = PLANE ( 'NONE',  #3292 ) ;
#417 = DIRECTION ( 'NONE',  ( -0.0000000000000000000, 1.000000000000000000, -0.0000000000000000000 ) ) ;
#418 = ORIENTED_EDGE ( 'NONE', *, *, #2632, .T. ) ;
#419 = VECTOR ( 'NONE', #2720, 1000.000000000000000 ) ;
#420 = CARTESIAN_POINT ( 'NONE',  ( 2.010000000000000200, 0.2000000000000000100, 0.3999999999999999700 ) ) ;
#421 = EDGE_CURVE ( 'NONE', #714, #3165, #4700, .T. ) ;
#422 = UNCERTAINTY_MEASURE_WITH_UNIT (LENGTH_MEASURE( 1.000000000000000100E-005 ), #777, 'distance_accuracy_value', 'NONE');
#423 = AXIS2_PLACEMENT_3D ( 'NONE', #2289, #506, #2653 ) ;
#424 = ORIENTED_EDGE ( 'NONE', *, *, #1746, .T. ) ;
#425 = VERTEX_POINT ( 'NONE', #2333 ) ;
#426 = CIRCLE ( 'NONE', #357, 0.06999999999999975700 ) ;
#427 = VERTEX_POINT ( 'NONE', #1980 ) ;
#428 = VERTEX_POINT ( 'NONE', #153 ) ;
#429 = EDGE_CURVE ( 'NONE', #4707, #1413, #3657, .T. ) ;
#430 = ORIENTED_EDGE ( 'NONE', *, *, #3285, .T. ) ;
#431 = CARTESIAN_POINT ( 'NONE',  ( -1.800000000000000500, -0.02500000000000000100, 2.250000000000000400 ) ) ;
#432 = FACE_OUTER_BOUND ( 'NONE', #1173, .T. ) ;
#433 = AXIS2_PLACEMENT_3D ( 'NONE', #3493, #1678, #4220 ) ;
#434 = CARTESIAN_POINT ( 'NONE',  ( -2.000000000000000000, 1.600000000000000100, 3.000000000000000000 ) ) ;
#435 = VERTEX_POINT ( 'NONE', #4155 ) ;
#436 = VERTEX_POINT ( 'NONE', #4523 ) ;
#437 = CARTESIAN_POINT ( 'NONE',  ( -1.070000000000000100, 0.2000000000000000100, -2.130000000000000800 ) ) ;
#438 = EDGE_CURVE ( 'NONE', #3165, #3115, #4463, .T. ) ;
#439 = ADVANCED_FACE ( 'NONE', ( #2290 ), #3129, .T. ) ;
#440 = CARTESIAN_POINT ( 'NONE',  ( -1.000000000000000000, -0.02500000000000000100, -2.700000000000001500 ) ) ;
#441 = FILL_AREA_STYLE ('',( #3409 ) ) ;
#442 = EDGE_LOOP ( 'NONE', ( #1221, #1278, #3160, #4551 ) ) ;
#443 = ORIENTED_EDGE ( 'NONE', *, *, #365, .T. ) ;
#444 = EDGE_LOOP ( 'NONE', ( #2472, #2440, #1653, #359, #2723, #1348 ) ) ;
#445 = CARTESIAN_POINT ( 'NONE',  ( 1.000000000000000200, -0.02500000000000000100, -0.3299999999999999000 ) ) ;
#446 = PLANE ( 'NONE',  #2009 ) ;
#447 = CARTESIAN_POINT ( 'NONE',  ( -1.000000000000000200, 0.2000000000000000100, -0.7200000000000008600 ) ) ;
#448 = CARTESIAN_POINT ( 'NONE',  ( -1.250000000000000000, 0.2000000000000000100, -3.010000000000000200 ) ) ;
#449 = CARTESIAN_POINT ( 'NONE',  ( 1.070000000000000300, 0.2000000000000000100, -0.2700000000000004600 ) ) ;
#450 = LINE ( 'NONE', #3048, #3255 ) ;
#451 = CARTESIAN_POINT ( 'NONE',  ( -1.250000000000000200, -0.02500000000000000100, -2.800000000000000300 ) ) ;
#452 = EDGE_CURVE ( 'NONE', #4329, #2496, #2222, .T. ) ;
#453 = AXIS2_PLACEMENT_3D ( 'NONE', #1932, #1218, #4533 ) ;
#454 = CARTESIAN_POINT ( 'NONE',  ( -1.000000000000001100, -0.02500000000000000100, 3.010000000000000200 ) ) ;
#455 = VECTOR ( 'NONE', #1329, 1000.000000000000000 ) ;
#456 = CARTESIAN_POINT ( 'NONE',  ( 1.070000000000000300, -0.02500000000000000100, -1.620000000000000600 ) ) ;
#457 = EDGE_CURVE ( 'NONE', #3468, #2554, #272, .T. ) ;
#458 = VECTOR ( 'NONE', #3306, 1000.000000000000000 ) ;
#459 = CIRCLE ( 'NONE', #3499, 0.07000000000000018700 ) ;
#460 = AXIS2_PLACEMENT_3D ( 'NONE', #907, #112, #503 ) ;
#461 = LINE ( 'NONE', #4071, #1676 ) ;
#462 = ADVANCED_FACE ( 'NONE', ( #2508 ), #2797, .F. ) ;
#463 = DIRECTION ( 'NONE',  ( -1.000000000000000000, 0.0000000000000000000, 0.0000000000000000000 ) ) ;
#464 = PLANE ( 'NONE',  #3739 ) ;
#465 = LINE ( 'NONE', #2902, #4183 ) ;
#466 = LINE ( 'NONE', #38, #1259 ) ;
#467 = LINE ( 'NONE', #1992, #3997 ) ;
#468 = CARTESIAN_POINT ( 'NONE',  ( -1.000000000000000200, 0.2000000000000000100, -0.2700000000000009100 ) ) ;
#469 = EDGE_CURVE ( 'NONE', #3468, #2672, #802, .T. ) ;
#470 = CARTESIAN_POINT ( 'NONE',  ( -1.070000000000000700, -0.02500000000000000100, -1.300000000000000300 ) ) ;
#471 = VERTEX_POINT ( 'NONE', #240 ) ;
#472 = VERTEX_POINT ( 'NONE', #3096 ) ;
#473 = VECTOR ( 'NONE', #1744, 1000.000000000000000 ) ;
#474 = CARTESIAN_POINT ( 'NONE',  ( -1.000000000000000000, 0.2000000000000000100, 2.799999999999999400 ) ) ;
#475 = CARTESIAN_POINT ( 'NONE',  ( 0.1500000000000001600, 0.2000000000000000100, -1.320000000000001000 ) ) ;
#476 = CARTESIAN_POINT ( 'NONE',  ( 1.000000000000000200, -0.02500000000000000100, -0.7799999999999999200 ) ) ;
#477 = VECTOR ( 'NONE', #234, 1000.000000000000000 ) ;
#478 = ORIENTED_EDGE ( 'NONE', *, *, #2564, .F. ) ;
#479 = VECTOR ( 'NONE', #3231, 1000.000000000000000 ) ;
#480 = CARTESIAN_POINT ( 'NONE',  ( -2.010000000000000200, 0.2000000000000000100, 0.1999999999999999300 ) ) ;
#482 = ORIENTED_EDGE ( 'NONE', *, *, #2155, .F. ) ;
#481 = ORIENTED_EDGE ( 'NONE', *, *, #3587, .T. ) ;
#483 = VERTEX_POINT ( 'NONE', #1651 ) ;
#484 = CYLINDRICAL_SURFACE ( 'NONE', #3852, 0.07000000000000018700 ) ;
#485 = CARTESIAN_POINT ( 'NONE',  ( -2.010000000000000200, -0.02500000000000000100, 0.9500000000000000700 ) ) ;
#486 = AXIS2_PLACEMENT_3D ( 'NONE', #3626, #4672, #4698 ) ;
#488 = VERTEX_POINT ( 'NONE', #4238 ) ;
#487 = ORIENTED_EDGE ( 'NONE', *, *, #3497, .T. ) ;
#489 = ORIENTED_EDGE ( 'NONE', *, *, #204, .T. ) ;
#490 = VECTOR ( 'NONE', #2827, 1000.000000000000000 ) ;
#491 = ORIENTED_EDGE ( 'NONE', *, *, #4719, .T. ) ;
#492 = ADVANCED_FACE ( 'NONE', ( #1139 ), #176, .T. ) ;
#493 = ORIENTED_EDGE ( 'NONE', *, *, #3190, .F. ) ;
#494 = ORIENTED_EDGE ( 'NONE', *, *, #2468, .T. ) ;
#495 = VECTOR ( 'NONE', #2385, 1000.000000000000000 ) ;
#496 = EDGE_CURVE ( 'NONE', #2944, #4324, #2916, .T. ) ;
#497 = CARTESIAN_POINT ( 'NONE',  ( 1.000000000000000200, 0.2000000000000000100, -0.7200000000000008600 ) ) ;
#498 = AXIS2_PLACEMENT_3D ( 'NONE', #2493, #621, #2093 ) ;
#499 = ORIENTED_EDGE ( 'NONE', *, *, #4033, .F. ) ;
#500 = CARTESIAN_POINT ( 'NONE',  ( -1.249999999999999800, 0.2000000000000000100, 2.799999999999999400 ) ) ;
#501 = CARTESIAN_POINT ( 'NONE',  ( 0.9999999999999997800, -0.02500000000000000100, -3.010000000000000200 ) ) ;
#502 = EDGE_CURVE ( 'NONE', #826, #1960, #1085, .T. ) ;
#503 = DIRECTION ( 'NONE',  ( 0.0000000000000000000, 0.0000000000000000000, 1.000000000000000000 ) ) ;
#504 = ORIENTED_EDGE ( 'NONE', *, *, #4635, .T. ) ;
#505 = ORIENTED_EDGE ( 'NONE', *, *, #2348, .F. ) ;
#506 = DIRECTION ( 'NONE',  ( -0.0000000000000000000, 1.000000000000000000, -0.0000000000000000000 ) ) ;
#507 =( NAMED_UNIT ( * ) PLANE_ANGLE_UNIT ( ) SI_UNIT ( $, .RADIAN. ) );
#508 = CLOSED_SHELL ( 'NONE', ( #4309, #3743, #1520, #741, #1083, #408, #3291, #2548 ) ) ;
#509 =( GEOMETRIC_REPRESENTATION_CONTEXT ( 3 ) GLOBAL_UNCERTAINTY_ASSIGNED_CONTEXT ( ( #3821 ) ) GLOBAL_UNIT_ASSIGNED_CONTEXT ( ( #4731, #2524, #4003 ) ) REPRESENTATION_CONTEXT ( 'NONE', 'WORKASPACE' ) );
#510 = CARTESIAN_POINT ( 'NONE',  ( 2.010000000000000200, -0.02500000000000000100, -0.6500000000000004700 ) ) ;
#511 = PLANE ( 'NONE',  #2880 ) ;
#512 = LINE ( 'NONE', #2403, #389 ) ;
#513 = SURFACE_STYLE_USAGE ( .BOTH. , #4162 ) ;
#514 = CARTESIAN_POINT ( 'NONE',  ( -1.500000000000000000, 1.600000000000000100, -2.500000000000000000 ) ) ;
#515 = LINE ( 'NONE', #4180, #3094 ) ;
#516 = EDGE_CURVE ( 'NONE', #4075, #4425, #3382, .T. ) ;
#517 =( GEOMETRIC_REPRESENTATION_CONTEXT ( 3 ) GLOBAL_UNCERTAINTY_ASSIGNED_CONTEXT ( ( #2469 ) ) GLOBAL_UNIT_ASSIGNED_CONTEXT ( ( #4747, #4311, #1784 ) ) REPRESENTATION_CONTEXT ( 'NONE', 'WORKASPACE' ) );
#518 = DIRECTION ( 'NONE',  ( -0.0000000000000000000, 1.000000000000000000, -0.0000000000000000000 ) ) ;
#519 = CARTESIAN_POINT ( 'NONE',  ( 2.010000000000000700, -0.02500000000000000100, -2.000000000000000400 ) ) ;
#520 = VECTOR ( 'NONE', #1806, 1000.000000000000000 ) ;
#521 = LINE ( 'NONE', #2024, #2045 ) ;
#522 = EDGE_CURVE ( 'NONE', #3192, #3642, #467, .T. ) ;
#523 = ORIENTED_EDGE ( 'NONE', *, *, #4466, .F. ) ;
#524 = LINE ( 'NONE', #3162, #1 ) ;
#525 = CARTESIAN_POINT ( 'NONE',  ( -1.800000000000000500, 0.2000000000000000100, 2.799999999999999400 ) ) ;
#526 = LINE ( 'NONE', #2212, #2367 ) ;
#527 = ORIENTED_EDGE ( 'NONE', *, *, #765, .T. ) ;
#528 = LINE ( 'NONE', #4749, #1269 ) ;
#529 = EDGE_CURVE ( 'NONE', #4510, #914, #227, .T. ) ;
#530 = ORIENTED_EDGE ( 'NONE', *, *, #2419, .F. ) ;
#531 = FACE_OUTER_BOUND ( 'NONE', #2697, .T. ) ;
#532 = ORIENTED_EDGE ( 'NONE', *, *, #1582, .T. ) ;
#533 = LINE ( 'NONE', #2837, #4299 ) ;
#534 = PLANE ( 'NONE',  #3778 ) ;
#535 = DIRECTION ( 'NONE',  ( 0.0000000000000000000, 1.000000000000000000, 0.0000000000000000000 ) ) ;
#536 = ORIENTED_EDGE ( 'NONE', *, *, #658, .T. ) ;
#537 = VECTOR ( 'NONE', #261, 1000.000000000000000 ) ;
#538 = PLANE ( 'NONE',  #2393 ) ;
#539 = EDGE_LOOP ( 'NONE', ( #1609, #1595, #1228, #1951 ) ) ;
#540 = LINE ( 'NONE', #4106, #4306 ) ;
#541 = CARTESIAN_POINT ( 'NONE',  ( -1.249999999999999800, 0.2000000000000000100, 2.799999999999999400 ) ) ;
#542 = ORIENTED_EDGE ( 'NONE', *, *, #667, .T. ) ;
#543 = ORIENTED_EDGE ( 'NONE', *, *, #3792, .T. ) ;
#544 = VERTEX_POINT ( 'NONE', #2752 ) ;
#545 = CARTESIAN_POINT ( 'NONE',  ( -2.010000000000000200, 0.2000000000000000100, -2.450000000000000200 ) ) ;
#546 = EDGE_CURVE ( 'NONE', #3410, #3568, #3617, .T. ) ;
#547 = ORIENTED_EDGE ( 'NONE', *, *, #2413, .F. ) ;
#548 = MECHANICAL_DESIGN_GEOMETRIC_PRESENTATION_REPRESENTATION (  '', ( #3099 ), #4374 ) ;
#549 = DIRECTION ( 'NONE',  ( -0.0000000000000000000, 1.000000000000000000, -0.0000000000000000000 ) ) ;
#550 =( NAMED_UNIT ( * ) PLANE_ANGLE_UNIT ( ) SI_UNIT ( $, .RADIAN. ) );
#551 = EDGE_LOOP ( 'NONE', ( #4001, #3763, #2110, #4599 ) ) ;
#552 = CARTESIAN_POINT ( 'NONE',  ( 1.070000000000000100, 0.2000000000000000100, -1.230000000000000400 ) ) ;
#553 = DIRECTION ( 'NONE',  ( -0.0000000000000000000, 1.000000000000000000, -0.0000000000000000000 ) ) ;
#554 = ORIENTED_EDGE ( 'NONE', *, *, #1642, .T. ) ;
#555 = EDGE_CURVE ( 'NONE', #350, #3431, #2517, .T. ) ;
#556 = ORIENTED_EDGE ( 'NONE', *, *, #3069, .F. ) ;
#557 = CARTESIAN_POINT ( 'NONE',  ( 1.800000000000000000, 0.2000000000000000100, -2.800000000000000300 ) ) ;
#558 = LINE ( 'NONE', #2209, #3491 ) ;
#559 = DIRECTION ( 'NONE',  ( -0.0000000000000000000, 1.000000000000000000, -0.0000000000000000000 ) ) ;
#560 = VECTOR ( 'NONE', #588, 1000.000000000000000 ) ;
#561 = CARTESIAN_POINT ( 'NONE',  ( -2.010000000000000200, -0.02500000000000000100, -2.200000000000000600 ) ) ;
#562 = MANIFOLD_SOLID_BREP ( 'Boss-Extrude2[6]', #1968 ) ;
#563 = DIRECTION ( 'NONE',  ( -0.0000000000000000000, 1.000000000000000000, -0.0000000000000000000 ) ) ;
#564 = VECTOR ( 'NONE', #3715, 1000.000000000000000 ) ;
#565 = CARTESIAN_POINT ( 'NONE',  ( 1.000000000000000000, 0.2000000000000000100, -1.170000000000000800 ) ) ;
#566 = CARTESIAN_POINT ( 'NONE',  ( 1.070000000000000700, 0.2000000000000000100, -1.300000000000000300 ) ) ;
#567 = EDGE_CURVE ( 'NONE', #706, #4582, #4236, .T. ) ;
#568 = PRESENTATION_STYLE_ASSIGNMENT (( #3992 ) ) ;
#569 = VECTOR ( 'NONE', #2970, 1000.000000000000000 ) ;
#570 = AXIS2_PLACEMENT_3D ( 'NONE', #2955, #417, #399 ) ;
#571 = ORIENTED_EDGE ( 'NONE', *, *, #502, .T. ) ;
#572 = DIRECTION ( 'NONE',  ( 0.0000000000000000000, 1.000000000000000000, 0.0000000000000000000 ) ) ;
#573 = PLANE ( 'NONE',  #3310 ) ;
#574 = ORIENTED_EDGE ( 'NONE', *, *, #4734, .F. ) ;
#575 = ORIENTED_EDGE ( 'NONE', *, *, #1746, .F. ) ;
#576 = VECTOR ( 'NONE', #123, 1000.000000000000000 ) ;
#577 = CARTESIAN_POINT ( 'NONE',  ( -1.000000000000000000, -0.02500000000000000100, 2.799999999999999400 ) ) ;
#578 = CARTESIAN_POINT ( 'NONE',  ( 1.070000000000000700, -0.02500000000000000100, -1.550000000000000500 ) ) ;
#579 = EDGE_CURVE ( 'NONE', #2995, #3017, #3444, .T. ) ;
#580 = CARTESIAN_POINT ( 'NONE',  ( 1.800000000000000500, -0.02500000000000000100, 0.3999999999999999100 ) ) ;
#581 = VECTOR ( 'NONE', #4151, 1000.000000000000000 ) ;
#582 = ORIENTED_EDGE ( 'NONE', *, *, #4703, .F. ) ;
#583 = ORIENTED_EDGE ( 'NONE', *, *, #4314, .F. ) ;
#584 = ORIENTED_EDGE ( 'NONE', *, *, #2365, .F. ) ;
#585 = FACE_OUTER_BOUND ( 'NONE', #635, .T. ) ;
#586 = ORIENTED_EDGE ( 'NONE', *, *, #755, .F. ) ;
#587 = DIRECTION ( 'NONE',  ( 1.000000000000000000, 0.0000000000000000000, 1.032573497605244000E-015 ) ) ;
#588 = DIRECTION ( 'NONE',  ( 0.0000000000000000000, 0.0000000000000000000, -1.000000000000000000 ) ) ;
#589 = ORIENTED_EDGE ( 'NONE', *, *, #3555, .F. ) ;
#590 = LINE ( 'NONE', #3107, #999 ) ;
#591 = SURFACE_STYLE_USAGE ( .BOTH. , #2036 ) ;
#592 = ORIENTED_EDGE ( 'NONE', *, *, #3044, .T. ) ;
#593 = LINE ( 'NONE', #497, #1529 ) ;
#594 = PLANE ( 'NONE',  #2535 ) ;
#595 = CARTESIAN_POINT ( 'NONE',  ( -2.010000000000000200, -0.02500000000000000100, 0.1999999999999999300 ) ) ;
#596 = DIRECTION ( 'NONE',  ( 0.0000000000000000000, 0.0000000000000000000, 1.000000000000000000 ) ) ;
#597 = ORIENTED_EDGE ( 'NONE', *, *, #4761, .F. ) ;
#598 = ORIENTED_EDGE ( 'NONE', *, *, #3524, .T. ) ;
#599 = ORIENTED_EDGE ( 'NONE', *, *, #3706, .F. ) ;
#600 = EDGE_CURVE ( 'NONE', #1844, #4116, #4472, .T. ) ;
#601 = DIRECTION ( 'NONE',  ( -0.0000000000000000000, 1.000000000000000000, -0.0000000000000000000 ) ) ;
#602 = EDGE_LOOP ( 'NONE', ( #424, #2651, #2015, #3228 ) ) ;
#603 = ORIENTED_EDGE ( 'NONE', *, *, #1843, .T. ) ;
#604 = DIRECTION ( 'NONE',  ( 0.0000000000000000000, 0.0000000000000000000, 1.000000000000000000 ) ) ;
#605 = CARTESIAN_POINT ( 'NONE',  ( -1.070000000000000700, -0.02500000000000000100, -1.100000000000000300 ) ) ;
#606 = EDGE_CURVE ( 'NONE', #3130, #483, #4525, .T. ) ;
#607 = AXIS2_PLACEMENT_3D ( 'NONE', #3205, #2434, #1130 ) ;
#608 = VERTEX_POINT ( 'NONE', #2461 ) ;
#609 = CARTESIAN_POINT ( 'NONE',  ( 0.1499999999999997400, -0.02500000000000000100, -3.010000000000000700 ) ) ;
#610 = ORIENTED_EDGE ( 'NONE', *, *, #172, .F. ) ;
#611 = LINE ( 'NONE', #3374, #3917 ) ;
#612 = EDGE_CURVE ( 'NONE', #4438, #3902, #1947, .T. ) ;
#613 = DIRECTION ( 'NONE',  ( 0.0000000000000000000, 0.0000000000000000000, 1.000000000000000000 ) ) ;
#614 = ORIENTED_EDGE ( 'NONE', *, *, #2016, .F. ) ;
#615 = LINE ( 'NONE', #1386, #1831 ) ;
#616 = CARTESIAN_POINT ( 'NONE',  ( 2.010000000000000200, -0.02500000000000000100, -1.100000000000000300 ) ) ;
#617 = DIRECTION ( 'NONE',  ( -0.0000000000000000000, 1.000000000000000000, -0.0000000000000000000 ) ) ;
#618 = PLANE ( 'NONE',  #2 ) ;
#619 = VECTOR ( 'NONE', #880, 1000.000000000000000 ) ;
#620 = DIRECTION ( 'NONE',  ( 0.0000000000000000000, 0.0000000000000000000, 1.000000000000000000 ) ) ;
#621 = DIRECTION ( 'NONE',  ( 0.0000000000000000000, 1.000000000000000000, 0.0000000000000000000 ) ) ;
#622 = VECTOR ( 'NONE', #2279, 1000.000000000000000 ) ;
#623 = AXIS2_PLACEMENT_3D ( 'NONE', #1015, #3562, #3909 ) ;
#624 = CARTESIAN_POINT ( 'NONE',  ( -2.010000000000000200, 0.2000000000000000100, -0.8500000000000005300 ) ) ;
#625 = VERTEX_POINT ( 'NONE', #263 ) ;
#626 = LINE ( 'NONE', #4328, #3051 ) ;
#627 = EDGE_CURVE ( 'NONE', #4477, #3463, #4346, .T. ) ;
#628 = AXIS2_PLACEMENT_3D ( 'NONE', #84, #3034, #2623 ) ;
#629 = VECTOR ( 'NONE', #1492, 1000.000000000000000 ) ;
#630 = ORIENTED_EDGE ( 'NONE', *, *, #2136, .T. ) ;
#631 = LINE ( 'NONE', #773, #4410 ) ;
#632 = CARTESIAN_POINT ( 'NONE',  ( -1.070000000000000700, -0.02500000000000000100, -0.6500000000000003600 ) ) ;
#633 = DIRECTION ( 'NONE',  ( 0.0000000000000000000, 0.0000000000000000000, 1.000000000000000000 ) ) ;
#634 = ORIENTED_EDGE ( 'NONE', *, *, #3497, .F. ) ;
#635 = EDGE_LOOP ( 'NONE', ( #3943, #663, #3272, #2658 ) ) ;
#636 = VECTOR ( 'NONE', #1365, 1000.000000000000000 ) ;
#637 = EDGE_CURVE ( 'NONE', #2948, #812, #2636, .T. ) ;
#638 = CARTESIAN_POINT ( 'NONE',  ( 2.010000000000000200, -0.02500000000000000100, -1.100000000000000300 ) ) ;
#639 = DIRECTION ( 'NONE',  ( 0.0000000000000000000, 0.0000000000000000000, 1.000000000000000000 ) ) ;
#640 = CARTESIAN_POINT ( 'NONE',  ( -1.000000000000000000, -0.02500000000000000100, -2.450000000000000200 ) ) ;
#641 = ORIENTED_EDGE ( 'NONE', *, *, #522, .F. ) ;
#642 = ORIENTED_EDGE ( 'NONE', *, *, #4227, .F. ) ;
#643 = CARTESIAN_POINT ( 'NONE',  ( -1.070000000000000700, 0.2000000000000000100, -1.550000000000000500 ) ) ;
#644 = DIRECTION ( 'NONE',  ( 0.0000000000000000000, 0.0000000000000000000, -1.000000000000000000 ) ) ;
#645 = VECTOR ( 'NONE', #3445, 1000.000000000000000 ) ;
#646 = AXIS2_PLACEMENT_3D ( 'NONE', #277, #2813, #666 ) ;
#647 = DIRECTION ( 'NONE',  ( -0.0000000000000000000, 1.000000000000000000, -0.0000000000000000000 ) ) ;
#648 = VERTEX_POINT ( 'NONE', #3892 ) ;
#649 = LINE ( 'NONE', #4455, #14 ) ;
#650 = DIRECTION ( 'NONE',  ( 0.0000000000000000000, 0.0000000000000000000, 1.000000000000000000 ) ) ;
#651 = CARTESIAN_POINT ( 'NONE',  ( -1.070000000000000700, -0.02500000000000000100, -0.4000000000000004100 ) ) ;
#652 = DIRECTION ( 'NONE',  ( 0.0000000000000000000, 0.0000000000000000000, 1.000000000000000000 ) ) ;
#653 = ORIENTED_EDGE ( 'NONE', *, *, #1006, .T. ) ;
#654 = LINE ( 'NONE', #863, #712 ) ;
#655 = ORIENTED_EDGE ( 'NONE', *, *, #1153, .F. ) ;
#656 = DIRECTION ( 'NONE',  ( 1.000000000000000000, 0.0000000000000000000, 0.0000000000000000000 ) ) ;
#657 = VERTEX_POINT ( 'NONE', #2845 ) ;
#658 = EDGE_CURVE ( 'NONE', #762, #288, #985, .T. ) ;
#659 = ORIENTED_EDGE ( 'NONE', *, *, #3966, .F. ) ;
#660 = AXIS2_PLACEMENT_3D ( 'NONE', #1635, #1299, #652 ) ;
#661 = DIRECTION ( 'NONE',  ( -1.000000000000000000, 0.0000000000000000000, 4.613626265895763100E-016 ) ) ;
#662 = ORIENTED_EDGE ( 'NONE', *, *, #3767, .F. ) ;
#663 = ORIENTED_EDGE ( 'NONE', *, *, #2166, .T. ) ;
#664 = ADVANCED_FACE ( 'NONE', ( #3883 ), #618, .T. ) ;
#665 = DIRECTION ( 'NONE',  ( -0.0000000000000000000, 1.000000000000000000, -0.0000000000000000000 ) ) ;
#666 = DIRECTION ( 'NONE',  ( 0.0000000000000000000, 0.0000000000000000000, 1.000000000000000000 ) ) ;
#667 = EDGE_CURVE ( 'NONE', #727, #1106, #738, .T. ) ;
#668 = DIRECTION ( 'NONE',  ( -1.000000000000000000, -0.0000000000000000000, -0.0000000000000000000 ) ) ;
#669 = ADVANCED_FACE ( 'NONE', ( #3782 ), #4694, .F. ) ;
#670 = VECTOR ( 'NONE', #4730, 1000.000000000000000 ) ;
#671 = DIRECTION ( 'NONE',  ( 0.0000000000000000000, 1.000000000000000000, 0.0000000000000000000 ) ) ;
#672 = DIRECTION ( 'NONE',  ( 0.0000000000000000000, 0.0000000000000000000, 1.000000000000000000 ) ) ;
#673 = EDGE_CURVE ( 'NONE', #58, #3309, #3504, .T. ) ;
#674 = CIRCLE ( 'NONE', #36, 0.06999999999999996500 ) ;
#675 = LINE ( 'NONE', #1620, #865 ) ;
#676 = DIRECTION ( 'NONE',  ( 1.000000000000000000, 0.0000000000000000000, 0.0000000000000000000 ) ) ;
#677 = LINE ( 'NONE', #1797, #336 ) ;
#678 = LINE ( 'NONE', #4736, #2918 ) ;
#679 = UNCERTAINTY_MEASURE_WITH_UNIT (LENGTH_MEASURE( 1.000000000000000100E-005 ), #947, 'distance_accuracy_value', 'NONE');
#680 = DIRECTION ( 'NONE',  ( 0.0000000000000000000, -1.000000000000000000, 0.0000000000000000000 ) ) ;
#681 = CARTESIAN_POINT ( 'NONE',  ( -0.3999999999999999700, -0.02500000000000000100, -3.010000000000000200 ) ) ;
#682 = CYLINDRICAL_SURFACE ( 'NONE', #3420, 0.06999999999999996500 ) ;
#683 = LINE ( 'NONE', #4557, #2458 ) ;
#684 = VECTOR ( 'NONE', #2541, 1000.000000000000000 ) ;
#685 = CARTESIAN_POINT ( 'NONE',  ( -1.000000000000000000, 0.2000000000000000100, -1.229999999999999800 ) ) ;
#686 = DIRECTION ( 'NONE',  ( 1.000000000000000000, -0.0000000000000000000, -1.734723475976805500E-015 ) ) ;
#687 = DIRECTION ( 'NONE',  ( -0.0000000000000000000, -0.0000000000000000000, -1.000000000000000000 ) ) ;
#688 = EDGE_CURVE ( 'NONE', #706, #1322, #4765, .T. ) ;
#689 = ORIENTED_EDGE ( 'NONE', *, *, #2788, .T. ) ;
#690 = ADVANCED_FACE ( 'NONE', ( #2690 ), #1038, .F. ) ;
#691 = VECTOR ( 'NONE', #2568, 1000.000000000000000 ) ;
#692 = DIRECTION ( 'NONE',  ( -1.000000000000000000, 0.0000000000000000000, -1.734723475976805500E-015 ) ) ;
#693 = DIRECTION ( 'NONE',  ( -1.000000000000000000, 0.0000000000000000000, 0.0000000000000000000 ) ) ;
#694 = VECTOR ( 'NONE', #3143, 1000.000000000000000 ) ;
#695 = ORIENTED_EDGE ( 'NONE', *, *, #658, .F. ) ;
#696 = VECTOR ( 'NONE', #2014, 1000.000000000000000 ) ;
#697 = ADVANCED_FACE ( 'NONE', ( #3267 ), #2143, .F. ) ;
#698 = EDGE_CURVE ( 'NONE', #3122, #3071, #1727, .T. ) ;
#699 = ORIENTED_EDGE ( 'NONE', *, *, #2567, .F. ) ;
#700 = ORIENTED_EDGE ( 'NONE', *, *, #1500, .F. ) ;
#701 = LINE ( 'NONE', #2692, #2588 ) ;
#702 = FILL_AREA_STYLE ('',( #1652 ) ) ;
#703 = ORIENTED_EDGE ( 'NONE', *, *, #529, .T. ) ;
#704 = DIRECTION ( 'NONE',  ( -0.0000000000000000000, 1.000000000000000000, -0.0000000000000000000 ) ) ;
#705 = EDGE_CURVE ( 'NONE', #4437, #852, #3325, .T. ) ;
#706 = VERTEX_POINT ( 'NONE', #1056 ) ;
#707 = LINE ( 'NONE', #2390, #4492 ) ;
#708 = CARTESIAN_POINT ( 'NONE',  ( 1.000000000000000200, -0.02500000000000000100, -0.7200000000000008600 ) ) ;
#709 = CARTESIAN_POINT ( 'NONE',  ( 2.010000000000000200, -0.02500000000000000100, 0.9500000000000000700 ) ) ;
#710 = CARTESIAN_POINT ( 'NONE',  ( -0.1500000000000001600, 0.2000000000000000100, -1.320000000000001000 ) ) ;
#711 = ORIENTED_EDGE ( 'NONE', *, *, #2534, .T. ) ;
#712 = VECTOR ( 'NONE', #1241, 1000.000000000000000 ) ;
#713 = MANIFOLD_SOLID_BREP ( 'Boss-Extrude2[5]', #1449 ) ;
#714 = VERTEX_POINT ( 'NONE', #734 ) ;
#715 = ORIENTED_EDGE ( 'NONE', *, *, #3971, .F. ) ;
#716 = ORIENTED_EDGE ( 'NONE', *, *, #3979, .F. ) ;
#717 = DIRECTION ( 'NONE',  ( 0.0000000000000000000, 0.0000000000000000000, 1.000000000000000000 ) ) ;
#718 = DIRECTION ( 'NONE',  ( -0.0000000000000000000, 0.0000000000000000000, -1.000000000000000000 ) ) ;
#719 = SURFACE_STYLE_USAGE ( .BOTH. , #41 ) ;
#720 = ORIENTED_EDGE ( 'NONE', *, *, #1190, .T. ) ;
#721 =( GEOMETRIC_REPRESENTATION_CONTEXT ( 3 ) GLOBAL_UNCERTAINTY_ASSIGNED_CONTEXT ( ( #909 ) ) GLOBAL_UNIT_ASSIGNED_CONTEXT ( ( #3008, #1911, #3040 ) ) REPRESENTATION_CONTEXT ( 'NONE', 'WORKASPACE' ) );
#722 = SURFACE_STYLE_USAGE ( .BOTH. , #3304 ) ;
#723 = CARTESIAN_POINT ( 'NONE',  ( -1.070000000000000700, 0.2000000000000000100, -2.200000000000001100 ) ) ;
#724 = ADVANCED_FACE ( 'NONE', ( #2804 ), #1072, .F. ) ;
#725 = CARTESIAN_POINT ( 'NONE',  ( 1.000000000000000200, -0.02500000000000000100, -0.2700000000000009100 ) ) ;
#726 = DIRECTION ( 'NONE',  ( 3.872150616019661300E-016, 0.0000000000000000000, 1.000000000000000000 ) ) ;
#727 = VERTEX_POINT ( 'NONE', #1435 ) ;
#728 = EDGE_CURVE ( 'NONE', #2159, #3016, #2747, .T. ) ;
#729 = ORIENTED_EDGE ( 'NONE', *, *, #735, .F. ) ;
#730 = CARTESIAN_POINT ( 'NONE',  ( 0.0000000000000000000, 0.2000000000000000100, 0.0000000000000000000 ) ) ;
#731 = CIRCLE ( 'NONE', #386, 0.07000000000000018700 ) ;
#732 = CARTESIAN_POINT ( 'NONE',  ( 1.000000000000000200, -0.02500000000000000100, -1.620000000000001200 ) ) ;
#733 = CARTESIAN_POINT ( 'NONE',  ( 2.010000000000000200, -0.02500000000000000100, -2.450000000000000200 ) ) ;
#734 = CARTESIAN_POINT ( 'NONE',  ( -2.000000000000000000, 1.600000000000000100, 3.000000000000000000 ) ) ;
#735 = EDGE_CURVE ( 'NONE', #1359, #3067, #1781, .T. ) ;
#736 = EDGE_LOOP ( 'NONE', ( #3678, #1548, #842, #2284 ) ) ;
#737 = LINE ( 'NONE', #2812, #1364 ) ;
#738 = CIRCLE ( 'NONE', #646, 0.06999999999999996500 ) ;
#739 = ORIENTED_EDGE ( 'NONE', *, *, #4335, .T. ) ;
#740 = LINE ( 'NONE', #2708, #3606 ) ;
#741 = ADVANCED_FACE ( 'NONE', ( #2292 ), #1489, .F. ) ;
#742 = LINE ( 'NONE', #1887, #2803 ) ;
#743 = VECTOR ( 'NONE', #2063, 1000.000000000000000 ) ;
#744 = ADVANCED_FACE ( 'NONE', ( #2986 ), #3721, .F. ) ;
#745 = VERTEX_POINT ( 'NONE', #3661 ) ;
#746 = FACE_OUTER_BOUND ( 'NONE', #539, .T. ) ;
#747 = CARTESIAN_POINT ( 'NONE',  ( -1.070000000000000300, -0.02500000000000000100, -0.2700000000000004600 ) ) ;
#748 = CARTESIAN_POINT ( 'NONE',  ( -2.010000000000000200, -0.02500000000000000100, -2.649999999999999900 ) ) ;
#749 = CARTESIAN_POINT ( 'NONE',  ( 2.010000000000000200, -0.02500000000000000100, -2.450000000000000200 ) ) ;
#750 = VECTOR ( 'NONE', #2953, 1000.000000000000000 ) ;
#751 = CLOSED_SHELL ( 'NONE', ( #4641, #690, #2520, #3668, #1575, #2851, #1296, #1921 ) ) ;
#752 = VECTOR ( 'NONE', #2239, 1000.000000000000000 ) ;
#753 = CARTESIAN_POINT ( 'NONE',  ( -0.1499999999999997400, -0.02500000000000000100, -3.010000000000000700 ) ) ;
#754 = PLANE ( 'NONE',  #3686 ) ;
#755 = EDGE_CURVE ( 'NONE', #4741, #3705, #1424, .T. ) ;
#756 = AXIS2_PLACEMENT_3D ( 'NONE', #3773, #3761, #1601 ) ;
#757 = VERTEX_POINT ( 'NONE', #2195 ) ;
#758 = CIRCLE ( 'NONE', #2305, 0.06999999999999996500 ) ;
#759 = EDGE_LOOP ( 'NONE', ( #2475, #4575, #1518, #582 ) ) ;
#760 = CIRCLE ( 'NONE', #1605, 0.06999999999999999300 ) ;
#761 = CARTESIAN_POINT ( 'NONE',  ( -0.2200000000000006100, -0.02500000000000000100, -1.250000000000000400 ) ) ;
#762 = VERTEX_POINT ( 'NONE', #4037 ) ;
#763 = LINE ( 'NONE', #4594, #1695 ) ;
#764 = CARTESIAN_POINT ( 'NONE',  ( 0.0000000000000000000, -0.02500000000000000100, 0.0000000000000000000 ) ) ;
#765 = EDGE_CURVE ( 'NONE', #3016, #2775, #3777, .T. ) ;
#766 = PRODUCT_DEFINITION_SHAPE ( 'NONE', 'NONE',  #4442 ) ;
#767 = CARTESIAN_POINT ( 'NONE',  ( 2.010000000000000200, -0.02500000000000000100, 0.1999999999999998700 ) ) ;
#768 = ADVANCED_FACE ( 'NONE', ( #4054 ), #1531, .T. ) ;
#769 = CARTESIAN_POINT ( 'NONE',  ( -1.000000000000000000, -0.02500000000000000100, 2.799999999999999400 ) ) ;
#770 = ORIENTED_EDGE ( 'NONE', *, *, #2632, .F. ) ;
#771 = DIRECTION ( 'NONE',  ( -1.000000000000000000, 0.0000000000000000000, 0.0000000000000000000 ) ) ;
#772 = CYLINDRICAL_SURFACE ( 'NONE', #2470, 0.07000000000000018700 ) ;
#773 = CARTESIAN_POINT ( 'NONE',  ( -1.000000000000000200, -0.02500000000000000100, -1.620000000000001200 ) ) ;
#774 = EDGE_CURVE ( 'NONE', #1819, #2421, #461, .T. ) ;
#775 = ADVANCED_FACE ( 'NONE', ( #3100 ), #804, .T. ) ;
#776 = EDGE_LOOP ( 'NONE', ( #2135, #3340, #1919, #1051 ) ) ;
#777 =( LENGTH_UNIT ( ) NAMED_UNIT ( * ) SI_UNIT ( .MILLI., .METRE. ) );
#778 = VERTEX_POINT ( 'NONE', #4424 ) ;
#779 = DIRECTION ( 'NONE',  ( 0.0000000000000000000, -1.000000000000000000, 0.0000000000000000000 ) ) ;
#780 = ORIENTED_EDGE ( 'NONE', *, *, #15, .F. ) ;
#781 = EDGE_LOOP ( 'NONE', ( #402, #1238, #3139, #2601 ) ) ;
#782 = ORIENTED_EDGE ( 'NONE', *, *, #705, .T. ) ;
#783 = CARTESIAN_POINT ( 'NONE',  ( 2.010000000000000200, 0.2000000000000000100, -0.6500000000000004700 ) ) ;
#784 = DIRECTION ( 'NONE',  ( -3.872150616019661800E-016, 0.0000000000000000000, 1.000000000000000000 ) ) ;
#785 = CARTESIAN_POINT ( 'NONE',  ( -1.070000000000000700, -0.02500000000000000100, -1.300000000000000300 ) ) ;
#786 = ORIENTED_EDGE ( 'NONE', *, *, #136, .F. ) ;
#787 = DIRECTION ( 'NONE',  ( 0.0000000000000000000, 1.000000000000000000, 0.0000000000000000000 ) ) ;
#788 = ORIENTED_EDGE ( 'NONE', *, *, #906, .T. ) ;
#789 = ADVANCED_FACE ( 'NONE', ( #4465 ), #4501, .T. ) ;
#790 = VERTEX_POINT ( 'NONE', #2652 ) ;
#791 = VECTOR ( 'NONE', #2831, 1000.000000000000000 ) ;
#792 = EDGE_CURVE ( 'NONE', #411, #2995, #3932, .T. ) ;
#793 = AXIS2_PLACEMENT_3D ( 'NONE', #1976, #1309, #2360 ) ;
#794 = DIRECTION ( 'NONE',  ( -0.0000000000000000000, 1.000000000000000000, -0.0000000000000000000 ) ) ;
#795 = DIRECTION ( 'NONE',  ( -0.0000000000000000000, -0.0000000000000000000, -1.000000000000000000 ) ) ;
#796 = CARTESIAN_POINT ( 'NONE',  ( -2.010000000000000200, -0.02500000000000000100, 0.3999999999999999100 ) ) ;
#797 = LINE ( 'NONE', #193, #455 ) ;
#798 = PLANE ( 'NONE',  #3538 ) ;
#799 = EDGE_CURVE ( 'NONE', #3911, #2163, #3261, .T. ) ;
#800 = DIRECTION ( 'NONE',  ( -0.0000000000000000000, 1.000000000000000000, 0.0000000000000000000 ) ) ;
#801 = DIRECTION ( 'NONE',  ( 0.0000000000000000000, 0.0000000000000000000, 1.000000000000000000 ) ) ;
#802 = LINE ( 'NONE', #2742, #220 ) ;
#803 = ORIENTED_EDGE ( 'NONE', *, *, #1787, .F. ) ;
#804 = CYLINDRICAL_SURFACE ( 'NONE', #3141, 0.06999999999999996500 ) ;
#805 = FILL_AREA_STYLE_COLOUR ( '', #4178 ) ;
#806 = CARTESIAN_POINT ( 'NONE',  ( 1.000000000000000000, -0.02500000000000000100, 2.799999999999999400 ) ) ;
#807 = DIRECTION ( 'NONE',  ( 1.000000000000000000, 0.0000000000000000000, -1.348510164782965800E-017 ) ) ;
#808 = CIRCLE ( 'NONE', #4289, 0.06999999999999996500 ) ;
#809 = FACE_OUTER_BOUND ( 'NONE', #602, .T. ) ;
#810 = CARTESIAN_POINT ( 'NONE',  ( -1.070000000000000300, -0.02500000000000000100, -1.680000000000000800 ) ) ;
#811 = DIRECTION ( 'NONE',  ( -0.0000000000000000000, 1.000000000000000000, -0.0000000000000000000 ) ) ;
#812 = VERTEX_POINT ( 'NONE', #2982 ) ;
#813 = CARTESIAN_POINT ( 'NONE',  ( 0.3999999999999999700, -0.02500000000000000100, -3.010000000000000200 ) ) ;
#814 = LINE ( 'NONE', #831, #3511 ) ;
#815 = ORIENTED_EDGE ( 'NONE', *, *, #216, .T. ) ;
#816 = DIRECTION ( 'NONE',  ( -0.0000000000000000000, -0.0000000000000000000, 1.000000000000000000 ) ) ;
#817 = DIRECTION ( 'NONE',  ( 0.0000000000000000000, 0.0000000000000000000, 1.000000000000000000 ) ) ;
#818 = ORIENTED_EDGE ( 'NONE', *, *, #1642, .F. ) ;
#819 = ORIENTED_EDGE ( 'NONE', *, *, #546, .T. ) ;
#820 = ADVANCED_FACE ( 'NONE', ( #2041 ), #416, .F. ) ;
#821 = DIRECTION ( 'NONE',  ( 1.000000000000000000, 0.0000000000000000000, 1.153406566473941500E-016 ) ) ;
#822 = ORIENTED_EDGE ( 'NONE', *, *, #502, .F. ) ;
#823 = DIRECTION ( 'NONE',  ( 2.405774051373161100E-016, 0.0000000000000000000, 1.000000000000000000 ) ) ;
#824 = EDGE_CURVE ( 'NONE', #1407, #2447, #4231, .T. ) ;
#825 = PRESENTATION_LAYER_ASSIGNMENT (  '', '', ( #4399 ) ) ;
#826 = VERTEX_POINT ( 'NONE', #98 ) ;
#827 = DIRECTION ( 'NONE',  ( -0.0000000000000000000, 1.000000000000000000, -0.0000000000000000000 ) ) ;
#828 = ORIENTED_EDGE ( 'NONE', *, *, #30, .T. ) ;
#829 = LINE ( 'NONE', #4405, #1283 ) ;
#830 = CARTESIAN_POINT ( 'NONE',  ( 1.000000000000000000, 0.2000000000000000100, 2.799999999999999400 ) ) ;
#831 = CARTESIAN_POINT ( 'NONE',  ( -0.3999999999999999700, -0.02500000000000000100, -3.010000000000000200 ) ) ;
#832 = EDGE_CURVE ( 'NONE', #3801, #2895, #3879, .T. ) ;
#833 = VERTEX_POINT ( 'NONE', #4460 ) ;
#834 = CARTESIAN_POINT ( 'NONE',  ( -0.9999999999999997800, -0.02500000000000000100, -3.010000000000000200 ) ) ;
#835 = VECTOR ( 'NONE', #3814, 1000.000000000000000 ) ;
#836 = CARTESIAN_POINT ( 'NONE',  ( -2.010000000000000200, -0.02500000000000000100, -2.649999999999999900 ) ) ;
#837 = CARTESIAN_POINT ( 'NONE',  ( -0.4000000000000003000, -0.02500000000000000100, -1.320000000000001000 ) ) ;
#838 = ORIENTED_EDGE ( 'NONE', *, *, #2264, .F. ) ;
#839 = DIRECTION ( 'NONE',  ( -0.0000000000000000000, 1.000000000000000000, 0.0000000000000000000 ) ) ;
#840 = CARTESIAN_POINT ( 'NONE',  ( 0.1499999999999997400, -0.02500000000000000100, -3.010000000000000700 ) ) ;
#841 = ORIENTED_EDGE ( 'NONE', *, *, #154, .T. ) ;
#842 = ORIENTED_EDGE ( 'NONE', *, *, #429, .T. ) ;
#843 = CARTESIAN_POINT ( 'NONE',  ( -2.010000000000000200, 0.2000000000000000100, 2.250000000000000400 ) ) ;
#844 = MECHANICAL_DESIGN_GEOMETRIC_PRESENTATION_REPRESENTATION (  '', ( #3448 ), #4519 ) ;
#845 = DIRECTION ( 'NONE',  ( 0.0000000000000000000, 1.000000000000000000, 0.0000000000000000000 ) ) ;
#846 = DIRECTION ( 'NONE',  ( 2.405774051373161100E-016, 0.0000000000000000000, 1.000000000000000000 ) ) ;
#847 = ORIENTED_EDGE ( 'NONE', *, *, #3465, .F. ) ;
#848 = ADVANCED_FACE ( 'NONE', ( #1315 ), #798, .F. ) ;
#849 = EDGE_LOOP ( 'NONE', ( #3242, #2224, #3515, #1869, #1120, #1527, #4141, #1587, #4592 ) ) ;
#850 = PLANE ( 'NONE',  #4729 ) ;
#851 = CARTESIAN_POINT ( 'NONE',  ( 1.070000000000000700, -0.02500000000000000100, -1.300000000000000300 ) ) ;
#852 = VERTEX_POINT ( 'NONE', #448 ) ;
#853 = ORIENTED_EDGE ( 'NONE', *, *, #3472, .F. ) ;
#854 = ADVANCED_FACE ( 'NONE', ( #1141 ), #1949, .F. ) ;
#855 = DIRECTION ( 'NONE',  ( -1.734723475976805500E-015, 0.0000000000000000000, 1.000000000000000000 ) ) ;
#856 = CARTESIAN_POINT ( 'NONE',  ( 2.010000000000000200, -0.02500000000000000100, -1.550000000000000500 ) ) ;
#857 = CARTESIAN_POINT ( 'NONE',  ( 1.070000000000000100, 0.2000000000000000100, -1.170000000000000200 ) ) ;
#858 = EDGE_CURVE ( 'NONE', #3463, #1321, #1260, .T. ) ;
#859 = AXIS2_PLACEMENT_3D ( 'NONE', #1357, #3900, #2456 ) ;
#860 = DIRECTION ( 'NONE',  ( -0.0000000000000000000, 1.000000000000000000, -0.0000000000000000000 ) ) ;
#862 = PLANE ( 'NONE',  #3915 ) ;
#861 = LINE ( 'NONE', #1372, #3712 ) ;
#863 = CARTESIAN_POINT ( 'NONE',  ( -1.800000000000000500, -0.02500000000000000100, 0.3999999999999999100 ) ) ;
#864 = EDGE_CURVE ( 'NONE', #1070, #1016, #337, .T. ) ;
#865 = VECTOR ( 'NONE', #2320, 1000.000000000000000 ) ;
#866 = VECTOR ( 'NONE', #1528, 1000.000000000000000 ) ;
#867 = VECTOR ( 'NONE', #1459, 1000.000000000000000 ) ;
#868 = CARTESIAN_POINT ( 'NONE',  ( 2.010000000000000200, -0.02500000000000000100, -0.2000000000000005400 ) ) ;
#869 = DIRECTION ( 'NONE',  ( -1.971276677246390800E-015, 0.0000000000000000000, -1.000000000000000000 ) ) ;
#870 = LINE ( 'NONE', #2241, #2750 ) ;
#871 = VERTEX_POINT ( 'NONE', #2563 ) ;
#872 = DIRECTION ( 'NONE',  ( -0.0000000000000000000, 1.000000000000000000, -0.0000000000000000000 ) ) ;
#873 = EDGE_CURVE ( 'NONE', #4482, #4257, #4758, .T. ) ;
#874 = DIRECTION ( 'NONE',  ( 0.0000000000000000000, 0.0000000000000000000, -1.000000000000000000 ) ) ;
#875 = DIRECTION ( 'NONE',  ( -0.0000000000000000000, -0.0000000000000000000, -1.000000000000000000 ) ) ;
#876 = EDGE_LOOP ( 'NONE', ( #3427, #4357, #3691, #4152 ) ) ;
#877 = FACE_OUTER_BOUND ( 'NONE', #1510, .T. ) ;
#878 = ORIENTED_EDGE ( 'NONE', *, *, #2275, .T. ) ;
#879 = ADVANCED_FACE ( 'NONE', ( #2800 ), #314, .F. ) ;
#880 = DIRECTION ( 'NONE',  ( -1.000000000000000000, 0.0000000000000000000, 0.0000000000000000000 ) ) ;
#881 = LINE ( 'NONE', #2436, #3565 ) ;
#882 = VERTEX_POINT ( 'NONE', #2937 ) ;
#883 = FACE_OUTER_BOUND ( 'NONE', #156, .T. ) ;
#884 = DIRECTION ( 'NONE',  ( 0.0000000000000000000, 1.000000000000000000, 0.0000000000000000000 ) ) ;
#885 = DIRECTION ( 'NONE',  ( -1.000000000000000000, 0.0000000000000000000, -2.581433744013110000E-016 ) ) ;
#886 = ORIENTED_EDGE ( 'NONE', *, *, #3465, .T. ) ;
#887 = VERTEX_POINT ( 'NONE', #4392 ) ;
#888 = VECTOR ( 'NONE', #1825, 1000.000000000000000 ) ;
#889 = PLANE ( 'NONE',  #2266 ) ;
#890 = ORIENTED_EDGE ( 'NONE', *, *, #44, .F. ) ;
#891 = DIRECTION ( 'NONE',  ( 0.0000000000000000000, 0.0000000000000000000, -1.000000000000000000 ) ) ;
#892 = PRESENTATION_LAYER_ASSIGNMENT (  '', '', ( #2439 ) ) ;
#893 = ORIENTED_EDGE ( 'NONE', *, *, #600, .T. ) ;
#894 = CARTESIAN_POINT ( 'NONE',  ( 1.070000000000000700, 0.2000000000000000100, -0.4000000000000004100 ) ) ;
#895 = CYLINDRICAL_SURFACE ( 'NONE', #3928, 0.06999999999999996500 ) ;
#896 = ORIENTED_EDGE ( 'NONE', *, *, #3644, .T. ) ;
#897 = CIRCLE ( 'NONE', #4538, 0.06999999999999999300 ) ;
#898 = DIRECTION ( 'NONE',  ( 1.000000000000000000, 0.0000000000000000000, 4.613626265895764100E-016 ) ) ;
#899 = EDGE_CURVE ( 'NONE', #3334, #436, #1203, .T. ) ;
#900 = DIRECTION ( 'NONE',  ( 1.000000000000000000, -0.0000000000000000000, 1.730109849710912800E-016 ) ) ;
#901 = AXIS2_PLACEMENT_3D ( 'NONE', #1796, #4386, #4322 ) ;
#902 = CARTESIAN_POINT ( 'NONE',  ( 1.000000000000000000, -0.02500000000000000100, -2.070000000000001600 ) ) ;
#903 = ORIENTED_EDGE ( 'NONE', *, *, #688, .T. ) ;
#904 = CARTESIAN_POINT ( 'NONE',  ( 2.010000000000000200, -0.02500000000000000100, -1.100000000000000300 ) ) ;
#905 = CARTESIAN_POINT ( 'NONE',  ( -2.010000000000000200, 0.2000000000000000100, -1.100000000000000300 ) ) ;
#906 = EDGE_CURVE ( 'NONE', #3583, #1908, #1088, .T. ) ;
#907 = CARTESIAN_POINT ( 'NONE',  ( -0.3300000000000001800, -0.02500000000000000100, -1.320000000000000500 ) ) ;
#908 = ORIENTED_EDGE ( 'NONE', *, *, #958, .F. ) ;
#909 = UNCERTAINTY_MEASURE_WITH_UNIT (LENGTH_MEASURE( 1.000000000000000100E-005 ), #3008, 'distance_accuracy_value', 'NONE');
#910 = ORIENTED_EDGE ( 'NONE', *, *, #2426, .T. ) ;
#911 = ORIENTED_EDGE ( 'NONE', *, *, #1252, .T. ) ;
#912 = DIRECTION ( 'NONE',  ( 0.0000000000000000000, -1.000000000000000000, 0.0000000000000000000 ) ) ;
#913 =( LENGTH_UNIT ( ) NAMED_UNIT ( * ) SI_UNIT ( .MILLI., .METRE. ) );
#914 = VERTEX_POINT ( 'NONE', #1063 ) ;
#915 = VECTOR ( 'NONE', #3019, 1000.000000000000000 ) ;
#916 = CARTESIAN_POINT ( 'NONE',  ( -2.010000000000000700, -0.02500000000000000100, -2.000000000000000400 ) ) ;
#917 = CARTESIAN_POINT ( 'NONE',  ( 1.800000000000000500, 0.2000000000000000100, 2.799999999999999400 ) ) ;
#918 = LINE ( 'NONE', #3891, #1665 ) ;
#919 = CARTESIAN_POINT ( 'NONE',  ( -1.070000000000000300, -0.02500000000000000100, -0.7800000000000004700 ) ) ;
#920 = EDGE_CURVE ( 'NONE', #1106, #3403, #3500, .T. ) ;
#921 = AXIS2_PLACEMENT_3D ( 'NONE', #1484, #24, #1163 ) ;
#922 = DIRECTION ( 'NONE',  ( 0.0000000000000000000, 1.000000000000000000, 0.0000000000000000000 ) ) ;
#923 = FACE_OUTER_BOUND ( 'NONE', #3744, .T. ) ;
#924 = LINE ( 'NONE', #710, #4464 ) ;
#925 = LINE ( 'NONE', #454, #1559 ) ;
#926 = EDGE_CURVE ( 'NONE', #3539, #19, #116, .T. ) ;
#927 = AXIS2_PLACEMENT_3D ( 'NONE', #2254, #1876, #2969 ) ;
#928 = PLANE ( 'NONE',  #4169 ) ;
#929 = VERTEX_POINT ( 'NONE', #2550 ) ;
#930 = UNCERTAINTY_MEASURE_WITH_UNIT (LENGTH_MEASURE( 1.000000000000000100E-005 ), #4334, 'distance_accuracy_value', 'NONE');
#931 = CIRCLE ( 'NONE', #3878, 0.07000000000000018700 ) ;
#932 = ORIENTED_EDGE ( 'NONE', *, *, #637, .T. ) ;
#933 = ORIENTED_EDGE ( 'NONE', *, *, #298, .T. ) ;
#934 = FACE_OUTER_BOUND ( 'NONE', #2689, .T. ) ;
#935 = EDGE_CURVE ( 'NONE', #3016, #3843, #4117, .T. ) ;
#936 = CARTESIAN_POINT ( 'NONE',  ( -1.800000000000000500, 0.2000000000000000100, 2.799999999999999400 ) ) ;
#937 = PLANE ( 'NONE',  #433 ) ;
#938 = VECTOR ( 'NONE', #190, 1000.000000000000000 ) ;
#939 = VERTEX_POINT ( 'NONE', #353 ) ;
#940 = VECTOR ( 'NONE', #2039, 1000.000000000000000 ) ;
#941 = DIRECTION ( 'NONE',  ( -1.000000000000000000, 0.0000000000000000000, -2.405774051373161100E-016 ) ) ;
#942 = DIRECTION ( 'NONE',  ( 0.0000000000000000000, 1.000000000000000000, 0.0000000000000000000 ) ) ;
#943 = CARTESIAN_POINT ( 'NONE',  ( 1.800000000000000500, -0.02500000000000000100, 2.250000000000000400 ) ) ;
#944 = ORIENTED_EDGE ( 'NONE', *, *, #4663, .T. ) ;
#945 = VECTOR ( 'NONE', #3428, 1000.000000000000000 ) ;
#946 = MECHANICAL_DESIGN_GEOMETRIC_PRESENTATION_REPRESENTATION (  '', ( #196 ), #3956 ) ;
#947 =( LENGTH_UNIT ( ) NAMED_UNIT ( * ) SI_UNIT ( .MILLI., .METRE. ) );
#948 = DIRECTION ( 'NONE',  ( -0.0000000000000000000, -0.0000000000000000000, 1.000000000000000000 ) ) ;
#949 = EDGE_LOOP ( 'NONE', ( #2438, #3, #2838, #2892 ) ) ;
#950 = ORIENTED_EDGE ( 'NONE', *, *, #4505, .F. ) ;
#951 = FILL_AREA_STYLE ('',( #3490 ) ) ;
#952 = VECTOR ( 'NONE', #3032, 1000.000000000000000 ) ;
#953 = EDGE_CURVE ( 'NONE', #2163, #4310, #3833, .T. ) ;
#954 = CARTESIAN_POINT ( 'NONE',  ( -1.070000000000000700, -0.02500000000000000100, -0.6500000000000003600 ) ) ;
#955 = ORIENTED_EDGE ( 'NONE', *, *, #1153, .T. ) ;
#956 = LINE ( 'NONE', #3825, #3474 ) ;
#957 = CARTESIAN_POINT ( 'NONE',  ( 2.000000000000000000, 0.0000000000000000000, 3.000000000000000000 ) ) ;
#958 = EDGE_CURVE ( 'NONE', #3293, #1692, #3613, .T. ) ;
#959 = ORIENTED_EDGE ( 'NONE', *, *, #2348, .T. ) ;
#960 = AXIS2_PLACEMENT_3D ( 'NONE', #4529, #2345, #1246 ) ;
#961 = DIRECTION ( 'NONE',  ( -0.0000000000000000000, 1.000000000000000000, -0.0000000000000000000 ) ) ;
#962 = SURFACE_SIDE_STYLE ('',( #3103 ) ) ;
#963 = ORIENTED_EDGE ( 'NONE', *, *, #3714, .F. ) ;
#964 = EDGE_CURVE ( 'NONE', #4310, #1407, #678, .T. ) ;
#965 = ORIENTED_EDGE ( 'NONE', *, *, #3275, .F. ) ;
#966 = ORIENTED_EDGE ( 'NONE', *, *, #529, .F. ) ;
#967 = CARTESIAN_POINT ( 'NONE',  ( 1.249999999999999800, 0.2000000000000000100, 3.010000000000000200 ) ) ;
#968 = LINE ( 'NONE', #2530, #322 ) ;
#969 = EDGE_LOOP ( 'NONE', ( #101, #2170, #4444, #2378 ) ) ;
#970 = CARTESIAN_POINT ( 'NONE',  ( 1.000000000000000200, -0.02500000000000000100, -0.3299999999999999000 ) ) ;
#971 = CARTESIAN_POINT ( 'NONE',  ( 1.800000000000000500, 0.2000000000000000100, 2.799999999999999400 ) ) ;
#972 = DIRECTION ( 'NONE',  ( 0.0000000000000000000, 0.0000000000000000000, 1.000000000000000000 ) ) ;
#973 = ORIENTED_EDGE ( 'NONE', *, *, #3433, .T. ) ;
#974 = CARTESIAN_POINT ( 'NONE',  ( 2.010000000000000200, -0.02500000000000000100, 2.250000000000000400 ) ) ;
#975 = DIRECTION ( 'NONE',  ( -1.000000000000000000, 0.0000000000000000000, -5.162867488026198100E-015 ) ) ;
#976 = AXIS2_PLACEMENT_3D ( 'NONE', #456, #2167, #1834 ) ;
#977 = ORIENTED_EDGE ( 'NONE', *, *, #735, .T. ) ;
#978 = ORIENTED_EDGE ( 'NONE', *, *, #1920, .T. ) ;
#979 = VECTOR ( 'NONE', #4513, 1000.000000000000000 ) ;
#980 = LINE ( 'NONE', #4109, #2160 ) ;
#981 = EDGE_CURVE ( 'NONE', #3165, #1408, #980, .T. ) ;
#982 = LINE ( 'NONE', #1461, #4234 ) ;
#983 = VECTOR ( 'NONE', #2691, 1000.000000000000000 ) ;
#984 = AXIS2_PLACEMENT_3D ( 'NONE', #834, #2270, #784 ) ;
#985 = LINE ( 'NONE', #1389, #4285 ) ;
#986 = DIRECTION ( 'NONE',  ( 0.0000000000000000000, 0.0000000000000000000, -1.000000000000000000 ) ) ;
#987 = EDGE_LOOP ( 'NONE', ( #1008, #3102, #2754, #1202, #2989, #3446 ) ) ;
#988 = VECTOR ( 'NONE', #4313, 1000.000000000000000 ) ;
#989 = CARTESIAN_POINT ( 'NONE',  ( 0.0000000000000000000, 0.0000000000000000000, 0.0000000000000000000 ) ) ;
#990 = EDGE_CURVE ( 'NONE', #1844, #648, #2859, .T. ) ;
#991 = ORIENTED_EDGE ( 'NONE', *, *, #4307, .T. ) ;
#992 = LINE ( 'NONE', #2428, #2051 ) ;
#993 = AXIS2_PLACEMENT_3D ( 'NONE', #2660, #1254, #4133 ) ;
#994 = CARTESIAN_POINT ( 'NONE',  ( 2.010000000000000200, -0.02500000000000000100, 0.1999999999999998700 ) ) ;
#995 = ORIENTED_EDGE ( 'NONE', *, *, #4365, .F. ) ;
#996 = VECTOR ( 'NONE', #948, 1000.000000000000000 ) ;
#997 = PLANE ( 'NONE',  #3984 ) ;
#998 = ORIENTED_EDGE ( 'NONE', *, *, #3127, .T. ) ;
#999 = VECTOR ( 'NONE', #188, 1000.000000000000000 ) ;
#1000 =( LENGTH_UNIT ( ) NAMED_UNIT ( * ) SI_UNIT ( .MILLI., .METRE. ) );
#1001 = ORIENTED_EDGE ( 'NONE', *, *, #3714, .T. ) ;
#1002 = FACE_OUTER_BOUND ( 'NONE', #3631, .T. ) ;
#1003 = CARTESIAN_POINT ( 'NONE',  ( -1.800000000000000500, -0.02500000000000000100, 2.799999999999999400 ) ) ;
#1004 = EDGE_LOOP ( 'NONE', ( #4181, #1298, #523, #1335 ) ) ;
#1005 = VERTEX_POINT ( 'NONE', #420 ) ;
#1006 = EDGE_CURVE ( 'NONE', #2181, #1352, #925, .T. ) ;
#1007 = AXIS2_PLACEMENT_3D ( 'NONE', #2841, #4264, #2104 ) ;
#1008 = ORIENTED_EDGE ( 'NONE', *, *, #4695, .F. ) ;
#1009 = ADVANCED_FACE ( 'NONE', ( #1837 ), #1909, .F. ) ;
#1010 = DIRECTION ( 'NONE',  ( 0.0000000000000000000, 0.0000000000000000000, 1.000000000000000000 ) ) ;
#1011 = EDGE_CURVE ( 'NONE', #2580, #1807, #56, .T. ) ;
#1012 = DIRECTION ( 'NONE',  ( 0.0000000000000000000, 1.000000000000000000, 0.0000000000000000000 ) ) ;
#1013 = AXIS2_PLACEMENT_3D ( 'NONE', #4052, #4462, #801 ) ;
#1014 = ORIENTED_EDGE ( 'NONE', *, *, #4473, .T. ) ;
#1015 = CARTESIAN_POINT ( 'NONE',  ( 1.070000000000000700, -0.02500000000000000100, -0.6500000000000003600 ) ) ;
#1016 = VERTEX_POINT ( 'NONE', #2596 ) ;
#1017 = DIRECTION ( 'NONE',  ( -1.000000000000000000, 0.0000000000000000000, 0.0000000000000000000 ) ) ;
#1018 = EDGE_CURVE ( 'NONE', #28, #4721, #2510, .T. ) ;
#1019 = CYLINDRICAL_SURFACE ( 'NONE', #311, 0.06999999999999975700 ) ;
#1020 = CARTESIAN_POINT ( 'NONE',  ( 0.2200000000000001700, 0.2000000000000000100, -1.320000000000000500 ) ) ;
#1021 = AXIS2_PLACEMENT_3D ( 'NONE', #3194, #3175, #4266 ) ;
#1022 = ORIENTED_EDGE ( 'NONE', *, *, #2443, .F. ) ;
#1023 = CARTESIAN_POINT ( 'NONE',  ( 1.070000000000000500, -0.02500000000000000100, -2.000000000000000900 ) ) ;
#1024 = VECTOR ( 'NONE', #3408, 1000.000000000000000 ) ;
#1026 = DIRECTION ( 'NONE',  ( 0.0000000000000000000, 0.0000000000000000000, 1.000000000000000000 ) ) ;
#1025 = VECTOR ( 'NONE', #1478, 1000.000000000000000 ) ;
#1027 = ADVANCED_FACE ( 'NONE', ( #4340 ), #1589, .T. ) ;
#1028 =( GEOMETRIC_REPRESENTATION_CONTEXT ( 3 ) GLOBAL_UNCERTAINTY_ASSIGNED_CONTEXT ( ( #2172 ) ) GLOBAL_UNIT_ASSIGNED_CONTEXT ( ( #1625, #1615, #149 ) ) REPRESENTATION_CONTEXT ( 'NONE', 'WORKASPACE' ) );
#1029 = CARTESIAN_POINT ( 'NONE',  ( -0.9999999999999997800, -0.02500000000000000100, -3.010000000000000200 ) ) ;
#1030 = EDGE_LOOP ( 'NONE', ( #4651, #599, #3451, #2495, #589, #4000, #3597, #780, #2253, #1491, #2736, #1701, #1159, #716, #2050, #2602 ) ) ;
#1031 = LINE ( 'NONE', #4290, #3558 ) ;
#1032 = VERTEX_POINT ( 'NONE', #4469 ) ;
#1033 = ADVANCED_FACE ( 'NONE', ( #270 ), #66, .F. ) ;
#1034 = DIRECTION ( 'NONE',  ( 0.0000000000000000000, 1.000000000000000000, 0.0000000000000000000 ) ) ;
#1035 = EDGE_CURVE ( 'NONE', #1356, #4503, #2631, .T. ) ;
#1036 = AXIS2_PLACEMENT_3D ( 'NONE', #2337, #3076, #885 ) ;
#1037 = EDGE_LOOP ( 'NONE', ( #3546, #2387, #3022, #3598 ) ) ;
#1038 = PLANE ( 'NONE',  #1138 ) ;
#1039 = DIRECTION ( 'NONE',  ( 0.0000000000000000000, 0.0000000000000000000, 1.000000000000000000 ) ) ;
#1041 = ORIENTED_EDGE ( 'NONE', *, *, #1256, .F. ) ;
#1040 = ORIENTED_EDGE ( 'NONE', *, *, #1225, .F. ) ;
#1042 = LINE ( 'NONE', #2359, #4297 ) ;
#1043 = ORIENTED_EDGE ( 'NONE', *, *, #2696, .T. ) ;
#1044 = EDGE_CURVE ( 'NONE', #1964, #3120, #4050, .T. ) ;
#1045 = DIRECTION ( 'NONE',  ( 0.0000000000000000000, 0.0000000000000000000, 1.000000000000000000 ) ) ;
#1046 = CARTESIAN_POINT ( 'NONE',  ( 2.010000000000000200, 0.2000000000000000100, -1.100000000000000300 ) ) ;
#1047 = DIRECTION ( 'NONE',  ( 0.0000000000000000000, 1.000000000000000000, 0.0000000000000000000 ) ) ;
#1048 = EDGE_LOOP ( 'NONE', ( #3758, #2817, #194, #4496 ) ) ;
#1049 = ORIENTED_EDGE ( 'NONE', *, *, #3307, .T. ) ;
#1050 = VERTEX_POINT ( 'NONE', #2216 ) ;
#1051 = ORIENTED_EDGE ( 'NONE', *, *, #728, .F. ) ;
#1052 = ORIENTED_EDGE ( 'NONE', *, *, #1907, .F. ) ;
#1053 = LINE ( 'NONE', #4005, #3121 ) ;
#1054 = CARTESIAN_POINT ( 'NONE',  ( 2.010000000000000200, 0.2000000000000000100, 0.1999999999999998700 ) ) ;
#1055 = CARTESIAN_POINT ( 'NONE',  ( 1.250000000000000000, -0.02500000000000000100, -3.010000000000000200 ) ) ;
#1056 = CARTESIAN_POINT ( 'NONE',  ( 1.070000000000000700, -0.02500000000000000100, -0.4000000000000004100 ) ) ;
#1057 = DIRECTION ( 'NONE',  ( -1.000000000000000000, 0.0000000000000000000, 0.0000000000000000000 ) ) ;
#1058 = VERTEX_POINT ( 'NONE', #440 ) ;
#1059 = FACE_OUTER_BOUND ( 'NONE', #1048, .T. ) ;
#1060 = AXIS2_PLACEMENT_3D ( 'NONE', #4680, #680, #1010 ) ;
#1061 = CARTESIAN_POINT ( 'NONE',  ( 1.070000000000000700, 0.2000000000000000100, -2.200000000000001100 ) ) ;
#1062 = CARTESIAN_POINT ( 'NONE',  ( 1.800000000000000000, 0.2000000000000000100, -2.649999999999999900 ) ) ;
#1063 = CARTESIAN_POINT ( 'NONE',  ( -2.010000000000000200, -0.02500000000000000100, 0.3999999999999999100 ) ) ;
#1064 = ORIENTED_EDGE ( 'NONE', *, *, #2737, .T. ) ;
#1065 = CARTESIAN_POINT ( 'NONE',  ( 1.070000000000000100, -0.02500000000000000100, -1.170000000000000200 ) ) ;
#1066 = EDGE_CURVE ( 'NONE', #887, #2516, #2454, .T. ) ;
#1067 = VERTEX_POINT ( 'NONE', #3006 ) ;
#1068 = MANIFOLD_SOLID_BREP ( 'Mirror5[5]', #3108 ) ;
#1069 = AXIS2_PLACEMENT_3D ( 'NONE', #29, #3336, #3640 ) ;
#1070 = VERTEX_POINT ( 'NONE', #1135 ) ;
#1071 = DIRECTION ( 'NONE',  ( 0.0000000000000000000, 0.0000000000000000000, 1.000000000000000000 ) ) ;
#1072 = PLANE ( 'NONE',  #3110 ) ;
#1073 = EDGE_CURVE ( 'NONE', #483, #625, #4225, .T. ) ;
#1074 = DIRECTION ( 'NONE',  ( 2.168404344971008100E-015, 0.0000000000000000000, -1.000000000000000000 ) ) ;
#1075 = AXIS2_PLACEMENT_3D ( 'NONE', #1661, #4208, #4579 ) ;
#1076 = ORIENTED_EDGE ( 'NONE', *, *, #2805, .F. ) ;
#1077 = VECTOR ( 'NONE', #2327, 1000.000000000000000 ) ;
#1078 = CARTESIAN_POINT ( 'NONE',  ( -2.010000000000000200, -0.02500000000000000100, -0.2000000000000005400 ) ) ;
#1079 = DIRECTION ( 'NONE',  ( -2.405774051373161100E-016, -0.0000000000000000000, 1.000000000000000000 ) ) ;
#1080 = DIRECTION ( 'NONE',  ( 0.0000000000000000000, 1.000000000000000000, 0.0000000000000000000 ) ) ;
#1081 = AXIS2_PLACEMENT_3D ( 'NONE', #2503, #2860, #4326 ) ;
#1082 = FACE_OUTER_BOUND ( 'NONE', #2127, .T. ) ;
#1083 = ADVANCED_FACE ( 'NONE', ( #2352 ), #3379, .T. ) ;
#1084 = DIRECTION ( 'NONE',  ( -0.0000000000000000000, 0.0000000000000000000, -1.000000000000000000 ) ) ;
#1085 = LINE ( 'NONE', #545, #3876 ) ;
#1086 = DIRECTION ( 'NONE',  ( -2.405774051373161100E-016, -0.0000000000000000000, 1.000000000000000000 ) ) ;
#1087 = FACE_OUTER_BOUND ( 'NONE', #1411, .T. ) ;
#1088 = CIRCLE ( 'NONE', #4620, 0.06999999999999996500 ) ;
#1089 = CARTESIAN_POINT ( 'NONE',  ( -0.9999999999999997800, -0.02500000000000000100, -3.010000000000000200 ) ) ;
#1090 = VECTOR ( 'NONE', #3024, 1000.000000000000000 ) ;
#1091 = LINE ( 'NONE', #2591, #569 ) ;
#1092 = VECTOR ( 'NONE', #2448, 1000.000000000000000 ) ;
#1093 = DIRECTION ( 'NONE',  ( -1.000000000000000000, 0.0000000000000000000, 0.0000000000000000000 ) ) ;
#1094 = EDGE_CURVE ( 'NONE', #1533, #3522, #4580, .T. ) ;
#1095 = ORIENTED_EDGE ( 'NONE', *, *, #216, .F. ) ;
#1096 = LINE ( 'NONE', #3530, #3938 ) ;
#1097 = ORIENTED_EDGE ( 'NONE', *, *, #4093, .F. ) ;
#1098 = EDGE_CURVE ( 'NONE', #2017, #3297, #4110, .T. ) ;
#1099 = AXIS2_PLACEMENT_3D ( 'NONE', #1767, #2090, #3923 ) ;
#1100 = ADVANCED_FACE ( 'NONE', ( #1618 ), #3838, .F. ) ;
#1101 = ORIENTED_EDGE ( 'NONE', *, *, #2878, .T. ) ;
#1102 = LINE ( 'NONE', #445, #9 ) ;
#1103 = CARTESIAN_POINT ( 'NONE',  ( -1.800000000000000000, -0.02500000000000000100, -2.649999999999999900 ) ) ;
#1104 = PLANE ( 'NONE',  #4689 ) ;
#1105 = EDGE_CURVE ( 'NONE', #288, #4503, #4282, .T. ) ;
#1106 = VERTEX_POINT ( 'NONE', #3812 ) ;
#1107 = LINE ( 'NONE', #2795, #2945 ) ;
#1108 = DIRECTION ( 'NONE',  ( -0.0000000000000000000, 1.000000000000000000, -0.0000000000000000000 ) ) ;
#1109 = CARTESIAN_POINT ( 'NONE',  ( 1.000000000000000000, -0.02500000000000000100, 3.010000000000000200 ) ) ;
#1110 = CARTESIAN_POINT ( 'NONE',  ( -1.000000000000000000, -0.02500000000000000100, -1.170000000000000800 ) ) ;
#1111 = ORIENTED_EDGE ( 'NONE', *, *, #4274, .T. ) ;
#1112 = VERTEX_POINT ( 'NONE', #2727 ) ;
#1113 = VECTOR ( 'NONE', #1490, 1000.000000000000000 ) ;
#1114 = EDGE_LOOP ( 'NONE', ( #1097, #286, #4077, #4428 ) ) ;
#1115 = ORIENTED_EDGE ( 'NONE', *, *, #3830, .F. ) ;
#1116 = CARTESIAN_POINT ( 'NONE',  ( 1.000000000000000000, -0.02500000000000000100, -2.450000000000000200 ) ) ;
#1117 = CARTESIAN_POINT ( 'NONE',  ( -1.800000000000000500, 0.2000000000000000100, 0.9500000000000000700 ) ) ;
#1118 = DIRECTION ( 'NONE',  ( -0.0000000000000000000, -0.0000000000000000000, 1.000000000000000000 ) ) ;
#1119 = CARTESIAN_POINT ( 'NONE',  ( 2.010000000000000200, -0.02500000000000000100, -0.8500000000000005300 ) ) ;
#1120 = ORIENTED_EDGE ( 'NONE', *, *, #3442, .F. ) ;
#1121 = VERTEX_POINT ( 'NONE', #175 ) ;
#1122 = EDGE_LOOP ( 'NONE', ( #2763, #2664, #13, #2479 ) ) ;
#1123 = ORIENTED_EDGE ( 'NONE', *, *, #1256, .T. ) ;
#1124 = CARTESIAN_POINT ( 'NONE',  ( -1.070000000000000100, 0.2000000000000000100, -1.230000000000000400 ) ) ;
#1125 = ORIENTED_EDGE ( 'NONE', *, *, #3934, .T. ) ;
#1126 = EDGE_CURVE ( 'NONE', #3529, #1112, #4697, .T. ) ;
#1127 = LINE ( 'NONE', #1585, #162 ) ;
#1128 = ADVANCED_FACE ( 'NONE', ( #1194 ), #2319, .F. ) ;
#1129 = CARTESIAN_POINT ( 'NONE',  ( -1.070000000000000100, -0.02500000000000000100, -2.070000000000000700 ) ) ;
#1130 = DIRECTION ( 'NONE',  ( 0.0000000000000000000, 0.0000000000000000000, 1.000000000000000000 ) ) ;
#1131 = EDGE_CURVE ( 'NONE', #4420, #1058, #2625, .T. ) ;
#1132 = DIRECTION ( 'NONE',  ( 1.000000000000000000, 0.0000000000000000000, -0.0000000000000000000 ) ) ;
#1133 = DIRECTION ( 'NONE',  ( 0.0000000000000000000, 0.0000000000000000000, 1.000000000000000000 ) ) ;
#1134 = DIRECTION ( 'NONE',  ( 0.0000000000000000000, 1.000000000000000000, 0.0000000000000000000 ) ) ;
#1135 = CARTESIAN_POINT ( 'NONE',  ( 1.070000000000000700, -0.02500000000000000100, -1.100000000000000300 ) ) ;
#1137 = CARTESIAN_POINT ( 'NONE',  ( -1.249999999999999800, -0.02500000000000000100, 2.799999999999999400 ) ) ;
#1136 = FACE_OUTER_BOUND ( 'NONE', #3236, .T. ) ;
#1138 = AXIS2_PLACEMENT_3D ( 'NONE', #651, #1783, #2125 ) ;
#1139 = FACE_OUTER_BOUND ( 'NONE', #1282, .T. ) ;
#1140 = LINE ( 'NONE', #1583, #3150 ) ;
#1141 = FACE_OUTER_BOUND ( 'NONE', #3422, .T. ) ;
#1142 = CARTESIAN_POINT ( 'NONE',  ( -1.249999999999999800, -0.02500000000000000100, 3.010000000000000200 ) ) ;
#1143 = DIRECTION ( 'NONE',  ( 0.0000000000000000000, 1.000000000000000000, 0.0000000000000000000 ) ) ;
#1144 = ORIENTED_EDGE ( 'NONE', *, *, #2196, .F. ) ;
#1145 = ADVANCED_FACE ( 'NONE', ( #2852 ), #3779, .F. ) ;
#1146 = LINE ( 'NONE', #4273, #3886 ) ;
#1147 = ORIENTED_EDGE ( 'NONE', *, *, #3275, .T. ) ;
#1148 = DIRECTION ( 'NONE',  ( -0.0000000000000000000, -0.0000000000000000000, -1.000000000000000000 ) ) ;
#1149 = ORIENTED_EDGE ( 'NONE', *, *, #2680, .T. ) ;
#1150 = FACE_OUTER_BOUND ( 'NONE', #1604, .T. ) ;
#1151 = DIRECTION ( 'NONE',  ( -5.162867488026198100E-015, -0.0000000000000000000, 1.000000000000000000 ) ) ;
#1152 = CARTESIAN_POINT ( 'NONE',  ( 1.000000000000000200, -0.02500000000000000100, -0.7799999999999999200 ) ) ;
#1153 = EDGE_CURVE ( 'NONE', #1407, #2711, #515, .T. ) ;
#1154 = ORIENTED_EDGE ( 'NONE', *, *, #117, .F. ) ;
#1155 = VECTOR ( 'NONE', #3281, 1000.000000000000000 ) ;
#1156 = ORIENTED_EDGE ( 'NONE', *, *, #3738, .T. ) ;
#1157 = CARTESIAN_POINT ( 'NONE',  ( 0.9999999999999997800, -0.02500000000000000100, -3.010000000000000200 ) ) ;
#1158 = FILL_AREA_STYLE ('',( #4048 ) ) ;
#1159 = ORIENTED_EDGE ( 'NONE', *, *, #2656, .F. ) ;
#1160 = LINE ( 'NONE', #1483, #4661 ) ;
#1161 = PLANE ( 'NONE',  #3532 ) ;
#1162 = EDGE_CURVE ( 'NONE', #914, #1525, #4457, .T. ) ;
#1163 = DIRECTION ( 'NONE',  ( 0.0000000000000000000, 0.0000000000000000000, 1.000000000000000000 ) ) ;
#1164 = AXIS2_PLACEMENT_3D ( 'NONE', #1658, #4549, #3845 ) ;
#1165 = DIRECTION ( 'NONE',  ( 0.0000000000000000000, 0.0000000000000000000, 1.000000000000000000 ) ) ;
#1166 = CARTESIAN_POINT ( 'NONE',  ( 1.000000000000000200, -0.02500000000000000100, -0.2700000000000009100 ) ) ;
#1167 = ORIENTED_EDGE ( 'NONE', *, *, #2842, .T. ) ;
#1168 = CARTESIAN_POINT ( 'NONE',  ( 1.800000000000000000, -0.02500000000000000100, -2.800000000000000300 ) ) ;
#1169 = FACE_OUTER_BOUND ( 'NONE', #3026, .T. ) ;
#1170 = DIRECTION ( 'NONE',  ( 1.032573497605244000E-015, 0.0000000000000000000, -1.000000000000000000 ) ) ;
#1171 = DIRECTION ( 'NONE',  ( -0.0000000000000000000, 1.000000000000000000, -0.0000000000000000000 ) ) ;
#1172 = EDGE_CURVE ( 'NONE', #4215, #2421, #1368, .T. ) ;
#1173 = EDGE_LOOP ( 'NONE', ( #4632, #4212, #828, #4491 ) ) ;
#1174 = DIRECTION ( 'NONE',  ( 0.0000000000000000000, 0.0000000000000000000, 1.000000000000000000 ) ) ;
#1175 = CARTESIAN_POINT ( 'NONE',  ( -2.010000000000000200, 0.2000000000000000100, -0.6500000000000004700 ) ) ;
#1176 = ADVANCED_FACE ( 'NONE', ( #1136 ), #4558, .F. ) ;
#1177 = DIRECTION ( 'NONE',  ( -1.000000000000000000, 0.0000000000000000000, -0.0000000000000000000 ) ) ;
#1178 = ORIENTED_EDGE ( 'NONE', *, *, #755, .T. ) ;
#1179 = ADVANCED_FACE ( 'NONE', ( #2978 ), #4521, .F. ) ;
#1180 = PLANE ( 'NONE',  #2633 ) ;
#1181 = ORIENTED_EDGE ( 'NONE', *, *, #728, .T. ) ;
#1182 = PLANE ( 'NONE',  #756 ) ;
#1183 = EDGE_CURVE ( 'NONE', #2776, #1852, #1991, .T. ) ;
#1184 = ORIENTED_EDGE ( 'NONE', *, *, #1376, .T. ) ;
#1185 = AXIS2_PLACEMENT_3D ( 'NONE', #1748, #647, #613 ) ;
#1186 = DIRECTION ( 'NONE',  ( 0.0000000000000000000, 0.0000000000000000000, 1.000000000000000000 ) ) ;
#1187 = PLANE ( 'NONE',  #1648 ) ;
#1188 = PLANE ( 'NONE',  #2592 ) ;
#1189 = VECTOR ( 'NONE', #2866, 1000.000000000000000 ) ;
#1190 = EDGE_CURVE ( 'NONE', #608, #3811, #2217, .T. ) ;
#1191 = PRESENTATION_LAYER_ASSIGNMENT (  '', '', ( #210 ) ) ;
#1192 = CARTESIAN_POINT ( 'NONE',  ( 1.070000000000000100, -0.02500000000000000100, -2.520000000000000500 ) ) ;
#1193 = DIRECTION ( 'NONE',  ( -0.0000000000000000000, 1.000000000000000000, -0.0000000000000000000 ) ) ;
#1194 = FACE_OUTER_BOUND ( 'NONE', #189, .T. ) ;
#1195 = CARTESIAN_POINT ( 'NONE',  ( -2.010000000000000200, -0.02500000000000000100, -1.100000000000000300 ) ) ;
#1196 = DIRECTION ( 'NONE',  ( 1.000000000000000000, 0.0000000000000000000, 1.971276677246390800E-015 ) ) ;
#1197 = EDGE_CURVE ( 'NONE', #812, #129, #740, .T. ) ;
#1198 = CARTESIAN_POINT ( 'NONE',  ( -1.249999999999999800, -0.02500000000000000100, 3.010000000000000200 ) ) ;
#1199 = ORIENTED_EDGE ( 'NONE', *, *, #1105, .F. ) ;
#1200 = LINE ( 'NONE', #2295, #1993 ) ;
#1201 = LINE ( 'NONE', #2909, #3498 ) ;
#1202 = ORIENTED_EDGE ( 'NONE', *, *, #2506, .F. ) ;
#1203 = LINE ( 'NONE', #2576, #1025 ) ;
#1204 = ADVANCED_FACE ( 'NONE', ( #3827 ), #997, .F. ) ;
#1205 = CARTESIAN_POINT ( 'NONE',  ( 2.010000000000000200, -0.02500000000000000100, -0.6500000000000004700 ) ) ;
#1206 = CARTESIAN_POINT ( 'NONE',  ( 2.010000000000000200, 0.2000000000000000100, 1.150000000000000100 ) ) ;
#1207 = VECTOR ( 'NONE', #4511, 1000.000000000000000 ) ;
#1208 = VECTOR ( 'NONE', #3470, 1000.000000000000000 ) ;
#1209 = DIRECTION ( 'NONE',  ( 0.0000000000000000000, 0.0000000000000000000, 1.000000000000000000 ) ) ;
#1210 = ORIENTED_EDGE ( 'NONE', *, *, #4753, .F. ) ;
#1211 = DIRECTION ( 'NONE',  ( 0.0000000000000000000, 1.000000000000000000, 0.0000000000000000000 ) ) ;
#1212 = ORIENTED_EDGE ( 'NONE', *, *, #3378, .T. ) ;
#1213 = VECTOR ( 'NONE', #692, 1000.000000000000000 ) ;
#1214 = PLANE ( 'NONE',  #2600 ) ;
#1215 = ORIENTED_EDGE ( 'NONE', *, *, #1066, .F. ) ;
#1216 = VECTOR ( 'NONE', #352, 1000.000000000000000 ) ;
#1217 = AXIS2_PLACEMENT_3D ( 'NONE', #4685, #2480, #282 ) ;
#1218 = DIRECTION ( 'NONE',  ( -0.0000000000000000000, 1.000000000000000000, -0.0000000000000000000 ) ) ;
#1219 = CARTESIAN_POINT ( 'NONE',  ( 2.010000000000000200, 0.2000000000000000100, -0.2000000000000005400 ) ) ;
#1220 = ORIENTED_EDGE ( 'NONE', *, *, #1718, .F. ) ;
#1221 = ORIENTED_EDGE ( 'NONE', *, *, #4029, .T. ) ;
#1222 = LINE ( 'NONE', #994, #888 ) ;
#1223 = CARTESIAN_POINT ( 'NONE',  ( -1.250000000000000000, -0.02500000000000000100, -2.450000000000000200 ) ) ;
#1224 = CARTESIAN_POINT ( 'NONE',  ( -0.4000000000000001900, 0.2000000000000000100, -1.320000000000001000 ) ) ;
#1225 = EDGE_CURVE ( 'NONE', #4477, #757, #3716, .T. ) ;
#1226 = ADVANCED_FACE ( 'NONE', ( #49 ), #2418, .F. ) ;
#1227 = AXIS2_PLACEMENT_3D ( 'NONE', #3684, #704, #2913 ) ;
#1228 = ORIENTED_EDGE ( 'NONE', *, *, #2483, .F. ) ;
#1229 = EDGE_LOOP ( 'NONE', ( #1762, #1872, #1631, #4067, #4090, #4083 ) ) ;
#1230 = VECTOR ( 'NONE', #171, 1000.000000000000000 ) ;
#1231 = DIRECTION ( 'NONE',  ( -0.0000000000000000000, -0.0000000000000000000, -1.000000000000000000 ) ) ;
#1232 = ADVANCED_FACE ( 'NONE', ( #1773 ), #1693, .F. ) ;
#1233 = ORIENTED_EDGE ( 'NONE', *, *, #2908, .F. ) ;
#1234 = EDGE_CURVE ( 'NONE', #2711, #283, #674, .T. ) ;
#1235 = ORIENTED_EDGE ( 'NONE', *, *, #981, .T. ) ;
#1236 = DIRECTION ( 'NONE',  ( -0.0000000000000000000, -0.0000000000000000000, 1.000000000000000000 ) ) ;
#1237 = CARTESIAN_POINT ( 'NONE',  ( -2.010000000000000200, -0.02500000000000000100, -2.450000000000000200 ) ) ;
#1238 = ORIENTED_EDGE ( 'NONE', *, *, #4753, .T. ) ;
#1239 = AXIS2_PLACEMENT_3D ( 'NONE', #2235, #839, #3709 ) ;
#1240 = DIRECTION ( 'NONE',  ( 4.613626265895764100E-016, 0.0000000000000000000, -1.000000000000000000 ) ) ;
#1241 = DIRECTION ( 'NONE',  ( -0.0000000000000000000, 1.000000000000000000, -0.0000000000000000000 ) ) ;
#1242 = ORIENTED_EDGE ( 'NONE', *, *, #4542, .F. ) ;
#1243 = CARTESIAN_POINT ( 'NONE',  ( -0.1499999999999997400, 0.2000000000000000100, -3.010000000000000700 ) ) ;
#1244 = ORIENTED_EDGE ( 'NONE', *, *, #372, .F. ) ;
#1245 = CARTESIAN_POINT ( 'NONE',  ( -1.800000000000000500, -0.02500000000000000100, 2.799999999999999400 ) ) ;
#1246 = DIRECTION ( 'NONE',  ( 0.0000000000000000000, 0.0000000000000000000, -1.000000000000000000 ) ) ;
#1247 = ORIENTED_EDGE ( 'NONE', *, *, #2419, .T. ) ;
#1248 = CARTESIAN_POINT ( 'NONE',  ( 0.3300000000000001800, -0.02500000000000000100, -1.320000000000000500 ) ) ;
#1249 = ORIENTED_EDGE ( 'NONE', *, *, #3344, .F. ) ;
#1250 = LINE ( 'NONE', #434, #215 ) ;
#1251 = PLANE ( 'NONE',  #1503 ) ;
#1252 = EDGE_CURVE ( 'NONE', #2815, #2615, #2505, .T. ) ;
#1253 = AXIS2_PLACEMENT_3D ( 'NONE', #2589, #1132, #4445 ) ;
#1254 = DIRECTION ( 'NONE',  ( 0.0000000000000000000, -1.000000000000000000, 0.0000000000000000000 ) ) ;
#1255 = DIRECTION ( 'NONE',  ( 1.000000000000000000, 0.0000000000000000000, 0.0000000000000000000 ) ) ;
#1256 = EDGE_CURVE ( 'NONE', #3115, #3507, #1672, .T. ) ;
#1257 = CARTESIAN_POINT ( 'NONE',  ( -1.070000000000000700, -0.02500000000000000100, -0.2000000000000004300 ) ) ;
#1258 = VECTOR ( 'NONE', #4255, 1000.000000000000000 ) ;
#1259 = VECTOR ( 'NONE', #1901, 1000.000000000000000 ) ;
#1260 = LINE ( 'NONE', #605, #170 ) ;
#1261 = EDGE_CURVE ( 'NONE', #1016, #1681, #2401, .T. ) ;
#1262 = DIRECTION ( 'NONE',  ( 0.0000000000000000000, 0.0000000000000000000, 1.000000000000000000 ) ) ;
#1263 = ORIENTED_EDGE ( 'NONE', *, *, #3084, .F. ) ;
#1264 = VECTOR ( 'NONE', #2865, 1000.000000000000000 ) ;
#1265 = DIRECTION ( 'NONE',  ( 1.000000000000000000, 0.0000000000000000000, -1.734723475976805500E-015 ) ) ;
#1266 = CARTESIAN_POINT ( 'NONE',  ( -1.500000000000000000, 1.550000000000000300, -2.500000000000000000 ) ) ;
#1267 = CARTESIAN_POINT ( 'NONE',  ( -2.010000000000000200, -0.02500000000000000100, 0.9500000000000000700 ) ) ;
#1268 = VERTEX_POINT ( 'NONE', #4649 ) ;
#1269 = VECTOR ( 'NONE', #2546, 1000.000000000000000 ) ;
#1270 = DIRECTION ( 'NONE',  ( 2.168404344971008100E-015, 0.0000000000000000000, -1.000000000000000000 ) ) ;
#1271 = AXIS2_PLACEMENT_3D ( 'NONE', #2673, #1649, #152 ) ;
#1272 = CARTESIAN_POINT ( 'NONE',  ( -1.000000000000000200, 0.2000000000000000100, -0.2700000000000009100 ) ) ;
#1273 = UNCERTAINTY_MEASURE_WITH_UNIT (LENGTH_MEASURE( 1.000000000000000100E-005 ), #3919, 'distance_accuracy_value', 'NONE');
#1274 = VERTEX_POINT ( 'NONE', #2446 ) ;
#1275 = CYLINDRICAL_SURFACE ( 'NONE', #4514, 0.06999999999999996500 ) ;
#1276 = VERTEX_POINT ( 'NONE', #2021 ) ;
#1277 = LINE ( 'NONE', #3942, #1905 ) ;
#1278 = ORIENTED_EDGE ( 'NONE', *, *, #15, .T. ) ;
#1279 = ORIENTED_EDGE ( 'NONE', *, *, #3312, .F. ) ;
#1280 = ORIENTED_EDGE ( 'NONE', *, *, #2397, .F. ) ;
#1281 = DIRECTION ( 'NONE',  ( -0.0000000000000000000, 1.000000000000000000, -0.0000000000000000000 ) ) ;
#1282 = EDGE_LOOP ( 'NONE', ( #1212, #3972 ) ) ;
#1283 = VECTOR ( 'NONE', #382, 1000.000000000000000 ) ;
#1284 = CARTESIAN_POINT ( 'NONE',  ( -2.010000000000000200, -0.02500000000000000100, 0.3999999999999999100 ) ) ;
#1285 = EDGE_CURVE ( 'NONE', #625, #3410, #797, .T. ) ;
#1286 =( GEOMETRIC_REPRESENTATION_CONTEXT ( 3 ) GLOBAL_UNCERTAINTY_ASSIGNED_CONTEXT ( ( #3395 ) ) GLOBAL_UNIT_ASSIGNED_CONTEXT ( ( #244, #224, #3841 ) ) REPRESENTATION_CONTEXT ( 'NONE', 'WORKASPACE' ) );
#1287 = CARTESIAN_POINT ( 'NONE',  ( -2.000000000000000000, 1.600000000000000100, -3.000000000000000000 ) ) ;
#1288 = EDGE_LOOP ( 'NONE', ( #2671, #4692, #2099, #127, #3628, #4270 ) ) ;
#1289 = FACE_OUTER_BOUND ( 'NONE', #3136, .T. ) ;
#1290 = CARTESIAN_POINT ( 'NONE',  ( -1.070000000000000300, 0.2000000000000000100, -1.680000000000000800 ) ) ;
#1291 = EDGE_CURVE ( 'NONE', #2966, #4437, #918, .T. ) ;
#1292 = ORIENTED_EDGE ( 'NONE', *, *, #2086, .T. ) ;
#1293 = ORIENTED_EDGE ( 'NONE', *, *, #3671, .T. ) ;
#1294 = CARTESIAN_POINT ( 'NONE',  ( -1.000000000000000200, -0.02500000000000000100, -0.2700000000000009100 ) ) ;
#1295 = ORIENTED_EDGE ( 'NONE', *, *, #2264, .T. ) ;
#1296 = ADVANCED_FACE ( 'NONE', ( #1769 ), #2751, .F. ) ;
#1297 = CARTESIAN_POINT ( 'NONE',  ( 2.010000000000000200, -0.02500000000000000100, -0.6500000000000004700 ) ) ;
#1298 = ORIENTED_EDGE ( 'NONE', *, *, #1018, .T. ) ;
#1299 = DIRECTION ( 'NONE',  ( 0.0000000000000000000, 1.000000000000000000, 0.0000000000000000000 ) ) ;
#1300 = ORIENTED_EDGE ( 'NONE', *, *, #3792, .F. ) ;
#1301 = DIRECTION ( 'NONE',  ( 0.0000000000000000000, 1.000000000000000000, 0.0000000000000000000 ) ) ;
#1302 = PRODUCT_DEFINITION_CONTEXT ( 'detailed design', #4604, 'design' ) ;
#1303 = CARTESIAN_POINT ( 'NONE',  ( -1.800000000000000500, -0.02500000000000000100, 2.250000000000000400 ) ) ;
#1304 = LINE ( 'NONE', #2507, #3030 ) ;
#1305 = CARTESIAN_POINT ( 'NONE',  ( 1.070000000000000100, -0.02500000000000000100, -1.170000000000000200 ) ) ;
#1306 = ORIENTED_EDGE ( 'NONE', *, *, #2008, .F. ) ;
#1307 = CIRCLE ( 'NONE', #4245, 0.06999999999999996500 ) ;
#1308 = CARTESIAN_POINT ( 'NONE',  ( -1.000000000000000000, -0.02500000000000000100, -2.130000000000000300 ) ) ;
#1309 = DIRECTION ( 'NONE',  ( 0.0000000000000000000, -1.000000000000000000, 0.0000000000000000000 ) ) ;
#1310 = EDGE_CURVE ( 'NONE', #4710, #1660, #737, .T. ) ;
#1311 = DIRECTION ( 'NONE',  ( 0.0000000000000000000, 0.0000000000000000000, 1.000000000000000000 ) ) ;
#1312 = DIRECTION ( 'NONE',  ( 0.0000000000000000000, 1.000000000000000000, 0.0000000000000000000 ) ) ;
#1313 = VECTOR ( 'NONE', #4540, 1000.000000000000000 ) ;
#1314 = VECTOR ( 'NONE', #2513, 1000.000000000000000 ) ;
#1315 = FACE_OUTER_BOUND ( 'NONE', #3246, .T. ) ;
#1316 = FILL_AREA_STYLE_COLOUR ( '', #4002 ) ;
#1317 = EDGE_CURVE ( 'NONE', #1624, #3137, #512, .T. ) ;
#1318 = SURFACE_STYLE_USAGE ( .BOTH. , #2744 ) ;
#1319 = CIRCLE ( 'NONE', #4552, 0.06999999999999996500 ) ;
#1320 = CIRCLE ( 'NONE', #793, 0.07000000000000018700 ) ;
#1321 = VERTEX_POINT ( 'NONE', #2783 ) ;
#1322 = VERTEX_POINT ( 'NONE', #970 ) ;
#1323 = VECTOR ( 'NONE', #2887, 1000.000000000000000 ) ;
#1324 = AXIS2_PLACEMENT_3D ( 'NONE', #1930, #1513, #3401 ) ;
#1325 = DIRECTION ( 'NONE',  ( 0.0000000000000000000, 0.0000000000000000000, 1.000000000000000000 ) ) ;
#1326 = VECTOR ( 'NONE', #2033, 1000.000000000000000 ) ;
#1327 = ORIENTED_EDGE ( 'NONE', *, *, #4627, .F. ) ;
#1328 = LINE ( 'NONE', #609, #4717 ) ;
#1329 = DIRECTION ( 'NONE',  ( -1.000000000000000000, -0.0000000000000000000, -0.0000000000000000000 ) ) ;
#1330 = DIRECTION ( 'NONE',  ( 0.0000000000000000000, -1.000000000000000000, 0.0000000000000000000 ) ) ;
#1331 = ORIENTED_EDGE ( 'NONE', *, *, #2814, .T. ) ;
#1332 = CLOSED_SHELL ( 'NONE', ( #2964, #403, #4742, #4026, #4316, #3418, #275, #4122, #16, #2227, #1892, #4439, #4515, #69, #47, #462, #3009, #768 ) ) ;
#1333 = LINE ( 'NONE', #3393, #361 ) ;
#1334 = DIRECTION ( 'NONE',  ( 0.0000000000000000000, -1.000000000000000000, 0.0000000000000000000 ) ) ;
#1335 = ORIENTED_EDGE ( 'NONE', *, *, #2034, .F. ) ;
#1336 = FACE_OUTER_BOUND ( 'NONE', #759, .T. ) ;
#1337 = EDGE_CURVE ( 'NONE', #4438, #1359, #42, .T. ) ;
#1338 = AXIS2_PLACEMENT_3D ( 'NONE', #3123, #2738, #4176 ) ;
#1339 = DIRECTION ( 'NONE',  ( 0.0000000000000000000, 0.0000000000000000000, 1.000000000000000000 ) ) ;
#1340 = ORIENTED_EDGE ( 'NONE', *, *, #4605, .T. ) ;
#1341 = EDGE_LOOP ( 'NONE', ( #4069, #3484, #614, #3759 ) ) ;
#1342 = VECTOR ( 'NONE', #3269, 1000.000000000000000 ) ;
#1343 = CARTESIAN_POINT ( 'NONE',  ( 1.800000000000000500, 0.2000000000000000100, 0.9500000000000000700 ) ) ;
#1344 = ORIENTED_EDGE ( 'NONE', *, *, #824, .F. ) ;
#1345 = FILL_AREA_STYLE ('',( #219 ) ) ;
#1346 = EDGE_CURVE ( 'NONE', #2775, #2966, #2038, .T. ) ;
#1347 = ORIENTED_EDGE ( 'NONE', *, *, #1718, .T. ) ;
#1348 = ORIENTED_EDGE ( 'NONE', *, *, #2477, .F. ) ;
#1349 = DIRECTION ( 'NONE',  ( 0.0000000000000000000, 0.0000000000000000000, 1.000000000000000000 ) ) ;
#1350 = ORIENTED_EDGE ( 'NONE', *, *, #452, .T. ) ;
#1351 = CARTESIAN_POINT ( 'NONE',  ( -2.010000000000000200, -0.02500000000000000100, -0.4000000000000005800 ) ) ;
#1352 = VERTEX_POINT ( 'NONE', #2142 ) ;
#1353 = CARTESIAN_POINT ( 'NONE',  ( 0.1500000000000001600, -0.02500000000000000100, -1.320000000000001000 ) ) ;
#1354 = AXIS2_PLACEMENT_3D ( 'NONE', #640, #3213, #1017 ) ;
#1355 = CARTESIAN_POINT ( 'NONE',  ( 2.010000000000000200, -0.02500000000000000100, -1.300000000000000300 ) ) ;
#1356 = VERTEX_POINT ( 'NONE', #1297 ) ;
#1357 = CARTESIAN_POINT ( 'NONE',  ( -1.000000000000000200, -0.02500000000000000100, -0.7200000000000008600 ) ) ;
#1358 = DIRECTION ( 'NONE',  ( -1.000000000000000000, -0.0000000000000000000, -0.0000000000000000000 ) ) ;
#1359 = VERTEX_POINT ( 'NONE', #4693 ) ;
#1360 = VERTEX_POINT ( 'NONE', #4294 ) ;
#1361 = LINE ( 'NONE', #1195, #2282 ) ;
#1362 =( NAMED_UNIT ( * ) PLANE_ANGLE_UNIT ( ) SI_UNIT ( $, .RADIAN. ) );
#1363 = DIRECTION ( 'NONE',  ( -0.0000000000000000000, 1.000000000000000000, -0.0000000000000000000 ) ) ;
#1364 = VECTOR ( 'NONE', #1708, 1000.000000000000000 ) ;
#1365 = DIRECTION ( 'NONE',  ( -1.000000000000000000, 0.0000000000000000000, 0.0000000000000000000 ) ) ;
#1366 = AXIS2_PLACEMENT_3D ( 'NONE', #1574, #4134, #4094 ) ;
#1367 = DIRECTION ( 'NONE',  ( 0.0000000000000000000, 0.0000000000000000000, -1.000000000000000000 ) ) ;
#1368 = LINE ( 'NONE', #3467, #391 ) ;
#1369 = SURFACE_SIDE_STYLE ('',( #3116 ) ) ;
#1370 = ADVANCED_FACE ( 'NONE', ( #4389 ), #3249, .T. ) ;
#1371 = EDGE_CURVE ( 'NONE', #129, #4350, #217, .T. ) ;
#1372 = CARTESIAN_POINT ( 'NONE',  ( -2.010000000000000200, 0.2000000000000000100, 0.1999999999999999300 ) ) ;
#1373 = CARTESIAN_POINT ( 'NONE',  ( 1.070000000000000700, 0.2000000000000000100, -0.2000000000000004300 ) ) ;
#1374 = EDGE_LOOP ( 'NONE', ( #1350, #494, #3440, #4431 ) ) ;
#1375 = CIRCLE ( 'NONE', #3648, 0.06999999999999996500 ) ;
#1376 = EDGE_CURVE ( 'NONE', #4721, #544, #2849, .T. ) ;
#1377 = CARTESIAN_POINT ( 'NONE',  ( -1.070000000000000700, -0.02500000000000000100, -0.6500000000000003600 ) ) ;
#1378 = ORIENTED_EDGE ( 'NONE', *, *, #61, .F. ) ;
#1379 = VECTOR ( 'NONE', #795, 1000.000000000000000 ) ;
#1380 = FACE_OUTER_BOUND ( 'NONE', #3887, .T. ) ;
#1381 =( NAMED_UNIT ( * ) PLANE_ANGLE_UNIT ( ) SI_UNIT ( $, .RADIAN. ) );
#1382 = EDGE_LOOP ( 'NONE', ( #3951, #2382, #1040, #1923 ) ) ;
#1383 = CYLINDRICAL_SURFACE ( 'NONE', #498, 0.06999999999999996500 ) ;
#1384 = ADVANCED_FACE ( 'NONE', ( #3037 ), #3620, .F. ) ;
#1385 = ORIENTED_EDGE ( 'NONE', *, *, #3567, .F. ) ;
#1386 = CARTESIAN_POINT ( 'NONE',  ( -1.000000000000000000, 0.2000000000000000100, -2.450000000000000200 ) ) ;
#1387 = ORIENTED_EDGE ( 'NONE', *, *, #1225, .T. ) ;
#1388 = LINE ( 'NONE', #936, #2712 ) ;
#1389 = CARTESIAN_POINT ( 'NONE',  ( 1.070000000000000700, -0.02500000000000000100, -0.6500000000000003600 ) ) ;
#1390 = VERTEX_POINT ( 'NONE', #632 ) ;
#1391 = ORIENTED_EDGE ( 'NONE', *, *, #3223, .T. ) ;
#1392 = PLANE ( 'NONE',  #1712 ) ;
#1393 = CARTESIAN_POINT ( 'NONE',  ( 1.000000000000000000, -0.02500000000000000100, -2.450000000000000200 ) ) ;
#1394 = FILL_AREA_STYLE_COLOUR ( '', #2687 ) ;
#1395 = CARTESIAN_POINT ( 'NONE',  ( 1.800000000000000000, 0.2000000000000000100, -2.649999999999999900 ) ) ;
#1396 = EDGE_LOOP ( 'NONE', ( #3687, #815, #4615, #2693 ) ) ;
#1397 = ORIENTED_EDGE ( 'NONE', *, *, #3321, .F. ) ;
#1398 = EDGE_CURVE ( 'NONE', #3641, #3760, #3092, .T. ) ;
#1399 = ORIENTED_EDGE ( 'NONE', *, *, #3549, .T. ) ;
#1400 = DIRECTION ( 'NONE',  ( 1.000000000000000000, -0.0000000000000000000, -0.0000000000000000000 ) ) ;
#1401 = CARTESIAN_POINT ( 'NONE',  ( 2.010000000000000200, -0.02500000000000000100, 2.250000000000000400 ) ) ;
#1402 = EDGE_CURVE ( 'NONE', #1525, #2828, #861, .T. ) ;
#1403 = PRESENTATION_LAYER_ASSIGNMENT (  '', '', ( #4344 ) ) ;
#1404 = ORIENTED_EDGE ( 'NONE', *, *, #1517, .T. ) ;
#1405 = CARTESIAN_POINT ( 'NONE',  ( 2.010000000000000200, 0.2000000000000000100, 0.9500000000000000700 ) ) ;
#1406 = DIRECTION ( 'NONE',  ( 0.0000000000000000000, 0.0000000000000000000, 1.000000000000000000 ) ) ;
#1407 = VERTEX_POINT ( 'NONE', #3604 ) ;
#1408 = VERTEX_POINT ( 'NONE', #4341 ) ;
#1409 = EDGE_CURVE ( 'NONE', #3297, #826, #615, .T. ) ;
#1410 = MANIFOLD_SOLID_BREP ( 'Mirror5[1]', #3105 ) ;
#1411 = EDGE_LOOP ( 'NONE', ( #1812, #2335, #34, #2114, #335, #4129 ) ) ;
#1412 = ADVANCED_FACE ( 'NONE', ( #1082 ), #1019, .T. ) ;
#1413 = VERTEX_POINT ( 'NONE', #2874 ) ;
#1414 = LINE ( 'NONE', #733, #2399 ) ;
#1415 = PLANE ( 'NONE',  #3276 ) ;
#1416 = DIRECTION ( 'NONE',  ( -0.0000000000000000000, 1.000000000000000000, -0.0000000000000000000 ) ) ;
#1417 = FILL_AREA_STYLE ('',( #1800 ) ) ;
#1418 = DIRECTION ( 'NONE',  ( 0.0000000000000000000, 0.0000000000000000000, 1.000000000000000000 ) ) ;
#1419 = VECTOR ( 'NONE', #3156, 1000.000000000000000 ) ;
#1420 = PLANE ( 'NONE',  #3345 ) ;
#1421 = CARTESIAN_POINT ( 'NONE',  ( -0.2200000000000001700, -0.02500000000000000100, -1.320000000000000500 ) ) ;
#1422 = COLOUR_RGB ( '',1.000000000000000000, 1.000000000000000000, 1.000000000000000000 ) ;
#1423 = VECTOR ( 'NONE', #1193, 1000.000000000000000 ) ;
#1425 = CARTESIAN_POINT ( 'NONE',  ( -1.070000000000000700, -0.02500000000000000100, -0.4000000000000004100 ) ) ;
#1424 = LINE ( 'NONE', #381, #3041 ) ;
#1426 = EDGE_CURVE ( 'NONE', #1050, #4369, #2741, .T. ) ;
#1427 = AXIS2_PLACEMENT_3D ( 'NONE', #3987, #4327, #1074 ) ;
#1428 = FACE_OUTER_BOUND ( 'NONE', #2719, .T. ) ;
#1429 = CIRCLE ( 'NONE', #4637, 0.2000000000000000900 ) ;
#1430 = COLOUR_RGB ( '',0.7921568627450980000, 0.8196078431372548800, 0.9333333333333333500 ) ;
#1431 = EDGE_CURVE ( 'NONE', #4116, #2083, #3822, .T. ) ;
#1432 = MECHANICAL_DESIGN_GEOMETRIC_PRESENTATION_REPRESENTATION (  '', ( #210 ), #1698 ) ;
#1433 = ORIENTED_EDGE ( 'NONE', *, *, #2626, .T. ) ;
#1434 = FACE_OUTER_BOUND ( 'NONE', #3764, .T. ) ;
#1435 = CARTESIAN_POINT ( 'NONE',  ( 0.1500000000000001600, 0.2000000000000000100, -1.320000000000001000 ) ) ;
#1436 = CARTESIAN_POINT ( 'NONE',  ( 2.010000000000000200, -0.02500000000000000100, -2.649999999999999900 ) ) ;
#1437 = PRESENTATION_STYLE_ASSIGNMENT (( #2818 ) ) ;
#1438 = ORIENTED_EDGE ( 'NONE', *, *, #4335, .F. ) ;
#1439 = COLOUR_RGB ( '',0.7921568627450980000, 0.8196078431372548800, 0.9333333333333333500 ) ;
#1440 = FILL_AREA_STYLE_COLOUR ( '', #3674 ) ;
#1441 = EDGE_CURVE ( 'NONE', #3067, #4158, #3204, .T. ) ;
#1442 = CARTESIAN_POINT ( 'NONE',  ( 1.000000000000000200, 0.2000000000000000100, -1.620000000000001200 ) ) ;
#1443 = CARTESIAN_POINT ( 'NONE',  ( 2.010000000000000200, 0.2000000000000000100, -0.6500000000000004700 ) ) ;
#1444 = ORIENTED_EDGE ( 'NONE', *, *, #1809, .F. ) ;
#1445 = ORIENTED_EDGE ( 'NONE', *, *, #3134, .F. ) ;
#1446 = DIRECTION ( 'NONE',  ( 1.000000000000000000, -0.0000000000000000000, -1.348510164782965600E-017 ) ) ;
#1447 = FACE_OUTER_BOUND ( 'NONE', #3727, .T. ) ;
#1448 = DIRECTION ( 'NONE',  ( 0.0000000000000000000, -1.000000000000000000, 0.0000000000000000000 ) ) ;
#1449 = CLOSED_SHELL ( 'NONE', ( #4046, #2121, #3055, #1811, #2177, #1179, #1204, #4243 ) ) ;
#1450 = CYLINDRICAL_SURFACE ( 'NONE', #1185, 0.2000000000000000900 ) ;
#1451 = DIRECTION ( 'NONE',  ( 0.0000000000000000000, 0.0000000000000000000, 1.000000000000000000 ) ) ;
#1452 = ORIENTED_EDGE ( 'NONE', *, *, #3531, .F. ) ;
#1453 = CARTESIAN_POINT ( 'NONE',  ( 1.000000000000000000, -0.02500000000000000100, -2.070000000000001600 ) ) ;
#1454 = ORIENTED_EDGE ( 'NONE', *, *, #824, .T. ) ;
#1455 = VECTOR ( 'NONE', #3208, 1000.000000000000000 ) ;
#1456 = EDGE_LOOP ( 'NONE', ( #64, #2958, #1022, #3088 ) ) ;
#1457 =( NAMED_UNIT ( * ) SI_UNIT ( $, .STERADIAN. ) SOLID_ANGLE_UNIT ( ) );
#1458 = EDGE_LOOP ( 'NONE', ( #2840, #2011, #530, #1467 ) ) ;
#1459 = DIRECTION ( 'NONE',  ( 0.0000000000000000000, 1.000000000000000000, 0.0000000000000000000 ) ) ;
#1460 = ORIENTED_EDGE ( 'NONE', *, *, #4397, .F. ) ;
#1461 = CARTESIAN_POINT ( 'NONE',  ( 0.9999999999999997800, -0.02500000000000000100, -3.010000000000000200 ) ) ;
#1462 = ADVANCED_FACE ( 'NONE', ( #3602 ), #2896, .F. ) ;
#1463 = EDGE_CURVE ( 'NONE', #2944, #19, #3436, .T. ) ;
#1464 = ORIENTED_EDGE ( 'NONE', *, *, #3654, .T. ) ;
#1465 = AXIS2_PLACEMENT_3D ( 'NONE', #3693, #3724, #3742 ) ;
#1466 = DIRECTION ( 'NONE',  ( 0.0000000000000000000, 1.000000000000000000, 0.0000000000000000000 ) ) ;
#1467 = ORIENTED_EDGE ( 'NONE', *, *, #1431, .F. ) ;
#1468 = CARTESIAN_POINT ( 'NONE',  ( -1.800000000000000500, -0.02500000000000000100, 0.3999999999999999100 ) ) ;
#1469 = PLANE ( 'NONE',  #901 ) ;
#1470 = ORIENTED_EDGE ( 'NONE', *, *, #2126, .F. ) ;
#1471 = ORIENTED_EDGE ( 'NONE', *, *, #3818, .F. ) ;
#1472 = CARTESIAN_POINT ( 'NONE',  ( 1.070000000000000300, -0.02500000000000000100, -0.3300000000000004000 ) ) ;
#1473 = EDGE_CURVE ( 'NONE', #2278, #3688, #4277, .T. ) ;
#1474 = CARTESIAN_POINT ( 'NONE',  ( -1.249999999999999800, -0.02500000000000000100, 3.010000000000000200 ) ) ;
#1475 = ORIENTED_EDGE ( 'NONE', *, *, #4397, .T. ) ;
#1476 = VECTOR ( 'NONE', #1236, 1000.000000000000000 ) ;
#1477 = DIRECTION ( 'NONE',  ( -0.0000000000000000000, -0.0000000000000000000, 1.000000000000000000 ) ) ;
#1478 = DIRECTION ( 'NONE',  ( -0.0000000000000000000, 1.000000000000000000, -0.0000000000000000000 ) ) ;
#1479 = DIRECTION ( 'NONE',  ( 1.000000000000000000, 0.0000000000000000000, -0.0000000000000000000 ) ) ;
#1480 = ORIENTED_EDGE ( 'NONE', *, *, #1517, .F. ) ;
#1481 = UNCERTAINTY_MEASURE_WITH_UNIT (LENGTH_MEASURE( 1.000000000000000100E-005 ), #3179, 'distance_accuracy_value', 'NONE');
#1482 = LINE ( 'NONE', #4423, #2912 ) ;
#1483 = CARTESIAN_POINT ( 'NONE',  ( 2.010000000000000200, -0.02500000000000000100, -2.450000000000000200 ) ) ;
#1484 = CARTESIAN_POINT ( 'NONE',  ( -1.500000000000000000, 1.550000000000000300, -2.500000000000000000 ) ) ;
#1485 = VECTOR ( 'NONE', #922, 1000.000000000000000 ) ;
#1486 = ADVANCED_FACE ( 'NONE', ( #2678 ), #366, .T. ) ;
#1487 = CARTESIAN_POINT ( 'NONE',  ( 1.070000000000000100, -0.02500000000000000100, -2.130000000000000800 ) ) ;
#1488 = AXIS2_PLACEMENT_3D ( 'NONE', #4325, #292, #1071 ) ;
#1489 = PLANE ( 'NONE',  #102 ) ;
#1490 = DIRECTION ( 'NONE',  ( -0.0000000000000000000, -0.0000000000000000000, 1.000000000000000000 ) ) ;
#1491 = ORIENTED_EDGE ( 'NONE', *, *, #1018, .F. ) ;
#1492 = DIRECTION ( 'NONE',  ( 3.872150616019661300E-016, 0.0000000000000000000, 1.000000000000000000 ) ) ;
#1493 = LINE ( 'NONE', #1443, #1944 ) ;
#1494 = CIRCLE ( 'NONE', #3013, 0.06999999999999996500 ) ;
#1495 = CARTESIAN_POINT ( 'NONE',  ( -2.010000000000000200, -0.02500000000000000100, -2.450000000000000200 ) ) ;
#1496 = CARTESIAN_POINT ( 'NONE',  ( 1.000000000000000000, 0.2000000000000000100, 3.010000000000000200 ) ) ;
#1497 = ADVANCED_FACE ( 'NONE', ( #4522 ), #3660, .F. ) ;
#1498 = CARTESIAN_POINT ( 'NONE',  ( -1.070000000000000300, 0.2000000000000000100, -0.7200000000000004200 ) ) ;
#1499 = CARTESIAN_POINT ( 'NONE',  ( 1.070000000000000100, 0.2000000000000000100, -2.130000000000000800 ) ) ;
#1500 = EDGE_CURVE ( 'NONE', #1660, #2718, #1482, .T. ) ;
#1501 = EDGE_LOOP ( 'NONE', ( #3188, #2780, #3578, #584 ) ) ;
#1502 = VECTOR ( 'NONE', #1959, 1000.000000000000000 ) ;
#1503 = AXIS2_PLACEMENT_3D ( 'NONE', #919, #2358, #1262 ) ;
#1504 = LINE ( 'NONE', #1862, #3450 ) ;
#1505 = ORIENTED_EDGE ( 'NONE', *, *, #2761, .T. ) ;
#1506 = CYLINDRICAL_SURFACE ( 'NONE', #1227, 0.07000000000000018700 ) ;
#1507 = DIRECTION ( 'NONE',  ( 0.0000000000000000000, -0.0000000000000000000, 1.000000000000000000 ) ) ;
#1508 = EDGE_CURVE ( 'NONE', #3599, #1032, #2976, .T. ) ;
#1509 =( GEOMETRIC_REPRESENTATION_CONTEXT ( 3 ) GLOBAL_UNCERTAINTY_ASSIGNED_CONTEXT ( ( #4232 ) ) GLOBAL_UNIT_ASSIGNED_CONTEXT ( ( #1000, #3560, #4448 ) ) REPRESENTATION_CONTEXT ( 'NONE', 'WORKASPACE' ) );
#1510 = EDGE_LOOP ( 'NONE', ( #4744, #3288, #1154, #2328 ) ) ;
#1511 = EDGE_LOOP ( 'NONE', ( #91, #1001, #4160, #3858 ) ) ;
#1512 = VECTOR ( 'NONE', #1684, 1000.000000000000000 ) ;
#1513 = DIRECTION ( 'NONE',  ( 0.0000000000000000000, 1.000000000000000000, 0.0000000000000000000 ) ) ;
#1514 = PLANE ( 'NONE',  #3793 ) ;
#1515 = DIRECTION ( 'NONE',  ( 0.0000000000000000000, -1.000000000000000000, 0.0000000000000000000 ) ) ;
#1516 = CARTESIAN_POINT ( 'NONE',  ( 0.3300000000000001800, 0.2000000000000000100, -1.320000000000000500 ) ) ;
#1517 = EDGE_CURVE ( 'NONE', #3855, #3850, #1934, .T. ) ;
#1518 = ORIENTED_EDGE ( 'NONE', *, *, #990, .F. ) ;
#1519 =( NAMED_UNIT ( * ) SI_UNIT ( $, .STERADIAN. ) SOLID_ANGLE_UNIT ( ) );
#1520 = ADVANCED_FACE ( 'NONE', ( #2565 ), #1614, .T. ) ;
#1521 = ORIENTED_EDGE ( 'NONE', *, *, #4670, .T. ) ;
#1522 = VECTOR ( 'NONE', #3366, 1000.000000000000000 ) ;
#1523 = CARTESIAN_POINT ( 'NONE',  ( 2.010000000000000200, 0.2000000000000000100, 1.150000000000000100 ) ) ;
#1524 = AXIS2_PLACEMENT_3D ( 'NONE', #1498, #2203, #374 ) ;
#1525 = VERTEX_POINT ( 'NONE', #2234 ) ;
#1526 = PLANE ( 'NONE',  #2230 ) ;
#1527 = ORIENTED_EDGE ( 'NONE', *, *, #1126, .F. ) ;
#1528 = DIRECTION ( 'NONE',  ( -0.0000000000000000000, 1.000000000000000000, -0.0000000000000000000 ) ) ;
#1529 = VECTOR ( 'NONE', #105, 1000.000000000000000 ) ;
#1530 = CARTESIAN_POINT ( 'NONE',  ( -1.070000000000000700, -0.02500000000000000100, -0.6500000000000003600 ) ) ;
#1531 = PLANE ( 'NONE',  #1324 ) ;
#1532 = CARTESIAN_POINT ( 'NONE',  ( 1.000000000000000000, -0.02500000000000000100, -2.070000000000001600 ) ) ;
#1533 = VERTEX_POINT ( 'NONE', #2967 ) ;
#1534 = CARTESIAN_POINT ( 'NONE',  ( -0.4000000000000003000, -0.02500000000000000100, -1.320000000000001000 ) ) ;
#1535 = DIRECTION ( 'NONE',  ( 0.0000000000000000000, 0.0000000000000000000, 1.000000000000000000 ) ) ;
#1536 = ORIENTED_EDGE ( 'NONE', *, *, #3437, .T. ) ;
#1537 = CARTESIAN_POINT ( 'NONE',  ( 0.2200000000000001700, -0.02500000000000000100, -1.320000000000000500 ) ) ;
#1538 = EDGE_CURVE ( 'NONE', #4369, #4666, #1717, .T. ) ;
#1539 = AXIS2_PLACEMENT_3D ( 'NONE', #616, #233, #2073 ) ;
#1540 = DIRECTION ( 'NONE',  ( 0.0000000000000000000, 1.000000000000000000, 0.0000000000000000000 ) ) ;
#1541 = VERTEX_POINT ( 'NONE', #2981 ) ;
#1542 = CARTESIAN_POINT ( 'NONE',  ( 1.070000000000000300, -0.02500000000000000100, -0.7800000000000004700 ) ) ;
#1543 = ORIENTED_EDGE ( 'NONE', *, *, #4500, .F. ) ;
#1544 = ADVANCED_FACE ( 'NONE', ( #2350 ), #4036, .F. ) ;
#1545 = DIRECTION ( 'NONE',  ( 0.0000000000000000000, 0.0000000000000000000, -1.000000000000000000 ) ) ;
#1546 = CARTESIAN_POINT ( 'NONE',  ( 1.000000000000000000, -0.02500000000000000100, -2.130000000000000300 ) ) ;
#1547 = EDGE_CURVE ( 'NONE', #3755, #1822, #2450, .T. ) ;
#1548 = ORIENTED_EDGE ( 'NONE', *, *, #4061, .T. ) ;
#1549 = LINE ( 'NONE', #4146, #4332 ) ;
#1550 = UNCERTAINTY_MEASURE_WITH_UNIT (LENGTH_MEASURE( 1.000000000000000100E-005 ), #4228, 'distance_accuracy_value', 'NONE');
#1551 = CARTESIAN_POINT ( 'NONE',  ( -2.010000000000000200, -0.02500000000000000100, 2.250000000000000400 ) ) ;
#1552 = ADVANCED_FACE ( 'NONE', ( #3547 ), #2570, .F. ) ;
#1553 = DIRECTION ( 'NONE',  ( 0.0000000000000000000, 0.0000000000000000000, 1.000000000000000000 ) ) ;
#1554 = ORIENTED_EDGE ( 'NONE', *, *, #3531, .T. ) ;
#1556 = DIRECTION ( 'NONE',  ( 0.0000000000000000000, 0.0000000000000000000, 1.000000000000000000 ) ) ;
#1555 = VECTOR ( 'NONE', #4237, 1000.000000000000000 ) ;
#1557 = CARTESIAN_POINT ( 'NONE',  ( 0.1500000000000001600, -0.02500000000000000100, -1.320000000000001000 ) ) ;
#1558 = SURFACE_STYLE_FILL_AREA ( #951 ) ;
#1559 = VECTOR ( 'NONE', #1151, 1000.000000000000000 ) ;
#1560 =( LENGTH_UNIT ( ) NAMED_UNIT ( * ) SI_UNIT ( .MILLI., .METRE. ) );
#1561 = CARTESIAN_POINT ( 'NONE',  ( 0.1499999999999997400, -0.02500000000000000100, -3.010000000000000700 ) ) ;
#1562 = ORIENTED_EDGE ( 'NONE', *, *, #3285, .F. ) ;
#1563 = LINE ( 'NONE', #1353, #2044 ) ;
#1564 = VECTOR ( 'NONE', #559, 1000.000000000000000 ) ;
#1565 = VERTEX_POINT ( 'NONE', #1117 ) ;
#1566 = VECTOR ( 'NONE', #3957, 1000.000000000000000 ) ;
#1567 = DIRECTION ( 'NONE',  ( -0.0000000000000000000, 1.000000000000000000, -0.0000000000000000000 ) ) ;
#1568 = AXIS2_PLACEMENT_3D ( 'NONE', #2474, #2844, #650 ) ;
#1569 = DIRECTION ( 'NONE',  ( -1.000000000000000000, -0.0000000000000000000, -0.0000000000000000000 ) ) ;
#1570 = EDGE_LOOP ( 'NONE', ( #4349, #1399, #3392, #3519 ) ) ;
#1571 = LINE ( 'NONE', #2574, #3790 ) ;
#1572 = DIRECTION ( 'NONE',  ( 0.0000000000000000000, 1.000000000000000000, 0.0000000000000000000 ) ) ;
#1573 = EDGE_CURVE ( 'NONE', #3125, #3699, #1414, .T. ) ;
#1574 = CARTESIAN_POINT ( 'NONE',  ( -1.070000000000000100, 0.2000000000000000100, -2.070000000000000700 ) ) ;
#1575 = ADVANCED_FACE ( 'NONE', ( #4454 ), #3376, .T. ) ;
#1576 = AXIS2_PLACEMENT_3D ( 'NONE', #2215, #1134, #4076 ) ;
#1577 = VECTOR ( 'NONE', #2924, 1000.000000000000000 ) ;
#1578 = VERTEX_POINT ( 'NONE', #3677 ) ;
#1579 =( NAMED_UNIT ( * ) SI_UNIT ( $, .STERADIAN. ) SOLID_ANGLE_UNIT ( ) );
#1580 = ORIENTED_EDGE ( 'NONE', *, *, #2365, .T. ) ;
#1581 = LINE ( 'NONE', #904, #4485 ) ;
#1582 = EDGE_CURVE ( 'NONE', #914, #425, #2285, .T. ) ;
#1583 = CARTESIAN_POINT ( 'NONE',  ( -1.500000000000000000, 1.550000000000000300, -2.700000000000000200 ) ) ;
#1584 = ORIENTED_EDGE ( 'NONE', *, *, #235, .F. ) ;
#1585 = CARTESIAN_POINT ( 'NONE',  ( 2.010000000000000200, 0.2000000000000000100, -1.550000000000000500 ) ) ;
#1586 = DIRECTION ( 'NONE',  ( 0.0000000000000000000, 0.0000000000000000000, -1.000000000000000000 ) ) ;
#1587 = ORIENTED_EDGE ( 'NONE', *, *, #2166, .F. ) ;
#1588 = FILL_AREA_STYLE ('',( #2573 ) ) ;
#1589 = PLANE ( 'NONE',  #4562 ) ;
#1590 = ORIENTED_EDGE ( 'NONE', *, *, #53, .T. ) ;
#1591 = SURFACE_STYLE_FILL_AREA ( #702 ) ;
#1592 = CARTESIAN_POINT ( 'NONE',  ( 2.010000000000000200, 0.2000000000000000100, 0.9500000000000000700 ) ) ;
#1593 = CARTESIAN_POINT ( 'NONE',  ( -1.070000000000000700, -0.02500000000000000100, -1.750000000000000700 ) ) ;
#1594 = DIRECTION ( 'NONE',  ( 0.0000000000000000000, -1.000000000000000000, 0.0000000000000000000 ) ) ;
#1595 = ORIENTED_EDGE ( 'NONE', *, *, #2932, .T. ) ;
#1596 = ORIENTED_EDGE ( 'NONE', *, *, #567, .F. ) ;
#1597 = DIRECTION ( 'NONE',  ( 0.0000000000000000000, -1.000000000000000000, 0.0000000000000000000 ) ) ;
#1598 = ORIENTED_EDGE ( 'NONE', *, *, #1291, .F. ) ;
#1599 = DIRECTION ( 'NONE',  ( 0.0000000000000000000, 0.0000000000000000000, -1.000000000000000000 ) ) ;
#1600 = DIRECTION ( 'NONE',  ( -1.000000000000000000, 0.0000000000000000000, -0.0000000000000000000 ) ) ;
#1601 = DIRECTION ( 'NONE',  ( 0.0000000000000000000, 0.0000000000000000000, 1.000000000000000000 ) ) ;
#1602 = ORIENTED_EDGE ( 'NONE', *, *, #3644, .F. ) ;
#1603 = EDGE_CURVE ( 'NONE', #1360, #706, #558, .T. ) ;
#1604 = EDGE_LOOP ( 'NONE', ( #4210, #1014, #4483, #2346 ) ) ;
#1605 = AXIS2_PLACEMENT_3D ( 'NONE', #2153, #4755, #1775 ) ;
#1606 = ADVANCED_FACE ( 'NONE', ( #4107 ), #2307, .T. ) ;
#1607 = DIRECTION ( 'NONE',  ( 0.0000000000000000000, 1.000000000000000000, 0.0000000000000000000 ) ) ;
#1608 = DIRECTION ( 'NONE',  ( 1.000000000000000000, 0.0000000000000000000, 0.0000000000000000000 ) ) ;
#1609 = ORIENTED_EDGE ( 'NONE', *, *, #990, .T. ) ;
#1610 = EDGE_CURVE ( 'NONE', #2516, #1016, #1307, .T. ) ;
#1611 = AXIS2_PLACEMENT_3D ( 'NONE', #2336, #549, #1655 ) ;
#1612 = PLANE ( 'NONE',  #4754 ) ;
#1613 = CARTESIAN_POINT ( 'NONE',  ( 1.070000000000000100, -0.02500000000000000100, -2.520000000000000500 ) ) ;
#1614 = CYLINDRICAL_SURFACE ( 'NONE', #4683, 0.07000000000000018700 ) ;
#1615 =( NAMED_UNIT ( * ) PLANE_ANGLE_UNIT ( ) SI_UNIT ( $, .RADIAN. ) );
#1616 = MECHANICAL_DESIGN_GEOMETRIC_PRESENTATION_REPRESENTATION (  '', ( #2641 ), #4043 ) ;
#1617 = CARTESIAN_POINT ( 'NONE',  ( -2.010000000000000200, 0.2000000000000000100, 0.3999999999999999100 ) ) ;
#1618 = FACE_OUTER_BOUND ( 'NONE', #4260, .T. ) ;
#1619 = SURFACE_SIDE_STYLE ('',( #3389 ) ) ;
#1620 = CARTESIAN_POINT ( 'NONE',  ( 1.000000000000000000, -0.02500000000000000100, 3.010000000000000200 ) ) ;
#1621 = LINE ( 'NONE', #1889, #622 ) ;
#1622 = LINE ( 'NONE', #12, #4706 ) ;
#1623 = SURFACE_STYLE_FILL_AREA ( #1345 ) ;
#1624 = VERTEX_POINT ( 'NONE', #3380 ) ;
#1625 =( LENGTH_UNIT ( ) NAMED_UNIT ( * ) SI_UNIT ( .MILLI., .METRE. ) );
#1626 = LINE ( 'NONE', #1645, #1735 ) ;
#1627 = ORIENTED_EDGE ( 'NONE', *, *, #2942, .T. ) ;
#1628 = DIRECTION ( 'NONE',  ( 0.0000000000000000000, 0.0000000000000000000, 1.000000000000000000 ) ) ;
#1629 = VERTEX_POINT ( 'NONE', #1883 ) ;
#1630 = LINE ( 'NONE', #557, #3341 ) ;
#1631 = ORIENTED_EDGE ( 'NONE', *, *, #3404, .T. ) ;
#1632 = CARTESIAN_POINT ( 'NONE',  ( -1.000000000000000000, -0.02500000000000000100, -2.700000000000001500 ) ) ;
#1633 = CARTESIAN_POINT ( 'NONE',  ( 1.070000000000000500, -0.02500000000000000100, -2.000000000000000900 ) ) ;
#1634 = EDGE_CURVE ( 'NONE', #3526, #4541, #450, .T. ) ;
#1635 = CARTESIAN_POINT ( 'NONE',  ( 1.070000000000000300, -0.02500000000000000100, -0.2700000000000004600 ) ) ;
#1636 = AXIS2_PLACEMENT_3D ( 'NONE', #3414, #4527, #3059 ) ;
#1637 = ORIENTED_EDGE ( 'NONE', *, *, #2974, .T. ) ;
#1638 = FACE_OUTER_BOUND ( 'NONE', #2810, .T. ) ;
#1639 = DIRECTION ( 'NONE',  ( -1.000000000000000000, 0.0000000000000000000, -1.441758208092427000E-016 ) ) ;
#1640 = ORIENTED_EDGE ( 'NONE', *, *, #4072, .T. ) ;
#1641 = CARTESIAN_POINT ( 'NONE',  ( -1.000000000000000000, 0.2000000000000000100, -2.700000000000001500 ) ) ;
#1642 = EDGE_CURVE ( 'NONE', #762, #1356, #1549, .T. ) ;
#1643 = ORIENTED_EDGE ( 'NONE', *, *, #4343, .F. ) ;
#1644 = DIRECTION ( 'NONE',  ( -0.0000000000000000000, 1.000000000000000000, -0.0000000000000000000 ) ) ;
#1645 = CARTESIAN_POINT ( 'NONE',  ( 1.070000000000000500, -0.02500000000000000100, -2.000000000000000900 ) ) ;
#1646 = ORIENTED_EDGE ( 'NONE', *, *, #429, .F. ) ;
#1647 = LINE ( 'NONE', #2088, #1455 ) ;
#1648 = AXIS2_PLACEMENT_3D ( 'NONE', #4560, #3038, #3813 ) ;
#1649 = DIRECTION ( 'NONE',  ( -0.0000000000000000000, 0.0000000000000000000, -1.000000000000000000 ) ) ;
#1650 = ORIENTED_EDGE ( 'NONE', *, *, #1197, .T. ) ;
#1651 = CARTESIAN_POINT ( 'NONE',  ( 2.010000000000000200, -0.02500000000000000100, 2.250000000000000400 ) ) ;
#1652 = FILL_AREA_STYLE_COLOUR ( '', #4733 ) ;
#1653 = ORIENTED_EDGE ( 'NONE', *, *, #2670, .F. ) ;
#1654 = ORIENTED_EDGE ( 'NONE', *, *, #873, .F. ) ;
#1655 = DIRECTION ( 'NONE',  ( 0.0000000000000000000, 0.0000000000000000000, 1.000000000000000000 ) ) ;
#1656 = DIRECTION ( 'NONE',  ( -1.000000000000000000, 0.0000000000000000000, 0.0000000000000000000 ) ) ;
#1657 = ORIENTED_EDGE ( 'NONE', *, *, #4434, .T. ) ;
#1658 = CARTESIAN_POINT ( 'NONE',  ( -0.2200000000000001700, -0.02500000000000000100, -1.320000000000000500 ) ) ;
#1659 = VERTEX_POINT ( 'NONE', #468 ) ;
#1660 = VERTEX_POINT ( 'NONE', #1948 ) ;
#1661 = CARTESIAN_POINT ( 'NONE',  ( -1.070000000000000300, -0.02500000000000000100, -0.7200000000000004200 ) ) ;
#1662 = ORIENTED_EDGE ( 'NONE', *, *, #4534, .T. ) ;
#1663 = EDGE_CURVE ( 'NONE', #3480, #411, #4384, .T. ) ;
#1664 = AXIS2_PLACEMENT_3D ( 'NONE', #3535, #4626, #3846 ) ;
#1666 = DIRECTION ( 'NONE',  ( 0.0000000000000000000, 1.000000000000000000, 0.0000000000000000000 ) ) ;
#1665 = VECTOR ( 'NONE', #617, 1000.000000000000000 ) ;
#1667 = DIRECTION ( 'NONE',  ( -1.000000000000000000, -0.0000000000000000000, -0.0000000000000000000 ) ) ;
#1668 = CARTESIAN_POINT ( 'NONE',  ( -1.500000000000000000, 1.600000000000000100, -2.500000000000000000 ) ) ;
#1669 = PLANE ( 'NONE',  #4308 ) ;
#1670 = EDGE_CURVE ( 'NONE', #3794, #714, #1250, .T. ) ;
#1671 = MECHANICAL_DESIGN_GEOMETRIC_PRESENTATION_REPRESENTATION (  '', ( #4344 ), #1509 ) ;
#1672 = LINE ( 'NONE', #957, #560 ) ;
#1673 = CARTESIAN_POINT ( 'NONE',  ( 0.0000000000000000000, -0.02500000000000000100, 0.0000000000000000000 ) ) ;
#1674 = VECTOR ( 'NONE', #2728, 1000.000000000000000 ) ;
#1675 = CIRCLE ( 'NONE', #3859, 0.06999999999999975700 ) ;
#1676 = VECTOR ( 'NONE', #816, 1000.000000000000000 ) ;
#1677 = AXIS2_PLACEMENT_3D ( 'NONE', #3614, #4702, #3257 ) ;
#1678 = DIRECTION ( 'NONE',  ( 1.000000000000000000, 0.0000000000000000000, 0.0000000000000000000 ) ) ;
#1679 = VECTOR ( 'NONE', #3717, 1000.000000000000000 ) ;
#1680 = VECTOR ( 'NONE', #1995, 1000.000000000000000 ) ;
#1681 = VERTEX_POINT ( 'NONE', #2273 ) ;
#1682 = CYLINDRICAL_SURFACE ( 'NONE', #2782, 0.06999999999999996500 ) ;
#1683 =( NAMED_UNIT ( * ) SI_UNIT ( $, .STERADIAN. ) SOLID_ANGLE_UNIT ( ) );
#1684 = DIRECTION ( 'NONE',  ( 0.0000000000000000000, 0.0000000000000000000, -1.000000000000000000 ) ) ;
#1685 = FACE_OUTER_BOUND ( 'NONE', #2700, .T. ) ;
#1686 = ORIENTED_EDGE ( 'NONE', *, *, #1538, .T. ) ;
#1687 = VECTOR ( 'NONE', #2370, 1000.000000000000000 ) ;
#1688 = EDGE_CURVE ( 'NONE', #425, #4305, #2445, .T. ) ;
#1689 = DIRECTION ( 'NONE',  ( -0.0000000000000000000, 1.000000000000000000, -0.0000000000000000000 ) ) ;
#1690 = ORIENTED_EDGE ( 'NONE', *, *, #2443, .T. ) ;
#1691 = ORIENTED_EDGE ( 'NONE', *, *, #3247, .F. ) ;
#1692 = VERTEX_POINT ( 'NONE', #4475 ) ;
#1693 = PLANE ( 'NONE',  #2489 ) ;
#1694 = EDGE_LOOP ( 'NONE', ( #4331, #2585, #575, #715 ) ) ;
#1695 = VECTOR ( 'NONE', #2032, 1000.000000000000000 ) ;
#1696 = CARTESIAN_POINT ( 'NONE',  ( -1.249999999999999800, -0.02500000000000000100, 2.799999999999999400 ) ) ;
#1697 = EDGE_CURVE ( 'NONE', #1321, #608, #1361, .T. ) ;
#1698 =( GEOMETRIC_REPRESENTATION_CONTEXT ( 3 ) GLOBAL_UNCERTAINTY_ASSIGNED_CONTEXT ( ( #1550 ) ) GLOBAL_UNIT_ASSIGNED_CONTEXT ( ( #4228, #2030, #4608 ) ) REPRESENTATION_CONTEXT ( 'NONE', 'WORKASPACE' ) );
#1699 = DIRECTION ( 'NONE',  ( 0.0000000000000000000, 0.0000000000000000000, -1.000000000000000000 ) ) ;
#1700 = ORIENTED_EDGE ( 'NONE', *, *, #469, .T. ) ;
#1701 = ORIENTED_EDGE ( 'NONE', *, *, #3197, .F. ) ;
#1702 = LINE ( 'NONE', #2710, #4432 ) ;
#1703 = DIRECTION ( 'NONE',  ( -1.000000000000000000, -0.0000000000000000000, -0.0000000000000000000 ) ) ;
#1704 = EDGE_CURVE ( 'NONE', #714, #3705, #2971, .T. ) ;
#1705 = ORIENTED_EDGE ( 'NONE', *, *, #2950, .T. ) ;
#1706 = ORIENTED_EDGE ( 'NONE', *, *, #2656, .T. ) ;
#1707 = ORIENTED_EDGE ( 'NONE', *, *, #320, .T. ) ;
#1708 = DIRECTION ( 'NONE',  ( 0.0000000000000000000, 1.000000000000000000, 0.0000000000000000000 ) ) ;
#1709 = DIRECTION ( 'NONE',  ( 0.0000000000000000000, -0.0000000000000000000, -1.000000000000000000 ) ) ;
#1710 = EDGE_LOOP ( 'NONE', ( #1144, #2020, #1953, #838 ) ) ;
#1711 = CARTESIAN_POINT ( 'NONE',  ( 1.070000000000000100, -0.02500000000000000100, -1.230000000000000400 ) ) ;
#1712 = AXIS2_PLACEMENT_3D ( 'NONE', #1804, #3980, #2146 ) ;
#1713 = ORIENTED_EDGE ( 'NONE', *, *, #4227, .T. ) ;
#1714 = DIRECTION ( 'NONE',  ( 1.000000000000000000, 0.0000000000000000000, 0.0000000000000000000 ) ) ;
#1715 =( LENGTH_UNIT ( ) NAMED_UNIT ( * ) SI_UNIT ( .MILLI., .METRE. ) );
#1716 = ORIENTED_EDGE ( 'NONE', *, *, #4072, .F. ) ;
#1717 = CIRCLE ( 'NONE', #2558, 0.07000000000000018700 ) ;
#1718 = EDGE_CURVE ( 'NONE', #3480, #3685, #2082, .T. ) ;
#1719 = AXIS2_PLACEMENT_3D ( 'NONE', #974, #3842, #4258 ) ;
#1720 = DIRECTION ( 'NONE',  ( 0.0000000000000000000, -1.000000000000000000, 0.0000000000000000000 ) ) ;
#1721 = PRESENTATION_STYLE_ASSIGNMENT (( #3207 ) ) ;
#1722 = VECTOR ( 'NONE', #845, 1000.000000000000000 ) ;
#1723 = SURFACE_SIDE_STYLE ('',( #1793 ) ) ;
#1724 = EDGE_CURVE ( 'NONE', #1807, #297, #3311, .T. ) ;
#1725 = FACE_OUTER_BOUND ( 'NONE', #380, .T. ) ;
#1726 = FACE_OUTER_BOUND ( 'NONE', #3244, .T. ) ;
#1727 = LINE ( 'NONE', #1829, #684 ) ;
#1728 = DIRECTION ( 'NONE',  ( -1.000000000000000000, 0.0000000000000000000, -0.0000000000000000000 ) ) ;
#1729 = CARTESIAN_POINT ( 'NONE',  ( 1.800000000000000000, -0.02500000000000000100, -2.800000000000000300 ) ) ;
#1730 = ORIENTED_EDGE ( 'NONE', *, *, #2696, .F. ) ;
#1731 = EDGE_LOOP ( 'NONE', ( #1554, #3901, #1156, #430, #998, #3328 ) ) ;
#1732 = AXIS2_PLACEMENT_3D ( 'NONE', #3300, #2929, #1816 ) ;
#1733 = DIRECTION ( 'NONE',  ( -0.0000000000000000000, 1.000000000000000000, -0.0000000000000000000 ) ) ;
#1734 = CARTESIAN_POINT ( 'NONE',  ( -1.000000000000000200, 0.2000000000000000100, -0.7200000000000008600 ) ) ;
#1735 = VECTOR ( 'NONE', #2019, 1000.000000000000000 ) ;
#1736 = ORIENTED_EDGE ( 'NONE', *, *, #2903, .T. ) ;
#1737 = ORIENTED_EDGE ( 'NONE', *, *, #4572, .F. ) ;
#1738 = CYLINDRICAL_SURFACE ( 'NONE', #1164, 0.06999999999999996500 ) ;
#1739 = ORIENTED_EDGE ( 'NONE', *, *, #1398, .F. ) ;
#1740 = FACE_OUTER_BOUND ( 'NONE', #4535, .T. ) ;
#1741 = PLANE ( 'NONE',  #3002 ) ;
#1742 = CARTESIAN_POINT ( 'NONE',  ( 2.010000000000000200, -0.02500000000000000100, 2.050000000000000300 ) ) ;
#1743 = ORIENTED_EDGE ( 'NONE', *, *, #2599, .T. ) ;
#1744 = DIRECTION ( 'NONE',  ( -1.000000000000000000, 0.0000000000000000000, 1.153406566473941500E-016 ) ) ;
#1745 = PRESENTATION_STYLE_ASSIGNMENT (( #3154 ) ) ;
#1746 = EDGE_CURVE ( 'NONE', #3911, #778, #4631, .T. ) ;
#1747 = AXIS2_PLACEMENT_3D ( 'NONE', #271, #2442, #3168 ) ;
#1748 = CARTESIAN_POINT ( 'NONE',  ( -1.500000000000000000, 1.550000000000000300, -2.500000000000000000 ) ) ;
#1749 = ORIENTED_EDGE ( 'NONE', *, *, #579, .T. ) ;
#1750 = ORIENTED_EDGE ( 'NONE', *, *, #4102, .F. ) ;
#1751 = LINE ( 'NONE', #1166, #3580 ) ;
#1752 = CARTESIAN_POINT ( 'NONE',  ( -1.500000000000000000, 1.550000000000000300, -2.299999999999999800 ) ) ;
#1753 = ORIENTED_EDGE ( 'NONE', *, *, #2871, .F. ) ;
#1754 = EDGE_CURVE ( 'NONE', #790, #1413, #1127, .T. ) ;
#1755 = EDGE_LOOP ( 'NONE', ( #3477, #4547, #2593, #4031 ) ) ;
#1756 = VECTOR ( 'NONE', #2297, 1000.000000000000000 ) ;
#1757 = AXIS2_PLACEMENT_3D ( 'NONE', #3173, #4422, #1084 ) ;
#1758 = CARTESIAN_POINT ( 'NONE',  ( 2.010000000000000200, -0.02500000000000000100, -0.4000000000000005800 ) ) ;
#1759 = VERTEX_POINT ( 'NONE', #4125 ) ;
#1760 = ADVANCED_FACE ( 'NONE', ( #3985 ), #3065, .F. ) ;
#1761 = EDGE_CURVE ( 'NONE', #70, #4482, #3652, .T. ) ;
#1762 = ORIENTED_EDGE ( 'NONE', *, *, #3104, .T. ) ;
#1763 = CARTESIAN_POINT ( 'NONE',  ( -1.800000000000000500, 0.2000000000000000100, 0.9500000000000000700 ) ) ;
#1764 = EDGE_LOOP ( 'NONE', ( #85, #2861, #2076, #1378 ) ) ;
#1765 = DIRECTION ( 'NONE',  ( -0.0000000000000000000, -0.0000000000000000000, 1.000000000000000000 ) ) ;
#1766 = CARTESIAN_POINT ( 'NONE',  ( -1.800000000000000000, 0.2000000000000000100, -2.649999999999999900 ) ) ;
#1767 = CARTESIAN_POINT ( 'NONE',  ( -1.000000000000000200, -0.02500000000000000100, -0.2700000000000009100 ) ) ;
#1768 = PLANE ( 'NONE',  #3729 ) ;
#1769 = FACE_OUTER_BOUND ( 'NONE', #4011, .T. ) ;
#1770 = CARTESIAN_POINT ( 'NONE',  ( 1.800000000000000500, -0.02500000000000000100, 0.3999999999999999100 ) ) ;
#1771 = AXIS2_PLACEMENT_3D ( 'NONE', #114, #872, #3397 ) ;
#1772 = DIRECTION ( 'NONE',  ( -0.0000000000000000000, 1.000000000000000000, -0.0000000000000000000 ) ) ;
#1773 = FACE_OUTER_BOUND ( 'NONE', #3047, .T. ) ;
#1774 = MANIFOLD_SOLID_BREP ( 'Boss-Extrude2[3]', #751 ) ;
#1775 = DIRECTION ( 'NONE',  ( 0.0000000000000000000, 0.0000000000000000000, 1.000000000000000000 ) ) ;
#1776 = EDGE_CURVE ( 'NONE', #4628, #259, #731, .T. ) ;
#1777 = FACE_OUTER_BOUND ( 'NONE', #94, .T. ) ;
#1778 = CARTESIAN_POINT ( 'NONE',  ( 0.2200000000000001700, -0.02500000000000000100, -1.320000000000000500 ) ) ;
#1779 = FACE_OUTER_BOUND ( 'NONE', #3557, .T. ) ;
#1780 = AXIS2_PLACEMENT_3D ( 'NONE', #3978, #330, #4684 ) ;
#1781 = LINE ( 'NONE', #4021, #2407 ) ;
#1782 = DIRECTION ( 'NONE',  ( -0.0000000000000000000, 1.000000000000000000, -0.0000000000000000000 ) ) ;
#1783 = DIRECTION ( 'NONE',  ( -1.730109849710912800E-016, 0.0000000000000000000, 1.000000000000000000 ) ) ;
#1784 =( NAMED_UNIT ( * ) SI_UNIT ( $, .STERADIAN. ) SOLID_ANGLE_UNIT ( ) );
#1785 = CYLINDRICAL_SURFACE ( 'NONE', #267, 0.06999999999999996500 ) ;
#1786 = FACE_OUTER_BOUND ( 'NONE', #2644, .T. ) ;
#1787 = EDGE_CURVE ( 'NONE', #3455, #2516, #3541, .T. ) ;
#1788 = CARTESIAN_POINT ( 'NONE',  ( 1.070000000000000100, 0.2000000000000000100, -2.450000000000000200 ) ) ;
#1789 = DIRECTION ( 'NONE',  ( -0.0000000000000000000, -0.0000000000000000000, -1.000000000000000000 ) ) ;
#1790 = ORIENTED_EDGE ( 'NONE', *, *, #4128, .F. ) ;
#1791 = FACE_OUTER_BOUND ( 'NONE', #551, .T. ) ;
#1792 = CARTESIAN_POINT ( 'NONE',  ( 2.010000000000000200, 0.2000000000000000100, -2.450000000000000200 ) ) ;
#1793 = SURFACE_STYLE_FILL_AREA ( #3544 ) ;
#1794 = ORIENTED_EDGE ( 'NONE', *, *, #705, .F. ) ;
#1795 = CIRCLE ( 'NONE', #90, 0.07000000000000018700 ) ;
#1796 = CARTESIAN_POINT ( 'NONE',  ( -1.250000000000000000, -0.02500000000000000100, -3.010000000000000200 ) ) ;
#1797 = CARTESIAN_POINT ( 'NONE',  ( 1.070000000000000700, -0.02500000000000000100, -0.2000000000000004600 ) ) ;
#1798 = ORIENTED_EDGE ( 'NONE', *, *, #906, .F. ) ;
#1799 = COLOUR_RGB ( '',0.7921568627450980000, 0.8196078431372548800, 0.9333333333333333500 ) ;
#1800 = FILL_AREA_STYLE_COLOUR ( '', #1430 ) ;
#1801 = PLANE ( 'NONE',  #1427 ) ;
#1802 = CARTESIAN_POINT ( 'NONE',  ( 2.010000000000000200, -0.02500000000000000100, -2.649999999999999900 ) ) ;
#1803 = CLOSED_SHELL ( 'NONE', ( #4520, #1873, #2287, #4131, #3918, #1967, #2343, #789 ) ) ;
#1804 = CARTESIAN_POINT ( 'NONE',  ( -2.000000000000000000, 1.600000000000000100, 3.000000000000000000 ) ) ;
#1805 = LINE ( 'NONE', #3331, #1113 ) ;
#1806 = DIRECTION ( 'NONE',  ( -0.0000000000000000000, 1.000000000000000000, -0.0000000000000000000 ) ) ;
#1807 = VERTEX_POINT ( 'NONE', #1963 ) ;
#1808 = VECTOR ( 'NONE', #278, 1000.000000000000000 ) ;
#1809 = EDGE_CURVE ( 'NONE', #1276, #2432, #4171, .T. ) ;
#1810 = STYLED_ITEM ( 'NONE', ( #3057 ), #2979 ) ;
#1811 = ADVANCED_FACE ( 'NONE', ( #1929 ), #4459, .F. ) ;
#1812 = ORIENTED_EDGE ( 'NONE', *, *, #355, .F. ) ;
#1813 = ORIENTED_EDGE ( 'NONE', *, *, #4256, .F. ) ;
#1814 = CARTESIAN_POINT ( 'NONE',  ( -1.070000000000000700, -0.02500000000000000100, -1.750000000000000700 ) ) ;
#1815 = DIRECTION ( 'NONE',  ( -0.0000000000000000000, 1.000000000000000000, -0.0000000000000000000 ) ) ;
#1816 = DIRECTION ( 'NONE',  ( 0.0000000000000000000, 0.0000000000000000000, 1.000000000000000000 ) ) ;
#1817 = EDGE_CURVE ( 'NONE', #279, #2301, #1304, .T. ) ;
#1818 =( GEOMETRIC_REPRESENTATION_CONTEXT ( 3 ) GLOBAL_UNCERTAINTY_ASSIGNED_CONTEXT ( ( #1481 ) ) GLOBAL_UNIT_ASSIGNED_CONTEXT ( ( #3179, #2396, #1683 ) ) REPRESENTATION_CONTEXT ( 'NONE', 'WORKASPACE' ) );
#1819 = VERTEX_POINT ( 'NONE', #4735 ) ;
#1820 = DIRECTION ( 'NONE',  ( 1.000000000000000000, 0.0000000000000000000, 0.0000000000000000000 ) ) ;
#1821 = CARTESIAN_POINT ( 'NONE',  ( -1.000000000000000200, 0.2000000000000000100, -0.7799999999999999200 ) ) ;
#1822 = VERTEX_POINT ( 'NONE', #1023 ) ;
#1823 = EDGE_LOOP ( 'NONE', ( #1438, #3421, #2785, #3036 ) ) ;
#1824 = PRESENTATION_LAYER_ASSIGNMENT (  '', '', ( #4082 ) ) ;
#1825 = DIRECTION ( 'NONE',  ( -0.0000000000000000000, 1.000000000000000000, -0.0000000000000000000 ) ) ;
#1826 = VECTOR ( 'NONE', #133, 1000.000000000000000 ) ;
#1827 = ADVANCED_FACE ( 'NONE', ( #2561 ), #2835, .F. ) ;
#1828 = CARTESIAN_POINT ( 'NONE',  ( 2.010000000000000200, -0.02500000000000000100, 0.3999999999999999700 ) ) ;
#1829 = CARTESIAN_POINT ( 'NONE',  ( 0.1500000000000001600, -0.02500000000000000100, -1.320000000000001000 ) ) ;
#1830 = DIRECTION ( 'NONE',  ( 0.0000000000000000000, 1.000000000000000000, 0.0000000000000000000 ) ) ;
#1831 = VECTOR ( 'NONE', #308, 1000.000000000000000 ) ;
#1832 = CARTESIAN_POINT ( 'NONE',  ( -1.000000000000000200, -0.02500000000000000100, -0.7799999999999999200 ) ) ;
#1833 = EDGE_LOOP ( 'NONE', ( #1076, #3961, #2646, #2597 ) ) ;
#1834 = DIRECTION ( 'NONE',  ( 0.0000000000000000000, 0.0000000000000000000, 1.000000000000000000 ) ) ;
#1835 = ADVANCED_FACE ( 'NONE', ( #385 ), #1741, .T. ) ;
#1836 = CARTESIAN_POINT ( 'NONE',  ( 1.070000000000000700, -0.02500000000000000100, -1.100000000000000300 ) ) ;
#1838 = DIRECTION ( 'NONE',  ( 0.0000000000000000000, 0.0000000000000000000, -1.000000000000000000 ) ) ;
#1837 = FACE_OUTER_BOUND ( 'NONE', #4769, .T. ) ;
#1839 = EDGE_CURVE ( 'NONE', #3431, #3405, #107, .T. ) ;
#1840 = LINE ( 'NONE', #2511, #121 ) ;
#1841 = FACE_OUTER_BOUND ( 'NONE', #2786, .T. ) ;
#1842 = VECTOR ( 'NONE', #4746, 1000.000000000000000 ) ;
#1843 = EDGE_CURVE ( 'NONE', #1408, #3794, #968, .T. ) ;
#1844 = VERTEX_POINT ( 'NONE', #3962 ) ;
#1845 = FACE_OUTER_BOUND ( 'NONE', #2771, .T. ) ;
#1846 = CARTESIAN_POINT ( 'NONE',  ( -2.010000000000000200, -0.02500000000000000100, 0.9500000000000000700 ) ) ;
#1847 = DIRECTION ( 'NONE',  ( -1.000000000000000000, 0.0000000000000000000, 0.0000000000000000000 ) ) ;
#1848 = ORIENTED_EDGE ( 'NONE', *, *, #1983, .F. ) ;
#1849 = LINE ( 'NONE', #4743, #1958 ) ;
#1850 = DIRECTION ( 'NONE',  ( -1.000000000000000000, 0.0000000000000000000, 0.0000000000000000000 ) ) ;
#1851 = ADVANCED_FACE ( 'NONE', ( #4272 ), #1392, .F. ) ;
#1852 = VERTEX_POINT ( 'NONE', #1788 ) ;
#1853 = ORIENTED_EDGE ( 'NONE', *, *, #3412, .F. ) ;
#1854 = CARTESIAN_POINT ( 'NONE',  ( -1.070000000000000700, -0.02500000000000000100, -0.2000000000000004300 ) ) ;
#1855 = DIRECTION ( 'NONE',  ( 0.0000000000000000000, 1.000000000000000000, 0.0000000000000000000 ) ) ;
#1856 = VERTEX_POINT ( 'NONE', #638 ) ;
#1857 = VECTOR ( 'NONE', #4276, 1000.000000000000000 ) ;
#1858 = DIRECTION ( 'NONE',  ( 0.0000000000000000000, 0.0000000000000000000, -1.000000000000000000 ) ) ;
#1859 = VERTEX_POINT ( 'NONE', #685 ) ;
#1860 = DIRECTION ( 'NONE',  ( 0.0000000000000000000, 0.0000000000000000000, -1.000000000000000000 ) ) ;
#1861 = EDGE_LOOP ( 'NONE', ( #2487, #4656, #1598, #237 ) ) ;
#1862 = CARTESIAN_POINT ( 'NONE',  ( -1.070000000000000500, -0.02500000000000000100, -2.000000000000000900 ) ) ;
#1863 = PLANE ( 'NONE',  #125 ) ;
#1864 =( NAMED_UNIT ( * ) PLANE_ANGLE_UNIT ( ) SI_UNIT ( $, .RADIAN. ) );
#1865 = ORIENTED_EDGE ( 'NONE', *, *, #1573, .T. ) ;
#1866 = CARTESIAN_POINT ( 'NONE',  ( -2.010000000000000200, -0.02500000000000000100, -0.2000000000000005400 ) ) ;
#1867 = ORIENTED_EDGE ( 'NONE', *, *, #958, .T. ) ;
#1868 = DIRECTION ( 'NONE',  ( 0.0000000000000000000, 0.0000000000000000000, 1.000000000000000000 ) ) ;
#1869 = ORIENTED_EDGE ( 'NONE', *, *, #3307, .F. ) ;
#1870 = EDGE_CURVE ( 'NONE', #3196, #2776, #3769, .T. ) ;
#1871 = ORIENTED_EDGE ( 'NONE', *, *, #365, .F. ) ;
#1872 = ORIENTED_EDGE ( 'NONE', *, *, #4642, .T. ) ;
#1873 = ADVANCED_FACE ( 'NONE', ( #4221 ), #3254, .F. ) ;
#1874 = DIRECTION ( 'NONE',  ( 0.0000000000000000000, 1.000000000000000000, 0.0000000000000000000 ) ) ;
#1875 = EDGE_CURVE ( 'NONE', #4666, #1819, #4105, .T. ) ;
#1876 = DIRECTION ( 'NONE',  ( -1.000000000000000000, 0.0000000000000000000, -0.0000000000000000000 ) ) ;
#1877 = CARTESIAN_POINT ( 'NONE',  ( 1.070000000000000700, -0.02500000000000000100, -1.750000000000000700 ) ) ;
#1878 = ADVANCED_FACE ( 'NONE', ( #3144 ), #3230, .F. ) ;
#1879 = DIRECTION ( 'NONE',  ( 0.0000000000000000000, 1.000000000000000000, 0.0000000000000000000 ) ) ;
#1880 = DIRECTION ( 'NONE',  ( 1.000000000000000000, 0.0000000000000000000, 0.0000000000000000000 ) ) ;
#1881 = CARTESIAN_POINT ( 'NONE',  ( 1.800000000000000500, 0.2000000000000000100, 2.250000000000000400 ) ) ;
#1882 = CARTESIAN_POINT ( 'NONE',  ( -0.1499999999999997400, -0.02500000000000000100, -3.010000000000000700 ) ) ;
#1883 = CARTESIAN_POINT ( 'NONE',  ( -1.070000000000000700, 0.2000000000000000100, -0.4000000000000004100 ) ) ;
#1884 = COLOUR_RGB ( '',0.7921568627450980000, 0.8196078431372548800, 0.9333333333333333500 ) ;
#1885 = ORIENTED_EDGE ( 'NONE', *, *, #1044, .T. ) ;
#1886 = VECTOR ( 'NONE', #4057, 1000.000000000000000 ) ;
#1887 = CARTESIAN_POINT ( 'NONE',  ( -1.250000000000000000, 0.2000000000000000100, -2.450000000000000200 ) ) ;
#1888 = CARTESIAN_POINT ( 'NONE',  ( 1.070000000000000100, -0.02500000000000000100, -1.230000000000000400 ) ) ;
#1889 = CARTESIAN_POINT ( 'NONE',  ( 1.800000000000000500, -0.02500000000000000100, 2.799999999999999400 ) ) ;
#1890 = EDGE_CURVE ( 'NONE', #1856, #3468, #4041, .T. ) ;
#1891 = ORIENTED_EDGE ( 'NONE', *, *, #1409, .F. ) ;
#1892 = ADVANCED_FACE ( 'NONE', ( #3251 ), #2492, .F. ) ;
#1893 = LINE ( 'NONE', #3303, #3882 ) ;
#1894 = SURFACE_SIDE_STYLE ('',( #3679 ) ) ;
#1895 = ORIENTED_EDGE ( 'NONE', *, *, #1603, .T. ) ;
#1896 = VECTOR ( 'NONE', #3913, 1000.000000000000000 ) ;
#1897 = ADVANCED_FACE ( 'NONE', ( #3434 ), #1768, .F. ) ;
#1898 = EDGE_CURVE ( 'NONE', #3167, #4150, #611, .T. ) ;
#1899 = CARTESIAN_POINT ( 'NONE',  ( -1.250000000000000000, -0.02500000000000000100, -2.450000000000000200 ) ) ;
#1900 = AXIS2_PLACEMENT_3D ( 'NONE', #2677, #131, #3043 ) ;
#1901 = DIRECTION ( 'NONE',  ( -0.0000000000000000000, 1.000000000000000000, -0.0000000000000000000 ) ) ;
#1902 = DIRECTION ( 'NONE',  ( -1.000000000000000000, 0.0000000000000000000, -1.153406566473941500E-016 ) ) ;
#1903 = VECTOR ( 'NONE', #1703, 1000.000000000000000 ) ;
#1904 = ORIENTED_EDGE ( 'NONE', *, *, #1073, .F. ) ;
#1905 = VECTOR ( 'NONE', #1789, 1000.000000000000000 ) ;
#1906 = DIRECTION ( 'NONE',  ( -0.0000000000000000000, 1.000000000000000000, -0.0000000000000000000 ) ) ;
#1907 = EDGE_CURVE ( 'NONE', #2421, #427, #3089, .T. ) ;
#1908 = VERTEX_POINT ( 'NONE', #476 ) ;
#1909 = PLANE ( 'NONE',  #2767 ) ;
#1910 = DIRECTION ( 'NONE',  ( -1.000000000000000000, -0.0000000000000000000, -0.0000000000000000000 ) ) ;
#1911 =( NAMED_UNIT ( * ) PLANE_ANGLE_UNIT ( ) SI_UNIT ( $, .RADIAN. ) );
#1912 = ORIENTED_EDGE ( 'NONE', *, *, #3647, .F. ) ;
#1913 = ORIENTED_EDGE ( 'NONE', *, *, #3069, .T. ) ;
#1914 = ORIENTED_EDGE ( 'NONE', *, *, #1044, .F. ) ;
#1915 = VECTOR ( 'NONE', #2547, 1000.000000000000000 ) ;
#1916 = MANIFOLD_SOLID_BREP ( 'Fillet1', #2140 ) ;
#1917 = DIRECTION ( 'NONE',  ( 1.000000000000000000, 0.0000000000000000000, 0.0000000000000000000 ) ) ;
#1918 = EDGE_LOOP ( 'NONE', ( #3865, #2075, #2891, #3725 ) ) ;
#1919 = ORIENTED_EDGE ( 'NONE', *, *, #935, .F. ) ;
#1920 = EDGE_CURVE ( 'NONE', #1359, #3526, #2724, .T. ) ;
#1921 = ADVANCED_FACE ( 'NONE', ( #2128 ), #1188, .T. ) ;
#1922 = CARTESIAN_POINT ( 'NONE',  ( -1.000000000000000200, -0.02500000000000000100, -0.3299999999999999000 ) ) ;
#1923 = ORIENTED_EDGE ( 'NONE', *, *, #179, .F. ) ;
#1924 = EDGE_CURVE ( 'NONE', #472, #2715, #3639, .T. ) ;
#1925 = VERTEX_POINT ( 'NONE', #120 ) ;
#1926 = DIRECTION ( 'NONE',  ( -0.0000000000000000000, 1.000000000000000000, -0.0000000000000000000 ) ) ;
#1927 = VERTEX_POINT ( 'NONE', #1175 ) ;
#1928 = CARTESIAN_POINT ( 'NONE',  ( 1.070000000000000700, -0.02500000000000000100, -2.200000000000001100 ) ) ;
#1929 = FACE_OUTER_BOUND ( 'NONE', #3128, .T. ) ;
#1930 = CARTESIAN_POINT ( 'NONE',  ( 0.0000000000000000000, 0.2000000000000000100, 0.0000000000000000000 ) ) ;
#1931 = AXIS2_PLACEMENT_3D ( 'NONE', #376, #3271, #2938 ) ;
#1932 = CARTESIAN_POINT ( 'NONE',  ( 1.070000000000000100, -0.02500000000000000100, -1.230000000000000400 ) ) ;
#1933 = CARTESIAN_POINT ( 'NONE',  ( -2.010000000000000200, -0.02500000000000000100, 0.3999999999999999100 ) ) ;
#1935 = DIRECTION ( 'NONE',  ( 1.153406566473941500E-016, 0.0000000000000000000, 1.000000000000000000 ) ) ;
#1934 = LINE ( 'NONE', #4760, #1989 ) ;
#1936 = CARTESIAN_POINT ( 'NONE',  ( -0.2200000000000006100, -0.02500000000000000100, -1.250000000000000400 ) ) ;
#1937 = CARTESIAN_POINT ( 'NONE',  ( -1.800000000000000000, -0.02500000000000000100, -2.800000000000000300 ) ) ;
#1938 = VECTOR ( 'NONE', #3087, 1000.000000000000000 ) ;
#1939 = LINE ( 'NONE', #3847, #4230 ) ;
#1940 = VECTOR ( 'NONE', #333, 1000.000000000000000 ) ;
#1941 = CARTESIAN_POINT ( 'NONE',  ( 0.3999999999999999700, 0.2000000000000000100, -3.010000000000000200 ) ) ;
#1942 = ADVANCED_FACE ( 'NONE', ( #432 ), #3025, .F. ) ;
#1943 = DIRECTION ( 'NONE',  ( -0.0000000000000000000, -0.0000000000000000000, 1.000000000000000000 ) ) ;
#1944 = VECTOR ( 'NONE', #1838, 1000.000000000000000 ) ;
#1945 = LINE ( 'NONE', #3826, #1564 ) ;
#1946 = CARTESIAN_POINT ( 'NONE',  ( 1.249999999999999800, -0.02500000000000000100, 2.799999999999999400 ) ) ;
#1947 = LINE ( 'NONE', #4667, #2923 ) ;
#1948 = CARTESIAN_POINT ( 'NONE',  ( 2.010000000000000200, 0.2000000000000000100, -0.8500000000000005300 ) ) ;
#1949 = PLANE ( 'NONE',  #3635 ) ;
#1950 = CARTESIAN_POINT ( 'NONE',  ( -2.000000000000000000, 0.0000000000000000000, -3.000000000000000000 ) ) ;
#1951 = ORIENTED_EDGE ( 'NONE', *, *, #600, .F. ) ;
#1952 = LINE ( 'NONE', #312, #988 ) ;
#1953 = ORIENTED_EDGE ( 'NONE', *, *, #2228, .T. ) ;
#1954 = DIRECTION ( 'NONE',  ( -0.0000000000000000000, 1.000000000000000000, -0.0000000000000000000 ) ) ;
#1955 = EDGE_CURVE ( 'NONE', #2447, #283, #3969, .T. ) ;
#1956 = MECHANICAL_DESIGN_GEOMETRIC_PRESENTATION_REPRESENTATION (  '', ( #1810 ), #321 ) ;
#1957 = ORIENTED_EDGE ( 'NONE', *, *, #3333, .F. ) ;
#1958 = VECTOR ( 'NONE', #379, 1000.000000000000000 ) ;
#1959 = DIRECTION ( 'NONE',  ( 1.000000000000000000, 0.0000000000000000000, 0.0000000000000000000 ) ) ;
#1960 = VERTEX_POINT ( 'NONE', #3054 ) ;
#1961 = LINE ( 'NONE', #1272, #996 ) ;
#1962 = EDGE_CURVE ( 'NONE', #146, #1692, #593, .T. ) ;
#1963 = CARTESIAN_POINT ( 'NONE',  ( -2.010000000000000700, 0.2000000000000000100, -2.000000000000000400 ) ) ;
#1964 = VERTEX_POINT ( 'NONE', #1078 ) ;
#1965 = DIRECTION ( 'NONE',  ( 0.0000000000000000000, 1.000000000000000000, 0.0000000000000000000 ) ) ;
#1966 = LINE ( 'NONE', #4676, #2430 ) ;
#1967 = ADVANCED_FACE ( 'NONE', ( #199 ), #4488, .F. ) ;
#1968 = CLOSED_SHELL ( 'NONE', ( #2147, #1497, #3220, #3015, #1412, #3696, #2306, #1486 ) ) ;
#1969 = LINE ( 'NONE', #1237, #2481 ) ;
#1970 = CARTESIAN_POINT ( 'NONE',  ( -0.3299999999999995700, 0.2000000000000000100, -1.250000000000000200 ) ) ;
#1971 = ORIENTED_EDGE ( 'NONE', *, *, #3134, .T. ) ;
#1972 = VERTEX_POINT ( 'NONE', #1206 ) ;
#1973 = DIRECTION ( 'NONE',  ( -1.000000000000000000, 0.0000000000000000000, -1.441758208092427000E-016 ) ) ;
#1974 = ORIENTED_EDGE ( 'NONE', *, *, #2534, .F. ) ;
#1975 = DIRECTION ( 'NONE',  ( 0.0000000000000000000, 1.000000000000000000, 0.0000000000000000000 ) ) ;
#1976 = CARTESIAN_POINT ( 'NONE',  ( -0.3300000000000001800, -0.02500000000000000100, -1.320000000000000500 ) ) ;
#1977 = EDGE_CURVE ( 'NONE', #3902, #3067, #370, .T. ) ;
#1978 = EDGE_LOOP ( 'NONE', ( #1912, #2325, #4140, #505, #177, #2883, #4189, #1095, #2997, #2536, #4679, #4624 ) ) ;
#1979 = DIRECTION ( 'NONE',  ( -1.441758208092427000E-016, 0.0000000000000000000, -1.000000000000000000 ) ) ;
#1980 = CARTESIAN_POINT ( 'NONE',  ( -1.070000000000000500, 0.2000000000000000100, -2.000000000000000900 ) ) ;
#1981 = SURFACE_STYLE_FILL_AREA ( #3788 ) ;
#1982 = DIRECTION ( 'NONE',  ( 0.0000000000000000000, 1.000000000000000000, 0.0000000000000000000 ) ) ;
#1983 = EDGE_CURVE ( 'NONE', #297, #1998, #3357, .T. ) ;
#1984 = AXIS2_PLACEMENT_3D ( 'NONE', #2655, #4177, #3033 ) ;
#1985 = DIRECTION ( 'NONE',  ( -0.0000000000000000000, 1.000000000000000000, -0.0000000000000000000 ) ) ;
#1986 = ORIENTED_EDGE ( 'NONE', *, *, #1285, .T. ) ;
#1987 = CARTESIAN_POINT ( 'NONE',  ( -0.9999999999999997800, 0.2000000000000000100, -3.010000000000000200 ) ) ;
#1988 = DIRECTION ( 'NONE',  ( -1.000000000000000000, 0.0000000000000000000, 1.971276677246390800E-015 ) ) ;
#1989 = VECTOR ( 'NONE', #787, 1000.000000000000000 ) ;
#1990 = EDGE_CURVE ( 'NONE', #3072, #4091, #3695, .T. ) ;
#1991 = CIRCLE ( 'NONE', #4581, 0.07000000000000018700 ) ;
#1992 = CARTESIAN_POINT ( 'NONE',  ( 1.070000000000000700, -0.02500000000000000100, -1.750000000000000700 ) ) ;
#1993 = VECTOR ( 'NONE', #3053, 1000.000000000000000 ) ;
#1994 = VECTOR ( 'NONE', #3680, 1000.000000000000000 ) ;
#1995 = DIRECTION ( 'NONE',  ( 0.0000000000000000000, 0.0000000000000000000, 1.000000000000000000 ) ) ;
#1996 = AXIS2_PLACEMENT_3D ( 'NONE', #4451, #1879, #1553 ) ;
#1997 = CARTESIAN_POINT ( 'NONE',  ( -2.010000000000000200, 0.2000000000000000100, -1.100000000000000300 ) ) ;
#1998 = VERTEX_POINT ( 'NONE', #3655 ) ;
#1999 = VECTOR ( 'NONE', #3245, 1000.000000000000000 ) ;
#2000 = ORIENTED_EDGE ( 'NONE', *, *, #2150, .T. ) ;
#2001 = EDGE_LOOP ( 'NONE', ( #4095, #206, #4025, #1454, #4484, #3323 ) ) ;
#2002 = LINE ( 'NONE', #1832, #2640 ) ;
#2003 = AXIS2_PLACEMENT_3D ( 'NONE', #3432, #2669, #2650 ) ;
#2004 = CARTESIAN_POINT ( 'NONE',  ( 2.000000000000000000, 1.600000000000000100, -3.000000000000000000 ) ) ;
#2005 = EDGE_LOOP ( 'NONE', ( #641, #2137, #4271, #4296 ) ) ;
#2006 = EDGE_LOOP ( 'NONE', ( #4292, #4213, #1713, #184 ) ) ;
#2007 = VECTOR ( 'NONE', #1820, 1000.000000000000000 ) ;
#2008 = EDGE_CURVE ( 'NONE', #3583, #2718, #2659, .T. ) ;
#2009 = AXIS2_PLACEMENT_3D ( 'NONE', #1946, #96, #1177 ) ;
#2010 = ORIENTED_EDGE ( 'NONE', *, *, #4728, .F. ) ;
#2011 = ORIENTED_EDGE ( 'NONE', *, *, #2670, .T. ) ;
#2012 = VECTOR ( 'NONE', #3277, 1000.000000000000000 ) ;
#2013 = SURFACE_STYLE_USAGE ( .BOTH. , #4638 ) ;
#2014 = DIRECTION ( 'NONE',  ( -0.0000000000000000000, 1.000000000000000000, -0.0000000000000000000 ) ) ;
#2015 = ORIENTED_EDGE ( 'NONE', *, *, #4404, .F. ) ;
#2016 = EDGE_CURVE ( 'NONE', #4510, #2412, #654, .T. ) ;
#2017 = VERTEX_POINT ( 'NONE', #4168 ) ;
#2018 = FACE_OUTER_BOUND ( 'NONE', #2006, .T. ) ;
#2019 = DIRECTION ( 'NONE',  ( 1.000000000000000000, 0.0000000000000000000, 4.613626265895763100E-016 ) ) ;
#2020 = ORIENTED_EDGE ( 'NONE', *, *, #1547, .T. ) ;
#2021 = CARTESIAN_POINT ( 'NONE',  ( -1.800000000000000500, -0.02500000000000000100, 2.250000000000000400 ) ) ;
#2022 = DIRECTION ( 'NONE',  ( 0.0000000000000000000, 0.0000000000000000000, 1.000000000000000000 ) ) ;
#2023 = VERTEX_POINT ( 'NONE', #2351 ) ;
#2024 = CARTESIAN_POINT ( 'NONE',  ( 1.249999999999999800, -0.02500000000000000100, 3.010000000000000200 ) ) ;
#2025 = PRODUCT_CONTEXT ( 'NONE', #4269, 'mechanical' ) ;
#2026 = DIRECTION ( 'NONE',  ( -1.000000000000000000, 0.0000000000000000000, -0.0000000000000000000 ) ) ;
#2027 = ORIENTED_EDGE ( 'NONE', *, *, #2219, .F. ) ;
#2028 = EDGE_LOOP ( 'NONE', ( #3060, #23, #2105, #886 ) ) ;
#2029 = CARTESIAN_POINT ( 'NONE',  ( 1.000000000000000000, 0.2000000000000000100, -2.450000000000000200 ) ) ;
#2030 =( NAMED_UNIT ( * ) PLANE_ANGLE_UNIT ( ) SI_UNIT ( $, .RADIAN. ) );
#2031 = ORIENTED_EDGE ( 'NONE', *, *, #457, .F. ) ;
#2032 = DIRECTION ( 'NONE',  ( -0.0000000000000000000, 1.000000000000000000, -0.0000000000000000000 ) ) ;
#2033 = DIRECTION ( 'NONE',  ( 1.000000000000000000, -0.0000000000000000000, -0.0000000000000000000 ) ) ;
#2034 = EDGE_CURVE ( 'NONE', #2832, #2181, #3018, .T. ) ;
#2035 = VECTOR ( 'NONE', #60, 1000.000000000000000 ) ;
#2036 = SURFACE_SIDE_STYLE ('',( #3831 ) ) ;
#2037 = EDGE_CURVE ( 'NONE', #1070, #1856, #1702, .T. ) ;
#2038 = LINE ( 'NONE', #3514, #4047 ) ;
#2039 = DIRECTION ( 'NONE',  ( 0.0000000000000000000, 0.0000000000000000000, -1.000000000000000000 ) ) ;
#2040 = CARTESIAN_POINT ( 'NONE',  ( -1.070000000000000700, -0.02500000000000000100, -1.550000000000000500 ) ) ;
#2041 = FACE_OUTER_BOUND ( 'NONE', #4682, .T. ) ;
#2042 = AXIS2_PLACEMENT_3D ( 'NONE', #3874, #1330, #1709 ) ;
#2043 = CARTESIAN_POINT ( 'NONE',  ( 1.000000000000000200, -0.02500000000000000100, -0.7200000000000008600 ) ) ;
#2044 = VECTOR ( 'NONE', #2464, 1000.000000000000000 ) ;
#2045 = VECTOR ( 'NONE', #4668, 1000.000000000000000 ) ;
#2046 = ORIENTED_EDGE ( 'NONE', *, *, #3506, .F. ) ;
#2047 = CARTESIAN_POINT ( 'NONE',  ( 1.000000000000000200, -0.02500000000000000100, -1.620000000000001200 ) ) ;
#2048 = FILL_AREA_STYLE_COLOUR ( '', #1422 ) ;
#2049 = DIRECTION ( 'NONE',  ( 0.0000000000000000000, -1.000000000000000000, 0.0000000000000000000 ) ) ;
#2050 = ORIENTED_EDGE ( 'NONE', *, *, #546, .F. ) ;
#2051 = VECTOR ( 'NONE', #268, 1000.000000000000000 ) ;
#2052 = VERTEX_POINT ( 'NONE', #1267 ) ;
#2053 = EDGE_CURVE ( 'NONE', #3120, #3085, #956, .T. ) ;
#2054 = MECHANICAL_DESIGN_GEOMETRIC_PRESENTATION_REPRESENTATION (  '', ( #4275 ), #3070 ) ;
#2055 = ORIENTED_EDGE ( 'NONE', *, *, #637, .F. ) ;
#2056 = PLANE ( 'NONE',  #859 ) ;
#2057 = ORIENTED_EDGE ( 'NONE', *, *, #2150, .F. ) ;
#2058 = LINE ( 'NONE', #500, #3170 ) ;
#2059 = LINE ( 'NONE', #954, #4013 ) ;
#2060 = CARTESIAN_POINT ( 'NONE',  ( -0.1500000000000001600, -0.02500000000000000100, -1.320000000000001000 ) ) ;
#2061 = ORIENTED_EDGE ( 'NONE', *, *, #516, .F. ) ;
#2062 = LINE ( 'NONE', #2946, #4142 ) ;
#2063 = DIRECTION ( 'NONE',  ( -0.0000000000000000000, -0.0000000000000000000, 1.000000000000000000 ) ) ;
#2064 = EDGE_CURVE ( 'NONE', #3699, #2875, #4370, .T. ) ;
#2065 = STYLED_ITEM ( 'NONE', ( #3669 ), #3623 ) ;
#2066 = APPLICATION_PROTOCOL_DEFINITION ( 'draft international standard', 'automotive_design', 1998, #4604 ) ;
#2067 = ORIENTED_EDGE ( 'NONE', *, *, #1704, .F. ) ;
#2068 = AXIS2_PLACEMENT_3D ( 'NONE', #4347, #315, #3965 ) ;
#2069 = CARTESIAN_POINT ( 'NONE',  ( -2.010000000000000200, -0.02500000000000000100, -2.450000000000000200 ) ) ;
#2070 = EDGE_LOOP ( 'NONE', ( #4662, #3308, #973, #4205 ) ) ;
#2071 = ORIENTED_EDGE ( 'NONE', *, *, #3654, .F. ) ;
#2072 = CARTESIAN_POINT ( 'NONE',  ( 1.070000000000000700, -0.02500000000000000100, -1.750000000000000700 ) ) ;
#2073 = DIRECTION ( 'NONE',  ( 0.0000000000000000000, 0.0000000000000000000, -1.000000000000000000 ) ) ;
#2074 = ORIENTED_EDGE ( 'NONE', *, *, #4728, .T. ) ;
#2075 = ORIENTED_EDGE ( 'NONE', *, *, #3706, .T. ) ;
#2076 = ORIENTED_EDGE ( 'NONE', *, *, #1310, .T. ) ;
#2077 = CARTESIAN_POINT ( 'NONE',  ( -0.3299999999999995700, -0.02500000000000000100, -1.250000000000000200 ) ) ;
#2078 = DIRECTION ( 'NONE',  ( 0.0000000000000000000, 0.0000000000000000000, 1.000000000000000000 ) ) ;
#2079 = EDGE_LOOP ( 'NONE', ( #547, #1300 ) ) ;
#2080 = DIRECTION ( 'NONE',  ( -1.000000000000000000, -0.0000000000000000000, -0.0000000000000000000 ) ) ;
#2081 = CARTESIAN_POINT ( 'NONE',  ( -1.250000000000000000, -0.02500000000000000100, -3.010000000000000200 ) ) ;
#2082 = LINE ( 'NONE', #1928, #2907 ) ;
#2083 = VERTEX_POINT ( 'NONE', #4573 ) ;
#2084 = CARTESIAN_POINT ( 'NONE',  ( 1.000000000000000000, -0.02500000000000000100, -1.170000000000000800 ) ) ;
#2085 = PRESENTATION_STYLE_ASSIGNMENT (( #2523 ) ) ;
#2086 = EDGE_CURVE ( 'NONE', #2890, #4582, #3126, .T. ) ;
#2087 = DIRECTION ( 'NONE',  ( 0.0000000000000000000, 1.000000000000000000, 0.0000000000000000000 ) ) ;
#2088 = CARTESIAN_POINT ( 'NONE',  ( 1.070000000000000700, -0.02500000000000000100, -1.550000000000000500 ) ) ;
#2089 = VECTOR ( 'NONE', #1281, 1000.000000000000000 ) ;
#2090 = DIRECTION ( 'NONE',  ( -1.000000000000000000, 0.0000000000000000000, -0.0000000000000000000 ) ) ;
#2091 = EDGE_CURVE ( 'NONE', #19, #70, #4613, .T. ) ;
#2092 = ADVANCED_FACE ( 'NONE', ( #1289 ), #573, .F. ) ;
#2093 = DIRECTION ( 'NONE',  ( 0.0000000000000000000, 0.0000000000000000000, 1.000000000000000000 ) ) ;
#2094 = VECTOR ( 'NONE', #4028, 1000.000000000000000 ) ;
#2095 = FACE_OUTER_BOUND ( 'NONE', #4415, .T. ) ;
#2096 = EDGE_LOOP ( 'NONE', ( #3191, #2341, #896, #2462, #3869, #2551 ) ) ;
#2097 = VECTOR ( 'NONE', #393, 1000.000000000000000 ) ;
#2098 = CARTESIAN_POINT ( 'NONE',  ( -1.000000000000000000, -0.02500000000000000100, 2.799999999999999400 ) ) ;
#2099 = ORIENTED_EDGE ( 'NONE', *, *, #3771, .T. ) ;
#2100 = ORIENTED_EDGE ( 'NONE', *, *, #3185, .F. ) ;
#2101 = MANIFOLD_SOLID_BREP ( 'Boss-Extrude2[2]', #2806 ) ;
#2102 = ORIENTED_EDGE ( 'NONE', *, *, #2338, .F. ) ;
#2103 = AXIS2_PLACEMENT_3D ( 'NONE', #4571, #3157, #4211 ) ;
#2104 = DIRECTION ( 'NONE',  ( -1.000000000000000000, 0.0000000000000000000, 1.730109849710912800E-016 ) ) ;
#2105 = ORIENTED_EDGE ( 'NONE', *, *, #2275, .F. ) ;
#2106 = CIRCLE ( 'NONE', #1465, 0.06999999999999996500 ) ;
#2107 = DIRECTION ( 'NONE',  ( 1.000000000000000000, 0.0000000000000000000, 0.0000000000000000000 ) ) ;
#2108 = ORIENTED_EDGE ( 'NONE', *, *, #4500, .T. ) ;
#2109 = LINE ( 'NONE', #1405, #1326 ) ;
#2110 = ORIENTED_EDGE ( 'NONE', *, *, #3039, .T. ) ;
#2111 = CIRCLE ( 'NONE', #2688, 0.06999999999999996500 ) ;
#2112 = CARTESIAN_POINT ( 'NONE',  ( 2.000000000000000000, 0.0000000000000000000, 3.000000000000000000 ) ) ;
#2113 = ADVANCED_FACE ( 'NONE', ( #4564 ), #4086, .T. ) ;
#2114 = ORIENTED_EDGE ( 'NONE', *, *, #1234, .F. ) ;
#2115 = CARTESIAN_POINT ( 'NONE',  ( 0.1499999999999997400, 0.2000000000000000100, -3.010000000000000700 ) ) ;
#2116 = LINE ( 'NONE', #2519, #2012 ) ;
#2117 = EDGE_CURVE ( 'NONE', #2941, #488, #3752, .T. ) ;
#2118 = AXIS2_PLACEMENT_3D ( 'NONE', #2793, #596, #3946 ) ;
#2119 = CARTESIAN_POINT ( 'NONE',  ( 0.2200000000000006100, -0.02500000000000000100, -1.250000000000000400 ) ) ;
#2120 = ORIENTED_EDGE ( 'NONE', *, *, #774, .F. ) ;
#2121 = ADVANCED_FACE ( 'NONE', ( #1059 ), #2525, .F. ) ;
#2122 = LINE ( 'NONE', #2004, #2538 ) ;
#2123 = CARTESIAN_POINT ( 'NONE',  ( 0.4000000000000003000, -0.02500000000000000100, -1.320000000000001000 ) ) ;
#2124 = DIRECTION ( 'NONE',  ( 0.0000000000000000000, 1.000000000000000000, 0.0000000000000000000 ) ) ;
#2125 = DIRECTION ( 'NONE',  ( 1.000000000000000000, 0.0000000000000000000, 1.730109849710912800E-016 ) ) ;
#2126 = EDGE_CURVE ( 'NONE', #3526, #4158, #1647, .T. ) ;
#2127 = EDGE_LOOP ( 'NONE', ( #2242, #2198, #2010, #3273 ) ) ;
#2128 = FACE_OUTER_BOUND ( 'NONE', #444, .T. ) ;
#2129 = PRODUCT_DEFINITION_FORMATION_WITH_SPECIFIED_SOURCE ( 'ANY', '', #415, .NOT_KNOWN. ) ;
#2130 = DIRECTION ( 'NONE',  ( 1.000000000000000000, -0.0000000000000000000, -1.734723475976805500E-015 ) ) ;
#2131 = CARTESIAN_POINT ( 'NONE',  ( -1.000000000000000000, -0.02500000000000000100, -2.130000000000000300 ) ) ;
#2132 = ORIENTED_EDGE ( 'NONE', *, *, #1098, .T. ) ;
#2133 = EDGE_LOOP ( 'NONE', ( #4198, #1706, #1115, #2027 ) ) ;
#2134 = PLANE ( 'NONE',  #2575 ) ;
#2135 = ORIENTED_EDGE ( 'NONE', *, *, #4343, .T. ) ;
#2136 = EDGE_CURVE ( 'NONE', #4265, #3137, #86, .T. ) ;
#2137 = ORIENTED_EDGE ( 'NONE', *, *, #2449, .T. ) ;
#2138 = DIRECTION ( 'NONE',  ( 0.0000000000000000000, 1.000000000000000000, 0.0000000000000000000 ) ) ;
#2139 = ORIENTED_EDGE ( 'NONE', *, *, #1426, .F. ) ;
#2140 = CLOSED_SHELL ( 'NONE', ( #1462, #3722, #3364, #2258, #2926, #2249, #4759, #724, #4665, #95, #2885 ) ) ;
#2141 = ADVANCED_FACE ( 'NONE', ( #4498 ), #2846, .T. ) ;
#2142 = CARTESIAN_POINT ( 'NONE',  ( -1.000000000000001100, -0.02500000000000000100, 3.010000000000000200 ) ) ;
#2143 = PLANE ( 'NONE',  #3601 ) ;
#2144 = VECTOR ( 'NONE', #3579, 1000.000000000000000 ) ;
#2145 = CARTESIAN_POINT ( 'NONE',  ( -1.500000000000000000, 1.600000000000000100, -2.299999999999999800 ) ) ;
#2146 = DIRECTION ( 'NONE',  ( 0.0000000000000000000, 0.0000000000000000000, -1.000000000000000000 ) ) ;
#2147 = ADVANCED_FACE ( 'NONE', ( #3523 ), #1801, .F. ) ;
#2148 = DIRECTION ( 'NONE',  ( 1.000000000000000000, -0.0000000000000000000, 1.153406566473941500E-016 ) ) ;
#2149 =( NAMED_UNIT ( * ) PLANE_ANGLE_UNIT ( ) SI_UNIT ( $, .RADIAN. ) );
#2150 = EDGE_CURVE ( 'NONE', #3843, #3559, #3295, .T. ) ;
#2151 = AXIS2_PLACEMENT_3D ( 'NONE', #2084, #2809, #1339 ) ;
#2152 = CARTESIAN_POINT ( 'NONE',  ( 2.010000000000000200, 0.2000000000000000100, 2.050000000000000300 ) ) ;
#2153 = CARTESIAN_POINT ( 'NONE',  ( -1.070000000000000300, 0.2000000000000000100, -0.2700000000000004600 ) ) ;
#2154 = CARTESIAN_POINT ( 'NONE',  ( -2.010000000000000200, -0.02500000000000000100, 1.150000000000000100 ) ) ;
#2155 = EDGE_CURVE ( 'NONE', #4449, #4420, #2261, .T. ) ;
#2156 = VECTOR ( 'NONE', #1572, 1000.000000000000000 ) ;
#2157 = CARTESIAN_POINT ( 'NONE',  ( -1.070000000000000700, 0.2000000000000000100, -0.6500000000000003600 ) ) ;
#2158 = LINE ( 'NONE', #3629, #3877 ) ;
#2159 = VERTEX_POINT ( 'NONE', #3958 ) ;
#2160 = VECTOR ( 'NONE', #48, 1000.000000000000000 ) ;
#2161 = DIRECTION ( 'NONE',  ( 0.0000000000000000000, 0.0000000000000000000, 1.000000000000000000 ) ) ;
#2162 = DIRECTION ( 'NONE',  ( 1.000000000000000000, 0.0000000000000000000, -0.0000000000000000000 ) ) ;
#2163 = VERTEX_POINT ( 'NONE', #681 ) ;
#2164 = LINE ( 'NONE', #4009, #4283 ) ;
#2165 = LINE ( 'NONE', #2277, #3616 ) ;
#2166 = EDGE_CURVE ( 'NONE', #3699, #350, #3011, .T. ) ;
#2167 = DIRECTION ( 'NONE',  ( -0.0000000000000000000, 1.000000000000000000, -0.0000000000000000000 ) ) ;
#2168 = CARTESIAN_POINT ( 'NONE',  ( -1.800000000000000000, -0.02500000000000000100, -2.649999999999999900 ) ) ;
#2169 = DIRECTION ( 'NONE',  ( -0.0000000000000000000, 1.000000000000000000, -0.0000000000000000000 ) ) ;
#2170 = ORIENTED_EDGE ( 'NONE', *, *, #3857, .T. ) ;
#2171 = EDGE_LOOP ( 'NONE', ( #878, #1662, #3239, #2774, #1181, #527, #2380, #4099, #3649 ) ) ;
#2172 = UNCERTAINTY_MEASURE_WITH_UNIT (LENGTH_MEASURE( 1.000000000000000100E-005 ), #1625, 'distance_accuracy_value', 'NONE');
#2173 = PLANE ( 'NONE',  #2731 ) ;
#2174 = LINE ( 'NONE', #4038, #4407 ) ;
#2175 = CARTESIAN_POINT ( 'NONE',  ( 2.010000000000000700, -0.02500000000000000100, -2.000000000000000400 ) ) ;
#2176 = ORIENTED_EDGE ( 'NONE', *, *, #4192, .F. ) ;
#2177 = ADVANCED_FACE ( 'NONE', ( #2255 ), #2829, .T. ) ;
#2178 = VERTEX_POINT ( 'NONE', #3593 ) ;
#2179 = CARTESIAN_POINT ( 'NONE',  ( -2.010000000000000200, -0.02500000000000000100, -0.6500000000000004700 ) ) ;
#2180 = DIRECTION ( 'NONE',  ( -0.0000000000000000000, 1.000000000000000000, -0.0000000000000000000 ) ) ;
#2181 = VERTEX_POINT ( 'NONE', #769 ) ;
#2182 = VECTOR ( 'NONE', #3042, 1000.000000000000000 ) ;
#2183 = DIRECTION ( 'NONE',  ( 1.000000000000000000, 0.0000000000000000000, -0.0000000000000000000 ) ) ;
#2184 = ORIENTED_EDGE ( 'NONE', *, *, #3803, .F. ) ;
#2185 = CARTESIAN_POINT ( 'NONE',  ( 2.000000000000000000, 1.600000000000000100, 3.000000000000000000 ) ) ;
#2186 = ORIENTED_EDGE ( 'NONE', *, *, #920, .T. ) ;
#2187 = LINE ( 'NONE', #2043, #248 ) ;
#2188 = DIRECTION ( 'NONE',  ( -0.0000000000000000000, 1.000000000000000000, -0.0000000000000000000 ) ) ;
#2189 = VERTEX_POINT ( 'NONE', #3250 ) ;
#2190 = ORIENTED_EDGE ( 'NONE', *, *, #3232, .F. ) ;
#2191 = EDGE_CURVE ( 'NONE', #3159, #3646, #251, .T. ) ;
#2192 = ORIENTED_EDGE ( 'NONE', *, *, #2564, .T. ) ;
#2193 = CARTESIAN_POINT ( 'NONE',  ( 1.250000000000000000, -0.02500000000000000100, -3.010000000000000200 ) ) ;
#2194 = ADVANCED_FACE ( 'NONE', ( #2018 ), #772, .T. ) ;
#2195 = CARTESIAN_POINT ( 'NONE',  ( -1.000000000000000000, 0.2000000000000000100, -1.170000000000000800 ) ) ;
#2196 = EDGE_CURVE ( 'NONE', #3755, #3017, #2383, .T. ) ;
#2197 =( NAMED_UNIT ( * ) SI_UNIT ( $, .STERADIAN. ) SOLID_ANGLE_UNIT ( ) );
#2198 = ORIENTED_EDGE ( 'NONE', *, *, #1907, .T. ) ;
#2199 = ORIENTED_EDGE ( 'NONE', *, *, #1977, .T. ) ;
#2200 = ORIENTED_EDGE ( 'NONE', *, *, #4128, .T. ) ;
#2201 = DIRECTION ( 'NONE',  ( 0.7071067811865460200, -0.0000000000000000000, -0.7071067811865490200 ) ) ;
#2202 = CARTESIAN_POINT ( 'NONE',  ( -2.010000000000000200, -0.02500000000000000100, -1.100000000000000300 ) ) ;
#2203 = DIRECTION ( 'NONE',  ( 0.0000000000000000000, -1.000000000000000000, 0.0000000000000000000 ) ) ;
#2204 = DIRECTION ( 'NONE',  ( -0.0000000000000000000, 1.000000000000000000, -0.0000000000000000000 ) ) ;
#2205 = ORIENTED_EDGE ( 'NONE', *, *, #4029, .F. ) ;
#2206 = ORIENTED_EDGE ( 'NONE', *, *, #1724, .F. ) ;
#2207 = VECTOR ( 'NONE', #668, 1000.000000000000000 ) ;
#2208 = CARTESIAN_POINT ( 'NONE',  ( 2.010000000000000700, -0.02500000000000000100, -2.000000000000000400 ) ) ;
#2209 = CARTESIAN_POINT ( 'NONE',  ( 1.070000000000000700, -0.02500000000000000100, -0.4000000000000004100 ) ) ;
#2210 = AXIS2_PLACEMENT_3D ( 'NONE', #4356, #392, #2557 ) ;
#2211 = CARTESIAN_POINT ( 'NONE',  ( 1.070000000000000300, -0.02500000000000000100, -0.7200000000000004200 ) ) ;
#2212 = CARTESIAN_POINT ( 'NONE',  ( -1.070000000000000700, 0.2000000000000000100, -1.100000000000000300 ) ) ;
#2213 = VECTOR ( 'NONE', #2180, 1000.000000000000000 ) ;
#2214 = CARTESIAN_POINT ( 'NONE',  ( 1.000000000000000200, 0.2000000000000000100, -1.680000000000000200 ) ) ;
#2215 = CARTESIAN_POINT ( 'NONE',  ( 1.070000000000000100, -0.02500000000000000100, -2.130000000000000800 ) ) ;
#2216 = CARTESIAN_POINT ( 'NONE',  ( -2.010000000000000200, -0.02500000000000000100, -2.200000000000000600 ) ) ;
#2218 = CARTESIAN_POINT ( 'NONE',  ( -0.2200000000000006100, 0.2000000000000000100, -1.250000000000000400 ) ) ;
#2217 = LINE ( 'NONE', #4570, #3494 ) ;
#2219 = EDGE_CURVE ( 'NONE', #488, #3181, #1805, .T. ) ;
#2220 = ADVANCED_FACE ( 'NONE', ( #3237 ), #3286, .F. ) ;
#2221 = AXIS2_PLACEMENT_3D ( 'NONE', #3000, #800, #4518 ) ;
#2222 = LINE ( 'NONE', #1696, #1258 ) ;
#2223 = VECTOR ( 'NONE', #5, 1000.000000000000000 ) ;
#2224 = ORIENTED_EDGE ( 'NONE', *, *, #4093, .T. ) ;
#2225 = VECTOR ( 'NONE', #942, 1000.000000000000000 ) ;
#2226 = DIRECTION ( 'NONE',  ( -1.000000000000000000, 0.0000000000000000000, 1.971276677246390500E-015 ) ) ;
#2227 = ADVANCED_FACE ( 'NONE', ( #3469 ), #1104, .F. ) ;
#2228 = EDGE_CURVE ( 'NONE', #1822, #3159, #1053, .T. ) ;
#2229 = DIRECTION ( 'NONE',  ( -2.168404344971008100E-015, 0.0000000000000000000, -1.000000000000000000 ) ) ;
#2230 = AXIS2_PLACEMENT_3D ( 'NONE', #764, #364, #1507 ) ;
#2231 = ORIENTED_EDGE ( 'NONE', *, *, #2228, .F. ) ;
#2232 = LINE ( 'NONE', #303, #1502 ) ;
#2233 = CARTESIAN_POINT ( 'NONE',  ( 1.070000000000000300, 0.2000000000000000100, -0.3300000000000004000 ) ) ;
#2234 = CARTESIAN_POINT ( 'NONE',  ( -2.010000000000000200, 0.2000000000000000100, 0.3999999999999999100 ) ) ;
#2235 = CARTESIAN_POINT ( 'NONE',  ( -1.070000000000000100, 0.2000000000000000100, -1.230000000000000400 ) ) ;
#2236 = VECTOR ( 'NONE', #83, 1000.000000000000000 ) ;
#2237 = ORIENTED_EDGE ( 'NONE', *, *, #1924, .T. ) ;
#2238 = CIRCLE ( 'NONE', #921, 0.2000000000000000900 ) ;
#2239 = DIRECTION ( 'NONE',  ( -0.0000000000000000000, 1.000000000000000000, -0.0000000000000000000 ) ) ;
#2240 = EDGE_CURVE ( 'NONE', #2432, #3399, #829, .T. ) ;
#2241 = CARTESIAN_POINT ( 'NONE',  ( -1.000000000000000000, -0.02500000000000000100, -1.170000000000000800 ) ) ;
#2242 = ORIENTED_EDGE ( 'NONE', *, *, #1172, .T. ) ;
#2243 = FACE_OUTER_BOUND ( 'NONE', #4385, .T. ) ;
#2244 = ORIENTED_EDGE ( 'NONE', *, *, #4365, .T. ) ;
#2245 = LINE ( 'NONE', #4317, #479 ) ;
#2246 = ORIENTED_EDGE ( 'NONE', *, *, #1670, .T. ) ;
#2247 = COLOUR_RGB ( '',0.7921568627450980000, 0.8196078431372548800, 0.9333333333333333500 ) ;
#2248 = CARTESIAN_POINT ( 'NONE',  ( -1.249999999999999800, -0.02500000000000000100, 2.799999999999999400 ) ) ;
#2249 = ADVANCED_FACE ( 'NONE', ( #301 ), #1514, .F. ) ;
#2250 = DIRECTION ( 'NONE',  ( -0.0000000000000000000, 1.000000000000000000, -0.0000000000000000000 ) ) ;
#2251 = ORIENTED_EDGE ( 'NONE', *, *, #1098, .F. ) ;
#2252 = DIRECTION ( 'NONE',  ( 0.0000000000000000000, 1.000000000000000000, 0.0000000000000000000 ) ) ;
#2253 = ORIENTED_EDGE ( 'NONE', *, *, #1376, .F. ) ;
#2254 = CARTESIAN_POINT ( 'NONE',  ( 1.800000000000000500, -0.02500000000000000100, 2.799999999999999400 ) ) ;
#2255 = FACE_OUTER_BOUND ( 'NONE', #3169, .T. ) ;
#2256 = DIRECTION ( 'NONE',  ( -0.0000000000000000000, -0.0000000000000000000, -1.000000000000000000 ) ) ;
#2257 = AXIS2_PLACEMENT_3D ( 'NONE', #1530, #80, #1902 ) ;
#2258 = ADVANCED_FACE ( 'NONE', ( #4084 ), #4051, .F. ) ;
#2259 = CARTESIAN_POINT ( 'NONE',  ( -2.010000000000000700, -0.02500000000000000100, -2.000000000000000400 ) ) ;
#2260 = ORIENTED_EDGE ( 'NONE', *, *, #567, .T. ) ;
#2261 = LINE ( 'NONE', #4696, #195 ) ;
#2262 = CARTESIAN_POINT ( 'NONE',  ( 2.010000000000000200, 0.2000000000000000100, -2.450000000000000200 ) ) ;
#2263 = CARTESIAN_POINT ( 'NONE',  ( -2.010000000000000200, -0.02500000000000000100, -0.6500000000000004700 ) ) ;
#2264 = EDGE_CURVE ( 'NONE', #3017, #3159, #426, .T. ) ;
#2265 = EDGE_LOOP ( 'NONE', ( #3362, #344, #4618, #2139 ) ) ;
#2266 = AXIS2_PLACEMENT_3D ( 'NONE', #3460, #3430, #4188 ) ;
#2267 = ORIENTED_EDGE ( 'NONE', *, *, #4512, .T. ) ;
#2268 = SURFACE_STYLE_USAGE ( .BOTH. , #1894 ) ;
#2269 = CARTESIAN_POINT ( 'NONE',  ( -2.010000000000000200, -0.02500000000000000100, -2.649999999999999900 ) ) ;
#2270 = DIRECTION ( 'NONE',  ( -1.000000000000000000, 0.0000000000000000000, -3.872150616019661800E-016 ) ) ;
#2271 = ORIENTED_EDGE ( 'NONE', *, *, #953, .F. ) ;
#2272 = MANIFOLD_SOLID_BREP ( 'Mirror5[6]', #2484 ) ;
#2273 = CARTESIAN_POINT ( 'NONE',  ( 2.010000000000000200, 0.2000000000000000100, -1.100000000000000300 ) ) ;
#2274 = DIRECTION ( 'NONE',  ( -1.283079494065686400E-016, 0.0000000000000000000, -1.000000000000000000 ) ) ;
#2275 = EDGE_CURVE ( 'NONE', #2873, #1058, #2598, .T. ) ;
#2276 = CARTESIAN_POINT ( 'NONE',  ( -1.000000000000000000, 0.2000000000000000100, 2.799999999999999400 ) ) ;
#2277 = CARTESIAN_POINT ( 'NONE',  ( -1.250000000000000200, -0.02500000000000000100, -2.800000000000000300 ) ) ;
#2278 = VERTEX_POINT ( 'NONE', #26 ) ;
#2279 = DIRECTION ( 'NONE',  ( -0.0000000000000000000, -0.0000000000000000000, 1.000000000000000000 ) ) ;
#2280 = ADVANCED_FACE ( 'NONE', ( #1169 ), #3963, .T. ) ;
#2281 = ORIENTED_EDGE ( 'NONE', *, *, #235, .T. ) ;
#2282 = VECTOR ( 'NONE', #1599, 1000.000000000000000 ) ;
#2283 = CARTESIAN_POINT ( 'NONE',  ( 1.000000000000000000, -0.02500000000000000100, -2.070000000000001600 ) ) ;
#2284 = ORIENTED_EDGE ( 'NONE', *, *, #1754, .F. ) ;
#2285 = LINE ( 'NONE', #2928, #4223 ) ;
#2286 = DIRECTION ( 'NONE',  ( -0.0000000000000000000, -0.0000000000000000000, 1.000000000000000000 ) ) ;
#2287 = ADVANCED_FACE ( 'NONE', ( #4206 ), #2886, .T. ) ;
#2288 = CARTESIAN_POINT ( 'NONE',  ( -0.2200000000000001700, -0.02500000000000000100, -1.320000000000000500 ) ) ;
#2289 = CARTESIAN_POINT ( 'NONE',  ( -1.070000000000000100, -0.02500000000000000100, -1.230000000000000400 ) ) ;
#2290 = FACE_OUTER_BOUND ( 'NONE', #2171, .T. ) ;
#2291 = FACE_OUTER_BOUND ( 'NONE', #776, .T. ) ;
#2292 = FACE_OUTER_BOUND ( 'NONE', #1122, .T. ) ;
#2293 = PLANE ( 'NONE',  #628 ) ;
#2294 = DIRECTION ( 'NONE',  ( -1.153406566473941500E-016, 0.0000000000000000000, 1.000000000000000000 ) ) ;
#2295 = CARTESIAN_POINT ( 'NONE',  ( -1.800000000000000500, -0.02500000000000000100, 2.799999999999999400 ) ) ;
#2296 = EDGE_CURVE ( 'NONE', #1352, #657, #3073, .T. ) ;
#2297 = DIRECTION ( 'NONE',  ( -0.0000000000000000000, 1.000000000000000000, -0.0000000000000000000 ) ) ;
#2298 = CYLINDRICAL_SURFACE ( 'NONE', #2665, 0.06999999999999996500 ) ;
#2299 = COLOUR_RGB ( '',0.7921568627450980000, 0.8196078431372548800, 0.9333333333333333500 ) ;
#2300 = PLANE ( 'NONE',  #4062 ) ;
#2301 = VERTEX_POINT ( 'NONE', #3402 ) ;
#2302 = ORIENTED_EDGE ( 'NONE', *, *, #2296, .T. ) ;
#2303 = LINE ( 'NONE', #2498, #473 ) ;
#2304 = EDGE_CURVE ( 'NONE', #2672, #4157, #2954, .T. ) ;
#2305 = AXIS2_PLACEMENT_3D ( 'NONE', #1305, #4172, #2344 ) ;
#2306 = ADVANCED_FACE ( 'NONE', ( #1002 ), #1182, .F. ) ;
#2307 = PLANE ( 'NONE',  #2003 ) ;
#2308 = VECTOR ( 'NONE', #961, 1000.000000000000000 ) ;
#2309 = ORIENTED_EDGE ( 'NONE', *, *, #3185, .T. ) ;
#2310 = SURFACE_STYLE_FILL_AREA ( #3118 ) ;
#2311 = DIRECTION ( 'NONE',  ( -0.0000000000000000000, 1.000000000000000000, -0.0000000000000000000 ) ) ;
#2312 = CARTESIAN_POINT ( 'NONE',  ( -2.010000000000000200, -0.02500000000000000100, 0.9500000000000000700 ) ) ;
#2313 =( NAMED_UNIT ( * ) SI_UNIT ( $, .STERADIAN. ) SOLID_ANGLE_UNIT ( ) );
#2314 = VERTEX_POINT ( 'NONE', #4149 ) ;
#2315 = PRESENTATION_LAYER_ASSIGNMENT (  '', '', ( #3448 ) ) ;
#2316 = ORIENTED_EDGE ( 'NONE', *, *, #981, .F. ) ;
#2317 = ADVANCED_FACE ( 'NONE', ( #3854 ), #137, .F. ) ;
#2318 = LINE ( 'NONE', #830, #242 ) ;
#2319 = PLANE ( 'NONE',  #3723 ) ;
#2320 = DIRECTION ( 'NONE',  ( -1.000000000000000000, -0.0000000000000000000, -0.0000000000000000000 ) ) ;
#2321 = ORIENTED_EDGE ( 'NONE', *, *, #2008, .T. ) ;
#2322 = ORIENTED_EDGE ( 'NONE', *, *, #3934, .F. ) ;
#2323 = FACE_OUTER_BOUND ( 'NONE', #3342, .T. ) ;
#2324 = DIRECTION ( 'NONE',  ( 1.000000000000000000, 0.0000000000000000000, -1.441758208092427000E-016 ) ) ;
#2325 = ORIENTED_EDGE ( 'NONE', *, *, #3549, .F. ) ;
#2326 = VECTOR ( 'NONE', #2879, 1000.000000000000000 ) ;
#2327 = DIRECTION ( 'NONE',  ( -0.0000000000000000000, 1.000000000000000000, -0.0000000000000000000 ) ) ;
#2328 = ORIENTED_EDGE ( 'NONE', *, *, #2737, .F. ) ;
#2329 = EDGE_LOOP ( 'NONE', ( #2466, #3588, #4186, #4010, #3218, #3590 ) ) ;
#2330 = EDGE_CURVE ( 'NONE', #3947, #826, #1969, .T. ) ;
#2331 = AXIS2_PLACEMENT_3D ( 'NONE', #730, #1448, #4337 ) ;
#2332 = CARTESIAN_POINT ( 'NONE',  ( 1.070000000000000100, 0.2000000000000000100, -2.520000000000000500 ) ) ;
#2333 = CARTESIAN_POINT ( 'NONE',  ( -2.010000000000000200, -0.02500000000000000100, 0.1999999999999999300 ) ) ;
#2334 = ORIENTED_EDGE ( 'NONE', *, *, #2663, .T. ) ;
#2335 = ORIENTED_EDGE ( 'NONE', *, *, #2824, .F. ) ;
#2336 = CARTESIAN_POINT ( 'NONE',  ( 1.070000000000000300, 0.2000000000000000100, -0.7800000000000004700 ) ) ;
#2337 = CARTESIAN_POINT ( 'NONE',  ( 1.800000000000000500, -0.02500000000000000100, 0.3999999999999999100 ) ) ;
#2338 = EDGE_CURVE ( 'NONE', #608, #2178, #3689, .T. ) ;
#2339 = PRESENTATION_LAYER_ASSIGNMENT (  '', '', ( #2065 ) ) ;
#2340 = ORIENTED_EDGE ( 'NONE', *, *, #2091, .T. ) ;
#2341 = ORIENTED_EDGE ( 'NONE', *, *, #2338, .T. ) ;
#2342 = UNCERTAINTY_MEASURE_WITH_UNIT (LENGTH_MEASURE( 1.000000000000000100E-005 ), #1560, 'distance_accuracy_value', 'NONE');
#2343 = ADVANCED_FACE ( 'NONE', ( #4727 ), #81, .F. ) ;
#2344 = DIRECTION ( 'NONE',  ( 0.0000000000000000000, 0.0000000000000000000, 1.000000000000000000 ) ) ;
#2345 = DIRECTION ( 'NONE',  ( -1.000000000000000000, 0.0000000000000000000, 0.0000000000000000000 ) ) ;
#2346 = ORIENTED_EDGE ( 'NONE', *, *, #1197, .F. ) ;
#2347 = FILL_AREA_STYLE_COLOUR ( '', #3201 ) ;
#2348 = EDGE_CURVE ( 'NONE', #2412, #1525, #4673, .T. ) ;
#2349 = CARTESIAN_POINT ( 'NONE',  ( 1.070000000000000700, 0.2000000000000000100, -0.6500000000000003600 ) ) ;
#2350 = FACE_OUTER_BOUND ( 'NONE', #987, .T. ) ;
#2351 = CARTESIAN_POINT ( 'NONE',  ( -1.500000000000000000, 1.550000000000000300, -2.700000000000000200 ) ) ;
#2352 = FACE_OUTER_BOUND ( 'NONE', #1710, .T. ) ;
#2353 = CARTESIAN_POINT ( 'NONE',  ( 1.070000000000000300, 0.2000000000000000100, -1.680000000000000800 ) ) ;
#2354 = CARTESIAN_POINT ( 'NONE',  ( -1.000000000000001100, -0.02500000000000000100, 3.010000000000000200 ) ) ;
#2355 = FACE_OUTER_BOUND ( 'NONE', #4312, .T. ) ;
#2356 = VECTOR ( 'NONE', #693, 1000.000000000000000 ) ;
#2357 = AXIS2_PLACEMENT_3D ( 'NONE', #1421, #4301, #1045 ) ;
#2358 = DIRECTION ( 'NONE',  ( -0.0000000000000000000, 1.000000000000000000, 0.0000000000000000000 ) ) ;
#2359 = CARTESIAN_POINT ( 'NONE',  ( -1.850000000000003400, -0.02500000000000000100, -1.849999999999995400 ) ) ;
#2360 = DIRECTION ( 'NONE',  ( 0.0000000000000000000, 0.0000000000000000000, -1.000000000000000000 ) ) ;
#2361 = ORIENTED_EDGE ( 'NONE', *, *, #394, .F. ) ;
#2362 = LINE ( 'NONE', #3600, #2990 ) ;
#2363 = ORIENTED_EDGE ( 'NONE', *, *, #964, .F. ) ;
#2364 = DIRECTION ( 'NONE',  ( 0.0000000000000000000, 0.0000000000000000000, -1.000000000000000000 ) ) ;
#2365 = EDGE_CURVE ( 'NONE', #2607, #4265, #897, .T. ) ;
#2366 = AXIS2_PLACEMENT_3D ( 'NONE', #4098, #158, #4156 ) ;
#2367 = VECTOR ( 'NONE', #771, 1000.000000000000000 ) ;
#2368 = EDGE_LOOP ( 'NONE', ( #2237, #2531, #2854, #3573 ) ) ;
#2369 = VECTOR ( 'NONE', #1171, 1000.000000000000000 ) ;
#2370 = DIRECTION ( 'NONE',  ( 0.0000000000000000000, 1.000000000000000000, 0.0000000000000000000 ) ) ;
#2371 = EDGE_LOOP ( 'NONE', ( #1590, #4705, #4563, #4039 ) ) ;
#2372 = LINE ( 'NONE', #3049, #477 ) ;
#2373 = EDGE_LOOP ( 'NONE', ( #2206, #1327, #1052, #2120, #4545, #1848 ) ) ;
#2374 = LINE ( 'NONE', #561, #238 ) ;
#2375 = EDGE_CURVE ( 'NONE', #1859, #757, #4024, .T. ) ;
#2376 = EDGE_LOOP ( 'NONE', ( #2334, #1293, #1904, #3665 ) ) ;
#2377 = CARTESIAN_POINT ( 'NONE',  ( -1.800000000000000500, -0.02500000000000000100, 0.9500000000000000700 ) ) ;
#2378 = ORIENTED_EDGE ( 'NONE', *, *, #4663, .F. ) ;
#2379 = PRESENTATION_LAYER_ASSIGNMENT (  '', '', ( #2794 ) ) ;
#2380 = ORIENTED_EDGE ( 'NONE', *, *, #1346, .T. ) ;
#2381 = DIRECTION ( 'NONE',  ( 1.000000000000000000, 0.0000000000000000000, -1.153406566473941500E-016 ) ) ;
#2382 = ORIENTED_EDGE ( 'NONE', *, *, #2375, .T. ) ;
#2383 = LINE ( 'NONE', #1532, #4427 ) ;
#2384 = DIRECTION ( 'NONE',  ( 1.000000000000000000, 0.0000000000000000000, -0.0000000000000000000 ) ) ;
#2385 = DIRECTION ( 'NONE',  ( -1.000000000000000000, 0.0000000000000000000, 1.730109849710912800E-016 ) ) ;
#2386 = EDGE_LOOP ( 'NONE', ( #1543, #1049, #2962, #3235 ) ) ;
#2387 = ORIENTED_EDGE ( 'NONE', *, *, #298, .F. ) ;
#2388 = PLANE ( 'NONE',  #236 ) ;
#2389 = ORIENTED_EDGE ( 'NONE', *, *, #3433, .F. ) ;
#2390 = CARTESIAN_POINT ( 'NONE',  ( 1.000000000000000200, -0.02500000000000000100, -0.2700000000000009100 ) ) ;
#2391 = EDGE_CURVE ( 'NONE', #1578, #2607, #1751, .T. ) ;
#2392 = ORIENTED_EDGE ( 'NONE', *, *, #1441, .F. ) ;
#2393 = AXIS2_PLACEMENT_3D ( 'NONE', #552, #3471, #1209 ) ;
#2394 = CARTESIAN_POINT ( 'NONE',  ( 1.800000000000000000, -0.02500000000000000100, -2.649999999999999900 ) ) ;
#2395 = EDGE_LOOP ( 'NONE', ( #4321, #2819, #3111, #963, #3225, #1445 ) ) ;
#2396 =( NAMED_UNIT ( * ) PLANE_ANGLE_UNIT ( ) SI_UNIT ( $, .RADIAN. ) );
#2397 = EDGE_CURVE ( 'NONE', #3850, #3685, #540, .T. ) ;
#2398 = CARTESIAN_POINT ( 'NONE',  ( 1.800000000000000500, -0.02500000000000000100, 2.799999999999999400 ) ) ;
#2399 = VECTOR ( 'NONE', #1858, 1000.000000000000000 ) ;
#2400 = EDGE_CURVE ( 'NONE', #1408, #3507, #2122, .T. ) ;
#2401 = LINE ( 'NONE', #218, #1419 ) ;
#2402 = CARTESIAN_POINT ( 'NONE',  ( -1.000000000000000000, -0.02500000000000000100, -1.170000000000000800 ) ) ;
#2403 = CARTESIAN_POINT ( 'NONE',  ( 2.010000000000000200, -0.02500000000000000100, -0.2000000000000005400 ) ) ;
#2404 = DIRECTION ( 'NONE',  ( 0.0000000000000000000, 0.0000000000000000000, -1.000000000000000000 ) ) ;
#2405 = VECTOR ( 'NONE', #2784, 1000.000000000000000 ) ;
#2406 = VECTOR ( 'NONE', #4550, 1000.000000000000000 ) ;
#2407 = VECTOR ( 'NONE', #4376, 1000.000000000000000 ) ;
#2408 = DIRECTION ( 'NONE',  ( 0.0000000000000000000, -1.000000000000000000, 0.0000000000000000000 ) ) ;
#2409 = FACE_OUTER_BOUND ( 'NONE', #1861, .T. ) ;
#2410 = COLOUR_RGB ( '',0.7921568627450980000, 0.8196078431372548800, 0.9333333333333333500 ) ;
#2411 = VECTOR ( 'NONE', #3496, 1000.000000000000000 ) ;
#2412 = VERTEX_POINT ( 'NONE', #4219 ) ;
#2413 = EDGE_CURVE ( 'NONE', #3688, #2769, #2717, .T. ) ;
#2414 = EDGE_LOOP ( 'NONE', ( #803, #1657, #229, #3354 ) ) ;
#2415 = UNCERTAINTY_MEASURE_WITH_UNIT (LENGTH_MEASURE( 1.000000000000000100E-005 ), #913, 'distance_accuracy_value', 'NONE');
#2416 = ORIENTED_EDGE ( 'NONE', *, *, #1809, .T. ) ;
#2417 = FACE_OUTER_BOUND ( 'NONE', #2368, .T. ) ;
#2418 = PLANE ( 'NONE',  #1021 ) ;
#2419 = EDGE_CURVE ( 'NONE', #2083, #1121, #763, .T. ) ;
#2420 = AXIS2_PLACEMENT_3D ( 'NONE', #2098, #644, #4687 ) ;
#2421 = VERTEX_POINT ( 'NONE', #205 ) ;
#2422 = EDGE_LOOP ( 'NONE', ( #4261, #818, #786, #770, #1798, #4675 ) ) ;
#2423 = LINE ( 'NONE', #1523, #3572 ) ;
#2424 = VERTEX_POINT ( 'NONE', #3142 ) ;
#2425 = ORIENTED_EDGE ( 'NONE', *, *, #1261, .F. ) ;
#2426 = EDGE_CURVE ( 'NONE', #3692, #3410, #2826, .T. ) ;
#2427 = EDGE_LOOP ( 'NONE', ( #695, #554, #75, #1199 ) ) ;
#2428 = CARTESIAN_POINT ( 'NONE',  ( 1.250000000000000200, -0.02500000000000000100, -2.800000000000000300 ) ) ;
#2429 = SURFACE_SIDE_STYLE ('',( #1558 ) ) ;
#2430 = VECTOR ( 'NONE', #3551, 1000.000000000000000 ) ;
#2431 = CARTESIAN_POINT ( 'NONE',  ( 1.070000000000000700, -0.02500000000000000100, -1.300000000000000300 ) ) ;
#2432 = VERTEX_POINT ( 'NONE', #3492 ) ;
#2433 = PRESENTATION_STYLE_ASSIGNMENT (( #3976 ) ) ;
#2434 = DIRECTION ( 'NONE',  ( 0.0000000000000000000, 1.000000000000000000, 0.0000000000000000000 ) ) ;
#2435 = ORIENTED_EDGE ( 'NONE', *, *, #2605, .F. ) ;
#2436 = CARTESIAN_POINT ( 'NONE',  ( -2.000000000000000000, 0.0000000000000000000, 3.000000000000000000 ) ) ;
#2437 = DIRECTION ( 'NONE',  ( 0.0000000000000000000, -1.000000000000000000, 0.0000000000000000000 ) ) ;
#2438 = ORIENTED_EDGE ( 'NONE', *, *, #2605, .T. ) ;
#2439 = STYLED_ITEM ( 'NONE', ( #3611 ), #1916 ) ;
#2440 = ORIENTED_EDGE ( 'NONE', *, *, #2903, .F. ) ;
#2441 = ORIENTED_EDGE ( 'NONE', *, *, #1977, .F. ) ;
#2442 = DIRECTION ( 'NONE',  ( 0.0000000000000000000, 1.000000000000000000, 0.0000000000000000000 ) ) ;
#2443 = EDGE_CURVE ( 'NONE', #3522, #3539, #4364, .T. ) ;
#2444 = ORIENTED_EDGE ( 'NONE', *, *, #4577, .F. ) ;
#2445 = LINE ( 'NONE', #3708, #2035 ) ;
#2446 = CARTESIAN_POINT ( 'NONE',  ( 1.000000000000000200, 0.2000000000000000100, -0.3299999999999999000 ) ) ;
#2447 = VERTEX_POINT ( 'NONE', #3834 ) ;
#2448 = DIRECTION ( 'NONE',  ( 0.0000000000000000000, 1.000000000000000000, 0.0000000000000000000 ) ) ;
#2449 = EDGE_CURVE ( 'NONE', #3192, #4438, #363, .T. ) ;
#2450 = CIRCLE ( 'NONE', #4019, 0.06999999999999975700 ) ;
#2451 = CARTESIAN_POINT ( 'NONE',  ( -1.070000000000000700, -0.02500000000000000100, -0.4000000000000004100 ) ) ;
#2452 = DIRECTION ( 'NONE',  ( -1.000000000000000000, -0.0000000000000000000, -0.0000000000000000000 ) ) ;
#2453 = ORIENTED_EDGE ( 'NONE', *, *, #3312, .T. ) ;
#2454 = LINE ( 'NONE', #4413, #166 ) ;
#2455 = AXIS2_PLACEMENT_3D ( 'NONE', #3732, #4414, #3358 ) ;
#2456 = DIRECTION ( 'NONE',  ( -0.0000000000000000000, 0.0000000000000000000, 1.000000000000000000 ) ) ;
#2457 = SURFACE_STYLE_FILL_AREA ( #441 ) ;
#2458 = VECTOR ( 'NONE', #1358, 1000.000000000000000 ) ;
#2459 = PRESENTATION_STYLE_ASSIGNMENT (( #4342 ) ) ;
#2460 = SURFACE_SIDE_STYLE ('',( #3924 ) ) ;
#2461 = CARTESIAN_POINT ( 'NONE',  ( -2.010000000000000200, -0.02500000000000000100, -1.300000000000000300 ) ) ;
#2462 = ORIENTED_EDGE ( 'NONE', *, *, #179, .T. ) ;
#2463 = VECTOR ( 'NONE', #4395, 1000.000000000000000 ) ;
#2464 = DIRECTION ( 'NONE',  ( 0.0000000000000000000, 1.000000000000000000, 0.0000000000000000000 ) ) ;
#2465 = FACE_OUTER_BOUND ( 'NONE', #2611, .T. ) ;
#2466 = ORIENTED_EDGE ( 'NONE', *, *, #4061, .F. ) ;
#2467 = FACE_OUTER_BOUND ( 'NONE', #1833, .T. ) ;
#2468 = EDGE_CURVE ( 'NONE', #2496, #4091, #1388, .T. ) ;
#2469 = UNCERTAINTY_MEASURE_WITH_UNIT (LENGTH_MEASURE( 1.000000000000000100E-005 ), #4747, 'distance_accuracy_value', 'NONE');
#2470 = AXIS2_PLACEMENT_3D ( 'NONE', #3921, #3301, #3353 ) ;
#2471 = CARTESIAN_POINT ( 'NONE',  ( 2.010000000000000200, 0.2000000000000000100, -1.300000000000000300 ) ) ;
#2472 = ORIENTED_EDGE ( 'NONE', *, *, #3012, .F. ) ;
#2473 = VECTOR ( 'NONE', #656, 1000.000000000000000 ) ;
#2474 = CARTESIAN_POINT ( 'NONE',  ( 1.070000000000000300, 0.2000000000000000100, -1.620000000000000600 ) ) ;
#2475 = ORIENTED_EDGE ( 'NONE', *, *, #88, .T. ) ;
#2476 = LINE ( 'NONE', #3189, #294 ) ;
#2477 = EDGE_CURVE ( 'NONE', #929, #1629, #3411, .T. ) ;
#2478 = PRODUCT_RELATED_PRODUCT_CATEGORY ( 'part', '', ( #415 ) ) ;
#2479 = ORIENTED_EDGE ( 'NONE', *, *, #579, .F. ) ;
#2480 = DIRECTION ( 'NONE',  ( 1.000000000000000000, 0.0000000000000000000, -0.0000000000000000000 ) ) ;
#2481 = VECTOR ( 'NONE', #1906, 1000.000000000000000 ) ;
#2482 = CARTESIAN_POINT ( 'NONE',  ( 1.000000000000000200, 0.2000000000000000100, -1.620000000000001200 ) ) ;
#2483 = EDGE_CURVE ( 'NONE', #4116, #1659, #144, .T. ) ;
#2484 = CLOSED_SHELL ( 'NONE', ( #4100, #332, #130, #854, #2280, #1878, #4354, #1027 ) ) ;
#2485 = ORIENTED_EDGE ( 'NONE', *, *, #4596, .T. ) ;
#2486 = EDGE_LOOP ( 'NONE', ( #4242, #1210, #3010, #4586, #610, #574 ) ) ;
#2487 = ORIENTED_EDGE ( 'NONE', *, *, #3596, .T. ) ;
#2488 = FILL_AREA_STYLE ('',( #3206 ) ) ;
#2489 = AXIS2_PLACEMENT_3D ( 'NONE', #2060, #941, #2796 ) ;
#2490 = CARTESIAN_POINT ( 'NONE',  ( -1.070000000000000100, -0.02500000000000000100, -1.170000000000000200 ) ) ;
#2491 = ORIENTED_EDGE ( 'NONE', *, *, #1317, .T. ) ;
#2492 = PLANE ( 'NONE',  #1217 ) ;
#2493 = CARTESIAN_POINT ( 'NONE',  ( 1.070000000000000300, -0.02500000000000000100, -1.680000000000000800 ) ) ;
#2494 = CARTESIAN_POINT ( 'NONE',  ( 1.070000000000000300, -0.02500000000000000100, -0.7800000000000004700 ) ) ;
#2495 = ORIENTED_EDGE ( 'NONE', *, *, #673, .F. ) ;
#2496 = VERTEX_POINT ( 'NONE', #541 ) ;
#2497 = EDGE_LOOP ( 'NONE', ( #4446, #250, #1471, #4249 ) ) ;
#2498 = CARTESIAN_POINT ( 'NONE',  ( 1.070000000000000700, -0.02500000000000000100, -0.8500000000000004200 ) ) ;
#2499 = EDGE_CURVE ( 'NONE', #3855, #3480, #3574, .T. ) ;
#2500 = DIRECTION ( 'NONE',  ( 0.0000000000000000000, 0.0000000000000000000, -1.000000000000000000 ) ) ;
#2501 = DIRECTION ( 'NONE',  ( 0.0000000000000000000, 0.0000000000000000000, 1.000000000000000000 ) ) ;
#2502 = DIRECTION ( 'NONE',  ( -1.000000000000000000, 0.0000000000000000000, 0.0000000000000000000 ) ) ;
#2503 = CARTESIAN_POINT ( 'NONE',  ( 1.070000000000000300, -0.02500000000000000100, -0.3300000000000004000 ) ) ;
#2504 = DIRECTION ( 'NONE',  ( -3.872150616019661300E-016, 0.0000000000000000000, 1.000000000000000000 ) ) ;
#2505 = LINE ( 'NONE', #1343, #1555 ) ;
#2506 = EDGE_CURVE ( 'NONE', #1322, #1578, #707, .T. ) ;
#2507 = CARTESIAN_POINT ( 'NONE',  ( 1.000000000000000000, -0.02500000000000000100, 3.010000000000000200 ) ) ;
#2508 = FACE_OUTER_BOUND ( 'NONE', #1918, .T. ) ;
#2509 = LINE ( 'NONE', #2354, #2406 ) ;
#2511 = CARTESIAN_POINT ( 'NONE',  ( -1.800000000000000500, -0.02500000000000000100, 0.3999999999999999100 ) ) ;
#2510 = LINE ( 'NONE', #474, #564 ) ;
#2512 = ADVANCED_FACE ( 'NONE', ( #2323 ), #1251, .F. ) ;
#2513 = DIRECTION ( 'NONE',  ( -0.0000000000000000000, -0.0000000000000000000, 1.000000000000000000 ) ) ;
#2514 = VECTOR ( 'NONE', #3200, 1000.000000000000000 ) ;
#2515 = LINE ( 'NONE', #398, #3503 ) ;
#2516 = VERTEX_POINT ( 'NONE', #565 ) ;
#2517 = LINE ( 'NONE', #2394, #2225 ) ;
#2518 = AXIS2_PLACEMENT_3D ( 'NONE', #725, #3305, #2957 ) ;
#2519 = CARTESIAN_POINT ( 'NONE',  ( 2.010000000000000200, 0.2000000000000000100, -2.649999999999999900 ) ) ;
#2520 = ADVANCED_FACE ( 'NONE', ( #1336 ), #895, .T. ) ;
#2521 = ORIENTED_EDGE ( 'NONE', *, *, #4761, .T. ) ;
#2522 = CYLINDRICAL_SURFACE ( 'NONE', #3525, 0.06999999999999996500 ) ;
#2523 = SURFACE_STYLE_USAGE ( .BOTH. , #2460 ) ;
#2524 =( NAMED_UNIT ( * ) PLANE_ANGLE_UNIT ( ) SI_UNIT ( $, .RADIAN. ) );
#2525 = PLANE ( 'NONE',  #2726 ) ;
#2526 = FACE_OUTER_BOUND ( 'NONE', #4569, .T. ) ;
#2527 = ORIENTED_EDGE ( 'NONE', *, *, #3012, .T. ) ;
#2528 = LINE ( 'NONE', #302, #636 ) ;
#2529 = PLANE ( 'NONE',  #1780 ) ;
#2530 = CARTESIAN_POINT ( 'NONE',  ( -2.000000000000000000, 1.600000000000000100, -3.000000000000000000 ) ) ;
#2531 = ORIENTED_EDGE ( 'NONE', *, *, #2908, .T. ) ;
#2532 = ORIENTED_EDGE ( 'NONE', *, *, #1473, .T. ) ;
#2533 = VECTOR ( 'NONE', #2226, 1000.000000000000000 ) ;
#2534 = EDGE_CURVE ( 'NONE', #2052, #3949, #4079, .T. ) ;
#2535 = AXIS2_PLACEMENT_3D ( 'NONE', #1711, #225, #214 ) ;
#2536 = ORIENTED_EDGE ( 'NONE', *, *, #4473, .F. ) ;
#2537 = ORIENTED_EDGE ( 'NONE', *, *, #2725, .F. ) ;
#2538 = VECTOR ( 'NONE', #3093, 1000.000000000000000 ) ;
#2539 = DIRECTION ( 'NONE',  ( -1.000000000000000000, 0.0000000000000000000, 0.0000000000000000000 ) ) ;
#2540 = DIRECTION ( 'NONE',  ( -1.000000000000000000, 0.0000000000000000000, 1.730109849710912800E-016 ) ) ;
#2541 = DIRECTION ( 'NONE',  ( 2.405774051373161100E-016, 0.0000000000000000000, 1.000000000000000000 ) ) ;
#2542 = EDGE_CURVE ( 'NONE', #4362, #3939, #590, .T. ) ;
#2543 = DIRECTION ( 'NONE',  ( 1.000000000000000000, 0.0000000000000000000, -0.0000000000000000000 ) ) ;
#2544 = ORIENTED_EDGE ( 'NONE', *, *, #1310, .F. ) ;
#2545 = VECTOR ( 'NONE', #4400, 1000.000000000000000 ) ;
#2546 = DIRECTION ( 'NONE',  ( -1.000000000000000000, 0.0000000000000000000, 1.971276677246390500E-015 ) ) ;
#2547 = DIRECTION ( 'NONE',  ( -0.0000000000000000000, 1.000000000000000000, -0.0000000000000000000 ) ) ;
#2548 = ADVANCED_FACE ( 'NONE', ( #3348 ), #2748, .T. ) ;
#2549 = ORIENTED_EDGE ( 'NONE', *, *, #3373, .T. ) ;
#2550 = CARTESIAN_POINT ( 'NONE',  ( -2.010000000000000200, 0.2000000000000000100, -0.4000000000000005800 ) ) ;
#2551 = ORIENTED_EDGE ( 'NONE', *, *, #858, .T. ) ;
#2552 = PLANE ( 'NONE',  #2068 ) ;
#2553 = DIRECTION ( 'NONE',  ( 1.000000000000000000, 0.0000000000000000000, 1.971276677246390500E-015 ) ) ;
#2554 = VERTEX_POINT ( 'NONE', #2471 ) ;
#2555 = DIRECTION ( 'NONE',  ( 0.0000000000000000000, 1.000000000000000000, 0.0000000000000000000 ) ) ;
#2556 = ORIENTED_EDGE ( 'NONE', *, *, #832, .F. ) ;
#2557 = DIRECTION ( 'NONE',  ( 1.000000000000000000, 0.0000000000000000000, -4.613626265895766000E-016 ) ) ;
#2558 = AXIS2_PLACEMENT_3D ( 'NONE', #7, #3986, #2947 ) ;
#2559 = DIRECTION ( 'NONE',  ( -1.000000000000000000, 0.0000000000000000000, 0.0000000000000000000 ) ) ;
#2560 = ORIENTED_EDGE ( 'NONE', *, *, #496, .T. ) ;
#2561 = FACE_OUTER_BOUND ( 'NONE', #2001, .T. ) ;
#2562 = CARTESIAN_POINT ( 'NONE',  ( 1.070000000000000700, 0.2000000000000000100, -1.550000000000000500 ) ) ;
#2563 = CARTESIAN_POINT ( 'NONE',  ( -1.000000000000000200, -0.02500000000000000100, -0.7200000000000008600 ) ) ;
#2564 = EDGE_CURVE ( 'NONE', #4425, #1032, #4304, .T. ) ;
#2565 = FACE_OUTER_BOUND ( 'NONE', #2649, .T. ) ;
#2566 = ADVANCED_FACE ( 'NONE', ( #4556 ), #232, .F. ) ;
#2567 = EDGE_CURVE ( 'NONE', #2941, #3568, #3520, .T. ) ;
#2568 = DIRECTION ( 'NONE',  ( 1.000000000000000000, 0.0000000000000000000, 0.0000000000000000000 ) ) ;
#2569 = AXIS2_PLACEMENT_3D ( 'NONE', #3607, #2882, #3940 ) ;
#2570 = PLANE ( 'NONE',  #45 ) ;
#2571 = DIRECTION ( 'NONE',  ( -0.0000000000000000000, 1.000000000000000000, -0.0000000000000000000 ) ) ;
#2572 = LINE ( 'NONE', #3982, #520 ) ;
#2573 = FILL_AREA_STYLE_COLOUR ( '', #2410 ) ;
#2574 = CARTESIAN_POINT ( 'NONE',  ( 1.070000000000000700, 0.2000000000000000100, -1.750000000000000700 ) ) ;
#2575 = AXIS2_PLACEMENT_3D ( 'NONE', #354, #338, #3290 ) ;
#2576 = CARTESIAN_POINT ( 'NONE',  ( -1.000000000000000200, -0.02500000000000000100, -1.620000000000001200 ) ) ;
#2577 = ORIENTED_EDGE ( 'NONE', *, *, #899, .F. ) ;
#2578 = LINE ( 'NONE', #2115, #1213 ) ;
#2579 = CIRCLE ( 'NONE', #1013, 0.06999999999999996500 ) ;
#2580 = VERTEX_POINT ( 'NONE', #4690 ) ;
#2581 = PRESENTATION_STYLE_ASSIGNMENT (( #722 ) ) ;
#2582 = PLANE ( 'NONE',  #984 ) ;
#2583 = ORIENTED_EDGE ( 'NONE', *, *, #1688, .T. ) ;
#2584 = ADVANCED_FACE ( 'NONE', ( #3802 ), #3916, .F. ) ;
#2585 = ORIENTED_EDGE ( 'NONE', *, *, #2824, .T. ) ;
#2586 = DIRECTION ( 'NONE',  ( -0.0000000000000000000, 1.000000000000000000, -0.0000000000000000000 ) ) ;
#2587 = ORIENTED_EDGE ( 'NONE', *, *, #2191, .T. ) ;
#2588 = VECTOR ( 'NONE', #1985, 1000.000000000000000 ) ;
#2589 = CARTESIAN_POINT ( 'NONE',  ( -1.800000000000000500, -0.02500000000000000100, 0.3999999999999999100 ) ) ;
#2590 = PLANE ( 'NONE',  #927 ) ;
#2591 = CARTESIAN_POINT ( 'NONE',  ( 2.010000000000000200, -0.02500000000000000100, -1.550000000000000500 ) ) ;
#2592 = AXIS2_PLACEMENT_3D ( 'NONE', #2642, #3753, #3386 ) ;
#2593 = ORIENTED_EDGE ( 'NONE', *, *, #1875, .F. ) ;
#2594 = FILL_AREA_STYLE ('',( #1440 ) ) ;
#2595 = ORIENTED_EDGE ( 'NONE', *, *, #3437, .F. ) ;
#2596 = CARTESIAN_POINT ( 'NONE',  ( 1.070000000000000700, 0.2000000000000000100, -1.100000000000000300 ) ) ;
#2597 = ORIENTED_EDGE ( 'NONE', *, *, #3404, .F. ) ;
#2598 = LINE ( 'NONE', #1089, #148 ) ;
#2599 = EDGE_CURVE ( 'NONE', #129, #384, #1966, .T. ) ;
#2600 = AXIS2_PLACEMENT_3D ( 'NONE', #132, #869, #1988 ) ;
#2601 = ORIENTED_EDGE ( 'NONE', *, *, #858, .F. ) ;
#2602 = ORIENTED_EDGE ( 'NONE', *, *, #1285, .F. ) ;
#2603 = VECTOR ( 'NONE', #3289, 1000.000000000000000 ) ;
#2604 = DIRECTION ( 'NONE',  ( -0.0000000000000000000, 1.000000000000000000, -0.0000000000000000000 ) ) ;
#2605 = EDGE_CURVE ( 'NONE', #871, #4482, #2476, .T. ) ;
#2606 = ORIENTED_EDGE ( 'NONE', *, *, #3190, .T. ) ;
#2607 = VERTEX_POINT ( 'NONE', #4247 ) ;
#2608 = CARTESIAN_POINT ( 'NONE',  ( 1.070000000000000500, 0.2000000000000000100, -2.000000000000000900 ) ) ;
#2609 = DIRECTION ( 'NONE',  ( 1.000000000000000000, 0.0000000000000000000, -0.0000000000000000000 ) ) ;
#2610 = CARTESIAN_POINT ( 'NONE',  ( -2.000000000000000000, 1.600000000000000100, -3.000000000000000000 ) ) ;
#2611 = EDGE_LOOP ( 'NONE', ( #910, #819, #699, #1584 ) ) ;
#2612 = ADVANCED_FACE ( 'NONE', ( #4199 ), #1450, .F. ) ;
#2613 = AXIS2_PLACEMENT_3D ( 'NONE', #4295, #2107, #309 ) ;
#2614 = DIRECTION ( 'NONE',  ( -1.000000000000000000, 0.0000000000000000000, -4.613626265895766000E-016 ) ) ;
#2615 = VERTEX_POINT ( 'NONE', #3888 ) ;
#2616 = EDGE_LOOP ( 'NONE', ( #3853, #4035, #689, #2199, #4268, #2606 ) ) ;
#2617 = ADVANCED_FACE ( 'NONE', ( #1638 ), #3570, .F. ) ;
#2618 = MANIFOLD_SOLID_BREP ( 'Mirror5[3]', #508 ) ;
#2619 = DIRECTION ( 'NONE',  ( 0.0000000000000000000, 1.000000000000000000, 0.0000000000000000000 ) ) ;
#2620 = CARTESIAN_POINT ( 'NONE',  ( -1.070000000000000300, -0.02500000000000000100, -0.7200000000000004200 ) ) ;
#2621 = CARTESIAN_POINT ( 'NONE',  ( 1.800000000000000000, -0.02500000000000000100, -2.649999999999999900 ) ) ;
#2622 = VECTOR ( 'NONE', #1311, 1000.000000000000000 ) ;
#2623 = DIRECTION ( 'NONE',  ( 0.0000000000000000000, -0.0000000000000000000, -1.000000000000000000 ) ) ;
#2624 = DIRECTION ( 'NONE',  ( 0.0000000000000000000, 0.0000000000000000000, -1.000000000000000000 ) ) ;
#2625 = LINE ( 'NONE', #1632, #3441 ) ;
#2626 = EDGE_CURVE ( 'NONE', #4150, #1565, #3234, .T. ) ;
#2627 = CARTESIAN_POINT ( 'NONE',  ( 2.010000000000000200, -0.02500000000000000100, -2.649999999999999900 ) ) ;
#2628 = AXIS2_PLACEMENT_3D ( 'NONE', #181, #3533, #1656 ) ;
#2629 = LINE ( 'NONE', #2262, #458 ) ;
#2630 = FACE_OUTER_BOUND ( 'NONE', #3690, .T. ) ;
#2631 = LINE ( 'NONE', #1205, #1722 ) ;
#2632 = EDGE_CURVE ( 'NONE', #1908, #3293, #2187, .T. ) ;
#2633 = AXIS2_PLACEMENT_3D ( 'NONE', #1561, #855, #4101 ) ;
#2634 = LINE ( 'NONE', #1377, #2514 ) ;
#2635 = FACE_OUTER_BOUND ( 'NONE', #876, .T. ) ;
#2636 = LINE ( 'NONE', #4267, #4648 ) ;
#2637 = DIRECTION ( 'NONE',  ( 0.0000000000000000000, 0.0000000000000000000, 1.000000000000000000 ) ) ;
#2638 = CARTESIAN_POINT ( 'NONE',  ( -0.4000000000000001900, -0.02500000000000000100, -1.320000000000001000 ) ) ;
#2639 = EDGE_LOOP ( 'NONE', ( #478, #1249, #3889, #3582, #1233, #2952 ) ) ;
#2640 = VECTOR ( 'NONE', #4378, 1000.000000000000000 ) ;
#2641 = STYLED_ITEM ( 'NONE', ( #568 ), #68 ) ;
#2642 = CARTESIAN_POINT ( 'NONE',  ( -1.070000000000000300, 0.2000000000000000100, -0.3300000000000004000 ) ) ;
#2643 = FACE_OUTER_BOUND ( 'NONE', #3638, .T. ) ;
#2644 = EDGE_LOOP ( 'NONE', ( #4147, #782, #2729, #659 ) ) ;
#2645 = LINE ( 'NONE', #4411, #3279 ) ;
#2646 = ORIENTED_EDGE ( 'NONE', *, *, #4256, .T. ) ;
#2647 = ORIENTED_EDGE ( 'NONE', *, *, #2413, .T. ) ;
#2648 = DIRECTION ( 'NONE',  ( -0.0000000000000000000, 1.000000000000000000, -0.0000000000000000000 ) ) ;
#2649 = EDGE_LOOP ( 'NONE', ( #1220, #369, #3839, #3885 ) ) ;
#2650 = DIRECTION ( 'NONE',  ( 0.0000000000000000000, 0.0000000000000000000, 1.000000000000000000 ) ) ;
#2651 = ORIENTED_EDGE ( 'NONE', *, *, #355, .T. ) ;
#2652 = CARTESIAN_POINT ( 'NONE',  ( 2.010000000000000200, 0.2000000000000000100, -1.550000000000000500 ) ) ;
#2653 = DIRECTION ( 'NONE',  ( 0.0000000000000000000, 0.0000000000000000000, 1.000000000000000000 ) ) ;
#2654 = EDGE_LOOP ( 'NONE', ( #1536, #3461, #2061, #2184 ) ) ;
#2655 = CARTESIAN_POINT ( 'NONE',  ( -2.010000000000000200, -0.02500000000000000100, -1.100000000000000300 ) ) ;
#2656 = EDGE_CURVE ( 'NONE', #3683, #1759, #3068, .T. ) ;
#2657 = ORIENTED_EDGE ( 'NONE', *, *, #4200, .F. ) ;
#2658 = ORIENTED_EDGE ( 'NONE', *, *, #2680, .F. ) ;
#2659 = LINE ( 'NONE', #2915, #2772 ) ;
#2660 = CARTESIAN_POINT ( 'NONE',  ( 0.0000000000000000000, 1.600000000000000100, 0.0000000000000000000 ) ) ;
#2661 = CARTESIAN_POINT ( 'NONE',  ( -1.070000000000000700, -0.02500000000000000100, -1.100000000000000300 ) ) ;
#2662 = PLANE ( 'NONE',  #2366 ) ;
#2663 = EDGE_CURVE ( 'NONE', #3130, #82, #1107, .T. ) ;
#2664 = ORIENTED_EDGE ( 'NONE', *, *, #3809, .T. ) ;
#2665 = AXIS2_PLACEMENT_3D ( 'NONE', #3001, #3367, #3319 ) ;
#2666 = CARTESIAN_POINT ( 'NONE',  ( 1.000000000000000000, 0.2000000000000000100, -2.520000000000000500 ) ) ;
#2667 = ADVANCED_FACE ( 'NONE', ( #4254 ), #2056, .F. ) ;
#2668 = ORIENTED_EDGE ( 'NONE', *, *, #3767, .T. ) ;
#2669 = DIRECTION ( 'NONE',  ( -0.0000000000000000000, 1.000000000000000000, 0.0000000000000000000 ) ) ;
#2670 = EDGE_CURVE ( 'NONE', #1659, #1121, #760, .T. ) ;
#2671 = ORIENTED_EDGE ( 'NONE', *, *, #61, .T. ) ;
#2672 = VERTEX_POINT ( 'NONE', #2431 ) ;
#2673 = CARTESIAN_POINT ( 'NONE',  ( -1.070000000000000700, -0.02500000000000000100, -1.550000000000000500 ) ) ;
#2674 = CARTESIAN_POINT ( 'NONE',  ( 1.800000000000000500, -0.02500000000000000100, 2.250000000000000400 ) ) ;
#2675 = EDGE_LOOP ( 'NONE', ( #362, #1640, #543, #2843 ) ) ;
#2676 = DIRECTION ( 'NONE',  ( 1.441758208092427000E-016, 0.0000000000000000000, -1.000000000000000000 ) ) ;
#2677 = CARTESIAN_POINT ( 'NONE',  ( 1.249999999999999800, -0.02500000000000000100, 3.010000000000000200 ) ) ;
#2678 = FACE_OUTER_BOUND ( 'NONE', #2373, .T. ) ;
#2679 = ADVANCED_FACE ( 'NONE', ( #1447 ), #2853, .F. ) ;
#2680 = EDGE_CURVE ( 'NONE', #2875, #3431, #2116, .T. ) ;
#2681 = DIRECTION ( 'NONE',  ( -0.7071067811865460200, -0.0000000000000000000, 0.7071067811865490200 ) ) ;
#2682 = FACE_BOUND ( 'NONE', #2079, .T. ) ;
#2683 = LINE ( 'NONE', #813, #2545 ) ;
#2684 = VECTOR ( 'NONE', #1108, 1000.000000000000000 ) ;
#2685 = PLANE ( 'NONE',  #3202 ) ;
#2686 = EDGE_CURVE ( 'NONE', #4305, #4248, #1222, .T. ) ;
#2687 = COLOUR_RGB ( '',0.7921568627450980000, 0.8196078431372548800, 0.9333333333333333500 ) ;
#2688 = AXIS2_PLACEMENT_3D ( 'NONE', #3563, #3910, #119 ) ;
#2689 = EDGE_LOOP ( 'NONE', ( #1041, #597, #586, #1737 ) ) ;
#2690 = FACE_OUTER_BOUND ( 'NONE', #3478, .T. ) ;
#2691 = DIRECTION ( 'NONE',  ( -1.000000000000000000, 0.0000000000000000000, 0.0000000000000000000 ) ) ;
#2692 = CARTESIAN_POINT ( 'NONE',  ( -1.000000000000000200, -0.02500000000000000100, -1.680000000000000200 ) ) ;
#2693 = ORIENTED_EDGE ( 'NONE', *, *, #4512, .F. ) ;
#2694 = LINE ( 'NONE', #2069, #1323 ) ;
#2695 = ORIENTED_EDGE ( 'NONE', *, *, #4688, .T. ) ;
#2696 = EDGE_CURVE ( 'NONE', #1268, #3646, #4548, .T. ) ;
#2697 = EDGE_LOOP ( 'NONE', ( #173, #3907, #1167, #2425 ) ) ;
#2698 = FACE_OUTER_BOUND ( 'NONE', #2028, .T. ) ;
#2699 = CARTESIAN_POINT ( 'NONE',  ( -1.070000000000000700, 0.2000000000000000100, -0.4000000000000004100 ) ) ;
#2700 = EDGE_LOOP ( 'NONE', ( #2904, #2527, #853, #1914 ) ) ;
#2701 = SURFACE_STYLE_USAGE ( .BOTH. , #1619 ) ;
#2702 = ORIENTED_EDGE ( 'NONE', *, *, #2950, .F. ) ;
#2703 = FACE_OUTER_BOUND ( 'NONE', #2497, .T. ) ;
#2704 = AXIS2_PLACEMENT_3D ( 'NONE', #1266, #1666, #3145 ) ;
#2705 = EDGE_LOOP ( 'NONE', ( #2695, #92, #3783, #2733, #1149, #3078, #504, #1464, #72 ) ) ;
#2706 = LINE ( 'NONE', #851, #2182 ) ;
#2707 = LINE ( 'NONE', #62, #2236 ) ;
#2708 = CARTESIAN_POINT ( 'NONE',  ( 2.010000000000000200, -0.02500000000000000100, 0.9500000000000000700 ) ) ;
#2709 = DIRECTION ( 'NONE',  ( -2.168404344971008100E-015, 0.0000000000000000000, -1.000000000000000000 ) ) ;
#2710 = CARTESIAN_POINT ( 'NONE',  ( 1.070000000000000700, -0.02500000000000000100, -1.100000000000000300 ) ) ;
#2711 = VERTEX_POINT ( 'NONE', #4724 ) ;
#2712 = VECTOR ( 'NONE', #4610, 1000.000000000000000 ) ;
#2713 = CARTESIAN_POINT ( 'NONE',  ( 1.000000000000000000, -0.02500000000000000100, 2.799999999999999400 ) ) ;
#2714 =( GEOMETRIC_REPRESENTATION_CONTEXT ( 3 ) GLOBAL_UNCERTAINTY_ASSIGNED_CONTEXT ( ( #1273 ) ) GLOBAL_UNIT_ASSIGNED_CONTEXT ( ( #3919, #325, #3975 ) ) REPRESENTATION_CONTEXT ( 'NONE', 'WORKASPACE' ) );
#2715 = VERTEX_POINT ( 'NONE', #4383 ) ;
#2716 = DIRECTION ( 'NONE',  ( 0.0000000000000000000, 0.0000000000000000000, 1.000000000000000000 ) ) ;
#2717 = CIRCLE ( 'NONE', #4630, 0.2000000000000000900 ) ;
#2718 = VERTEX_POINT ( 'NONE', #3014 ) ;
#2719 = EDGE_LOOP ( 'NONE', ( #583, #2132, #281, #3571 ) ) ;
#2720 = DIRECTION ( 'NONE',  ( -1.000000000000000000, 0.0000000000000000000, -4.613626265895766000E-016 ) ) ;
#2721 = CARTESIAN_POINT ( 'NONE',  ( 2.010000000000000200, -0.02500000000000000100, -1.550000000000000500 ) ) ;
#2722 = ORIENTED_EDGE ( 'NONE', *, *, #390, .T. ) ;
#2723 = ORIENTED_EDGE ( 'NONE', *, *, #3875, .F. ) ;
#2724 = CIRCLE ( 'NONE', #976, 0.06999999999999996500 ) ;
#2725 = EDGE_CURVE ( 'NONE', #3125, #3485, #1160, .T. ) ;
#2726 = AXIS2_PLACEMENT_3D ( 'NONE', #295, #1418, #2543 ) ;
#2727 = CARTESIAN_POINT ( 'NONE',  ( 1.250000000000000200, -0.02500000000000000100, -2.800000000000000300 ) ) ;
#2728 = DIRECTION ( 'NONE',  ( 1.283079494065686400E-016, 0.0000000000000000000, -1.000000000000000000 ) ) ;
#2729 = ORIENTED_EDGE ( 'NONE', *, *, #3352, .F. ) ;
#2730 = EDGE_CURVE ( 'NONE', #3632, #1106, #4012, .T. ) ;
#2731 = AXIS2_PLACEMENT_3D ( 'NONE', #1110, #3670, #319 ) ;
#2732 = DIRECTION ( 'NONE',  ( 0.0000000000000000000, 0.0000000000000000000, 1.000000000000000000 ) ) ;
#2733 = ORIENTED_EDGE ( 'NONE', *, *, #258, .T. ) ;
#2734 = DIRECTION ( 'NONE',  ( -0.0000000000000000000, 1.000000000000000000, -0.0000000000000000000 ) ) ;
#2735 = EDGE_LOOP ( 'NONE', ( #3534, #4085, #3061, #1244, #150, #3131 ) ) ;
#2736 = ORIENTED_EDGE ( 'NONE', *, *, #2878, .F. ) ;
#2737 = EDGE_CURVE ( 'NONE', #882, #2948, #2820, .T. ) ;
#2738 = DIRECTION ( 'NONE',  ( -0.0000000000000000000, 1.000000000000000000, -0.0000000000000000000 ) ) ;
#2739 = DIRECTION ( 'NONE',  ( 1.032573497605244000E-015, 0.0000000000000000000, -1.000000000000000000 ) ) ;
#2740 = CARTESIAN_POINT ( 'NONE',  ( 2.010000000000000200, -0.02500000000000000100, 2.250000000000000400 ) ) ;
#2742 = CARTESIAN_POINT ( 'NONE',  ( 1.070000000000000700, -0.02500000000000000100, -1.300000000000000300 ) ) ;
#2741 = LINE ( 'NONE', #3238, #791 ) ;
#2743 = VECTOR ( 'NONE', #252, 1000.000000000000000 ) ;
#2744 = SURFACE_SIDE_STYLE ('',( #2310 ) ) ;
#2745 = FACE_OUTER_BOUND ( 'NONE', #4246, .T. ) ;
#2746 = ORIENTED_EDGE ( 'NONE', *, *, #1463, .F. ) ;
#2747 = LINE ( 'NONE', #748, #3991 ) ;
#2748 = PLANE ( 'NONE',  #1747 ) ;
#2749 = PLANE ( 'NONE',  #3936 ) ;
#2750 = VECTOR ( 'NONE', #2973, 1000.000000000000000 ) ;
#2751 = PLANE ( 'NONE',  #4713 ) ;
#2752 = CARTESIAN_POINT ( 'NONE',  ( -1.000000000000001100, 0.2000000000000000100, 3.010000000000000200 ) ) ;
#2753 = EDGE_CURVE ( 'NONE', #2447, #3641, #4358, .T. ) ;
#2754 = ORIENTED_EDGE ( 'NONE', *, *, #245, .F. ) ;
#2755 = VECTOR ( 'NONE', #3023, 1000.000000000000000 ) ;
#2756 = CARTESIAN_POINT ( 'NONE',  ( -2.010000000000000200, 0.2000000000000000100, -1.300000000000000300 ) ) ;
#2757 = CARTESIAN_POINT ( 'NONE',  ( 0.2200000000000006100, -0.02500000000000000100, -1.250000000000000400 ) ) ;
#2758 = CARTESIAN_POINT ( 'NONE',  ( -1.800000000000000000, -0.02500000000000000100, -2.649999999999999900 ) ) ;
#2759 = FACE_OUTER_BOUND ( 'NONE', #3815, .T. ) ;
#2760 = ORIENTED_EDGE ( 'NONE', *, *, #3615, .T. ) ;
#2761 = EDGE_CURVE ( 'NONE', #657, #3356, #2876, .T. ) ;
#2762 = DIRECTION ( 'NONE',  ( 0.0000000000000000000, 0.0000000000000000000, 1.000000000000000000 ) ) ;
#2763 = ORIENTED_EDGE ( 'NONE', *, *, #792, .F. ) ;
#2764 = CARTESIAN_POINT ( 'NONE',  ( 0.0000000000000000000, -0.02500000000000000100, 0.0000000000000000000 ) ) ;
#2765 = VECTOR ( 'NONE', #1466, 1000.000000000000000 ) ;
#2766 = MANIFOLD_SOLID_BREP ( 'Boss-Extrude2[4]', #1803 ) ;
#2767 = AXIS2_PLACEMENT_3D ( 'NONE', #4430, #2294, #821 ) ;
#2768 = ORIENTED_EDGE ( 'NONE', *, *, #2191, .F. ) ;
#2769 = VERTEX_POINT ( 'NONE', #3326 ) ;
#2770 = CARTESIAN_POINT ( 'NONE',  ( -0.3299999999999995700, -0.02500000000000000100, -1.250000000000000200 ) ) ;
#2771 = EDGE_LOOP ( 'NONE', ( #2074, #304, #3795, #2657 ) ) ;
#2772 = VECTOR ( 'NONE', #535, 1000.000000000000000 ) ;
#2773 = CARTESIAN_POINT ( 'NONE',  ( 1.250000000000000200, -0.02500000000000000100, -2.800000000000000300 ) ) ;
#2774 = ORIENTED_EDGE ( 'NONE', *, *, #3506, .T. ) ;
#2775 = VERTEX_POINT ( 'NONE', #3360 ) ;
#2776 = VERTEX_POINT ( 'NONE', #2666 ) ;
#2777 = FILL_AREA_STYLE_COLOUR ( '', #2247 ) ;
#2778 = PLANE ( 'NONE',  #1757 ) ;
#2779 = EDGE_CURVE ( 'NONE', #384, #1972, #2423, .T. ) ;
#2780 = ORIENTED_EDGE ( 'NONE', *, *, #245, .T. ) ;
#2781 = ORIENTED_EDGE ( 'NONE', *, *, #2330, .T. ) ;
#2782 = AXIS2_PLACEMENT_3D ( 'NONE', #1888, #3730, #4467 ) ;
#2783 = CARTESIAN_POINT ( 'NONE',  ( -2.010000000000000200, -0.02500000000000000100, -1.100000000000000300 ) ) ;
#2784 = DIRECTION ( 'NONE',  ( -0.0000000000000000000, 1.000000000000000000, -0.0000000000000000000 ) ) ;
#2785 = ORIENTED_EDGE ( 'NONE', *, *, #2391, .T. ) ;
#2786 = EDGE_LOOP ( 'NONE', ( #3542, #2000, #2834, #4495 ) ) ;
#2787 = FILL_AREA_STYLE_COLOUR ( '', #3456 ) ;
#2788 = EDGE_CURVE ( 'NONE', #3642, #3902, #3741, .T. ) ;
#2789 = DIRECTION ( 'NONE',  ( -1.000000000000000000, 0.0000000000000000000, 0.0000000000000000000 ) ) ;
#2790 = ORIENTED_EDGE ( 'NONE', *, *, #3442, .T. ) ;
#2791 = VECTOR ( 'NONE', #1363, 1000.000000000000000 ) ;
#2792 = PLANE ( 'NONE',  #3287 ) ;
#2793 = CARTESIAN_POINT ( 'NONE',  ( 2.010000000000000200, -0.02500000000000000100, 0.9500000000000000700 ) ) ;
#2794 = STYLED_ITEM ( 'NONE', ( #1721 ), #562 ) ;
#2795 = CARTESIAN_POINT ( 'NONE',  ( 2.010000000000000200, -0.02500000000000000100, 2.050000000000000300 ) ) ;
#2796 = DIRECTION ( 'NONE',  ( -2.405774051373161100E-016, 0.0000000000000000000, 1.000000000000000000 ) ) ;
#2797 = PLANE ( 'NONE',  #4108 ) ;
#2798 = VECTOR ( 'NONE', #1608, 1000.000000000000000 ) ;
#2799 = FACE_OUTER_BOUND ( 'NONE', #3896, .T. ) ;
#2800 = FACE_OUTER_BOUND ( 'NONE', #1823, .T. ) ;
#2801 = CARTESIAN_POINT ( 'NONE',  ( 2.010000000000000200, 0.2000000000000000100, -0.2000000000000005400 ) ) ;
#2802 = VECTOR ( 'NONE', #4319, 1000.000000000000000 ) ;
#2803 = VECTOR ( 'NONE', #2201, 1000.000000000000200 ) ;
#2804 = FACE_OUTER_BOUND ( 'NONE', #4360, .T. ) ;
#2805 = EDGE_CURVE ( 'NONE', #2672, #2424, #2706, .T. ) ;
#2806 = CLOSED_SHELL ( 'NONE', ( #3750, #1176, #1232, #4435, #4066, #4096, #1827, #4078 ) ) ;
#2807 = FACE_OUTER_BOUND ( 'NONE', #1229, .T. ) ;
#2808 = PRESENTATION_LAYER_ASSIGNMENT (  '', '', ( #4275 ) ) ;
#2809 = DIRECTION ( 'NONE',  ( 1.000000000000000000, 0.0000000000000000000, -0.0000000000000000000 ) ) ;
#2810 = EDGE_LOOP ( 'NONE', ( #1646, #592, #4136, #2190 ) ) ;
#2811 = FACE_OUTER_BOUND ( 'NONE', #1511, .T. ) ;
#2812 = CARTESIAN_POINT ( 'NONE',  ( 2.010000000000000200, -0.02500000000000000100, -0.8500000000000005300 ) ) ;
#2813 = DIRECTION ( 'NONE',  ( -0.0000000000000000000, 1.000000000000000000, -0.0000000000000000000 ) ) ;
#2814 = EDGE_CURVE ( 'NONE', #375, #833, #701, .T. ) ;
#2815 = VERTEX_POINT ( 'NONE', #4185 ) ;
#2816 = AXIS2_PLACEMENT_3D ( 'NONE', #451, #587, #2739 ) ;
#2817 = ORIENTED_EDGE ( 'NONE', *, *, #4173, .T. ) ;
#2818 = SURFACE_STYLE_USAGE ( .BOTH. , #1723 ) ;
#2819 = ORIENTED_EDGE ( 'NONE', *, *, #1776, .F. ) ;
#2820 = LINE ( 'NONE', #2963, #77 ) ;
#2821 = LINE ( 'NONE', #3747, #750 ) ;
#2822 = ORIENTED_EDGE ( 'NONE', *, *, #3253, .T. ) ;
#2823 = PLANE ( 'NONE',  #1354 ) ;
#2824 = EDGE_CURVE ( 'NONE', #3760, #778, #3849, .T. ) ;
#2825 = ORIENTED_EDGE ( 'NONE', *, *, #3702, .F. ) ;
#2826 = LINE ( 'NONE', #4553, #645 ) ;
#2827 = DIRECTION ( 'NONE',  ( 0.0000000000000000000, 0.0000000000000000000, -1.000000000000000000 ) ) ;
#2828 = VERTEX_POINT ( 'NONE', #480 ) ;
#2829 = CYLINDRICAL_SURFACE ( 'NONE', #3704, 0.06999999999999996500 ) ;
#2830 = ADVANCED_FACE ( 'NONE', ( #1740 ), #3816, .F. ) ;
#2831 = DIRECTION ( 'NONE',  ( 1.000000000000000000, -0.0000000000000000000, -4.613626265895766000E-016 ) ) ;
#2832 = VERTEX_POINT ( 'NONE', #2713 ) ;
#2833 = CARTESIAN_POINT ( 'NONE',  ( 1.000000000000000000, 0.2000000000000000100, -2.070000000000001600 ) ) ;
#2834 = ORIENTED_EDGE ( 'NONE', *, *, #3596, .F. ) ;
#2835 = PLANE ( 'NONE',  #2357 ) ;
#2836 = ORIENTED_EDGE ( 'NONE', *, *, #4167, .T. ) ;
#2837 = CARTESIAN_POINT ( 'NONE',  ( 2.010000000000000200, -0.02500000000000000100, 0.3999999999999999700 ) ) ;
#2838 = ORIENTED_EDGE ( 'NONE', *, *, #22, .F. ) ;
#2839 = CARTESIAN_POINT ( 'NONE',  ( -1.800000000000000500, 0.2000000000000000100, 2.250000000000000400 ) ) ;
#2840 = ORIENTED_EDGE ( 'NONE', *, *, #2483, .T. ) ;
#2841 = CARTESIAN_POINT ( 'NONE',  ( 1.070000000000000700, -0.02500000000000000100, -0.4000000000000004100 ) ) ;
#2842 = EDGE_CURVE ( 'NONE', #1856, #1681, #1581, .T. ) ;
#2843 = ORIENTED_EDGE ( 'NONE', *, *, #1473, .F. ) ;
#2844 = DIRECTION ( 'NONE',  ( -0.0000000000000000000, 1.000000000000000000, -0.0000000000000000000 ) ) ;
#2845 = CARTESIAN_POINT ( 'NONE',  ( -1.249999999999999800, -0.02500000000000000100, 3.010000000000000200 ) ) ;
#2846 = PLANE ( 'NONE',  #17 ) ;
#2847 = EDGE_CURVE ( 'NONE', #1005, #2815, #3955, .T. ) ;
#2848 = DIRECTION ( 'NONE',  ( -0.0000000000000000000, 0.0000000000000000000, 1.000000000000000000 ) ) ;
#2849 = LINE ( 'NONE', #4712, #3656 ) ;
#2850 = DIRECTION ( 'NONE',  ( -0.0000000000000000000, -0.0000000000000000000, 1.000000000000000000 ) ) ;
#2851 = ADVANCED_FACE ( 'NONE', ( #3284 ), #1612, .F. ) ;
#2852 = FACE_OUTER_BOUND ( 'NONE', #2329, .T. ) ;
#2853 = PLANE ( 'NONE',  #2331 ) ;
#2854 = ORIENTED_EDGE ( 'NONE', *, *, #2814, .F. ) ;
#2855 = PLANE ( 'NONE',  #1539 ) ;
#2856 = CARTESIAN_POINT ( 'NONE',  ( 1.070000000000000300, -0.02500000000000000100, -0.3300000000000004000 ) ) ;
#2857 = CARTESIAN_POINT ( 'NONE',  ( -1.000000000000000000, -0.02500000000000000100, -2.070000000000001600 ) ) ;
#2858 = LINE ( 'NONE', #3091, #1423 ) ;
#2859 = LINE ( 'NONE', #1922, #1886 ) ;
#2860 = DIRECTION ( 'NONE',  ( -0.0000000000000000000, 1.000000000000000000, -0.0000000000000000000 ) ) ;
#2861 = ORIENTED_EDGE ( 'NONE', *, *, #326, .T. ) ;
#2862 = FACE_OUTER_BOUND ( 'NONE', #2422, .T. ) ;
#2863 = ORIENTED_EDGE ( 'NONE', *, *, #4148, .T. ) ;
#2864 = STYLED_ITEM ( 'NONE', ( #2085 ), #1410 ) ;
#2865 = DIRECTION ( 'NONE',  ( -1.032573497605244000E-015, 0.0000000000000000000, -1.000000000000000000 ) ) ;
#2866 = DIRECTION ( 'NONE',  ( 0.0000000000000000000, 1.000000000000000000, 0.0000000000000000000 ) ) ;
#2867 = CARTESIAN_POINT ( 'NONE',  ( 1.000000000000000000, 0.2000000000000000100, -2.070000000000001600 ) ) ;
#2868 = CARTESIAN_POINT ( 'NONE',  ( 2.010000000000000200, 0.2000000000000000100, 2.050000000000000300 ) ) ;
#2869 = ORIENTED_EDGE ( 'NONE', *, *, #372, .T. ) ;
#2870 = LINE ( 'NONE', #3967, #1896 ) ;
#2871 = EDGE_CURVE ( 'NONE', #1927, #3539, #3062, .T. ) ;
#2872 = LINE ( 'NONE', #3835, #938 ) ;
#2873 = VERTEX_POINT ( 'NONE', #3770 ) ;
#2874 = CARTESIAN_POINT ( 'NONE',  ( 2.010000000000000200, 0.2000000000000000100, -1.750000000000000700 ) ) ;
#2875 = VERTEX_POINT ( 'NONE', #4139 ) ;
#2876 = LINE ( 'NONE', #1142, #3005 ) ;
#2877 = CARTESIAN_POINT ( 'NONE',  ( -1.250000000000000200, 0.2000000000000000100, -2.800000000000000300 ) ) ;
#2878 = EDGE_CURVE ( 'NONE', #2301, #28, #2318, .T. ) ;
#2879 = DIRECTION ( 'NONE',  ( 0.0000000000000000000, 0.0000000000000000000, -1.000000000000000000 ) ) ;
#2880 = AXIS2_PLACEMENT_3D ( 'NONE', #1245, #4204, #1728 ) ;
#2881 = ORIENTED_EDGE ( 'NONE', *, *, #160, .T. ) ;
#2882 = DIRECTION ( 'NONE',  ( 0.0000000000000000000, -1.000000000000000000, 0.0000000000000000000 ) ) ;
#2883 = ORIENTED_EDGE ( 'NONE', *, *, #2626, .F. ) ;
#2884 = DIRECTION ( 'NONE',  ( -1.000000000000000000, -0.0000000000000000000, -0.0000000000000000000 ) ) ;
#2885 = ADVANCED_FACE ( 'NONE', ( #3630 ), #484, .T. ) ;
#2886 = CYLINDRICAL_SURFACE ( 'NONE', #423, 0.06999999999999996500 ) ;
#2887 = DIRECTION ( 'NONE',  ( 0.0000000000000000000, 0.0000000000000000000, -1.000000000000000000 ) ) ;
#2888 = CARTESIAN_POINT ( 'NONE',  ( 1.250000000000000000, 0.2000000000000000100, -3.010000000000000200 ) ) ;
#2889 = ORIENTED_EDGE ( 'NONE', *, *, #1073, .T. ) ;
#2890 = VERTEX_POINT ( 'NONE', #3454 ) ;
#2891 = ORIENTED_EDGE ( 'NONE', *, *, #2663, .F. ) ;
#2892 = ORIENTED_EDGE ( 'NONE', *, *, #4605, .F. ) ;
#2893 = DIRECTION ( 'NONE',  ( 0.0000000000000000000, 0.0000000000000000000, 1.000000000000000000 ) ) ;
#2894 = CARTESIAN_POINT ( 'NONE',  ( 1.070000000000000700, 0.2000000000000000100, -0.2000000000000004600 ) ) ;
#2895 = VERTEX_POINT ( 'NONE', #1941 ) ;
#2896 = PLANE ( 'NONE',  #3459 ) ;
#2897 = SURFACE_SIDE_STYLE ('',( #4532 ) ) ;
#2898 = CARTESIAN_POINT ( 'NONE',  ( -1.070000000000000300, -0.02500000000000000100, -1.620000000000000600 ) ) ;
#2899 = ORIENTED_EDGE ( 'NONE', *, *, #774, .T. ) ;
#2900 = CARTESIAN_POINT ( 'NONE',  ( -1.000000000000000200, -0.02500000000000000100, -1.620000000000001200 ) ) ;
#2901 = ORIENTED_EDGE ( 'NONE', *, *, #3097, .T. ) ;
#2902 = CARTESIAN_POINT ( 'NONE',  ( 1.070000000000000100, -0.02500000000000000100, -2.450000000000000200 ) ) ;
#2903 = EDGE_CURVE ( 'NONE', #1121, #241, #1333, .T. ) ;
#2904 = ORIENTED_EDGE ( 'NONE', *, *, #4004, .T. ) ;
#2905 = STYLED_ITEM ( 'NONE', ( #1745 ), #2618 ) ;
#2906 = EDGE_LOOP ( 'NONE', ( #729, #978, #4291, #2392 ) ) ;
#2907 = VECTOR ( 'NONE', #2619, 1000.000000000000000 ) ;
#2908 = EDGE_CURVE ( 'NONE', #2715, #833, #4722, .T. ) ;
#2909 = CARTESIAN_POINT ( 'NONE',  ( 1.000000000000000000, -0.02500000000000000100, -1.229999999999999800 ) ) ;
#2910 = DIRECTION ( 'NONE',  ( -0.0000000000000000000, 1.000000000000000000, 0.0000000000000000000 ) ) ;
#2911 = FILL_AREA_STYLE ('',( #2951 ) ) ;
#2912 = VECTOR ( 'NONE', #39, 1000.000000000000000 ) ;
#2913 = DIRECTION ( 'NONE',  ( 0.0000000000000000000, 0.0000000000000000000, 1.000000000000000000 ) ) ;
#2914 = EDGE_CURVE ( 'NONE', #3356, #2496, #2058, .T. ) ;
#2915 = CARTESIAN_POINT ( 'NONE',  ( 1.070000000000000700, -0.02500000000000000100, -0.8500000000000004200 ) ) ;
#2916 = CIRCLE ( 'NONE', #2103, 0.06999999999999996500 ) ;
#2917 = CYLINDRICAL_SURFACE ( 'NONE', #607, 0.06999999999999996500 ) ;
#2919 =( NAMED_UNIT ( * ) SI_UNIT ( $, .STERADIAN. ) SOLID_ANGLE_UNIT ( ) );
#2918 = VECTOR ( 'NONE', #1079, 1000.000000000000000 ) ;
#2920 = CARTESIAN_POINT ( 'NONE',  ( -1.070000000000000700, 0.2000000000000000100, -1.750000000000000700 ) ) ;
#2921 = COLOUR_RGB ( '',0.7921568627450980000, 0.8196078431372548800, 0.9333333333333333500 ) ;
#2922 = PRESENTATION_STYLE_ASSIGNMENT (( #2701 ) ) ;
#2923 = VECTOR ( 'NONE', #4714, 1000.000000000000000 ) ;
#2924 = DIRECTION ( 'NONE',  ( -0.0000000000000000000, 1.000000000000000000, -0.0000000000000000000 ) ) ;
#2925 = ORIENTED_EDGE ( 'NONE', *, *, #1317, .F. ) ;
#2926 = ADVANCED_FACE ( 'NONE', ( #585 ), #4202, .F. ) ;
#2927 = VECTOR ( 'NONE', #2324, 1000.000000000000000 ) ;
#2928 = CARTESIAN_POINT ( 'NONE',  ( -2.010000000000000200, -0.02500000000000000100, 0.1999999999999999300 ) ) ;
#2929 = DIRECTION ( 'NONE',  ( -0.0000000000000000000, 1.000000000000000000, -0.0000000000000000000 ) ) ;
#2931 = CARTESIAN_POINT ( 'NONE',  ( -2.010000000000000200, 0.2000000000000000100, 2.050000000000000300 ) ) ;
#2930 = FACE_OUTER_BOUND ( 'NONE', #3897, .T. ) ;
#2932 = EDGE_CURVE ( 'NONE', #648, #1659, #1961, .T. ) ;
#2933 = ORIENTED_EDGE ( 'NONE', *, *, #832, .T. ) ;
#2934 = VECTOR ( 'NONE', #1943, 1000.000000000000000 ) ;
#2935 = AXIS2_PLACEMENT_3D ( 'NONE', #1557, #4363, #846 ) ;
#2936 = CARTESIAN_POINT ( 'NONE',  ( 1.000000000000000200, -0.02500000000000000100, -0.7200000000000008600 ) ) ;
#2937 = CARTESIAN_POINT ( 'NONE',  ( 2.010000000000000200, -0.02500000000000000100, 0.3999999999999999700 ) ) ;
#2938 = DIRECTION ( 'NONE',  ( -1.000000000000000000, 0.0000000000000000000, -0.0000000000000000000 ) ) ;
#2939 = ORIENTED_EDGE ( 'NONE', *, *, #1817, .T. ) ;
#2940 = CARTESIAN_POINT ( 'NONE',  ( 1.070000000000000700, 0.2000000000000000100, -1.550000000000000500 ) ) ;
#2941 = VERTEX_POINT ( 'NONE', #2398 ) ;
#2942 = EDGE_CURVE ( 'NONE', #4417, #3811, #3796, .T. ) ;
#2943 =( GEOMETRIC_REPRESENTATION_CONTEXT ( 3 ) GLOBAL_UNCERTAINTY_ASSIGNED_CONTEXT ( ( #3537 ) ) GLOBAL_UNIT_ASSIGNED_CONTEXT ( ( #3653, #1864, #1457 ) ) REPRESENTATION_CONTEXT ( 'NONE', 'WORKASPACE' ) );
#2944 = VERTEX_POINT ( 'NONE', #3163 ) ;
#2945 = VECTOR ( 'NONE', #601, 1000.000000000000000 ) ;
#2946 = CARTESIAN_POINT ( 'NONE',  ( -1.000000000000000000, -0.02500000000000000100, -2.450000000000000200 ) ) ;
#2947 = DIRECTION ( 'NONE',  ( 0.0000000000000000000, 0.0000000000000000000, 1.000000000000000000 ) ) ;
#2948 = VERTEX_POINT ( 'NONE', #580 ) ;
#2949 = DIRECTION ( 'NONE',  ( -1.032573497605244000E-015, 0.0000000000000000000, -1.000000000000000000 ) ) ;
#2950 = EDGE_CURVE ( 'NONE', #1276, #58, #4007, .T. ) ;
#2951 = FILL_AREA_STYLE_COLOUR ( '', #3355 ) ;
#2952 = ORIENTED_EDGE ( 'NONE', *, *, #4173, .F. ) ;
#2953 = DIRECTION ( 'NONE',  ( 1.000000000000000000, -0.0000000000000000000, -0.0000000000000000000 ) ) ;
#2954 = CIRCLE ( 'NONE', #453, 0.06999999999999996500 ) ;
#2955 = CARTESIAN_POINT ( 'NONE',  ( 1.070000000000000300, 0.2000000000000000100, -0.7200000000000004200 ) ) ;
#2956 = ORIENTED_EDGE ( 'NONE', *, *, #3824, .T. ) ;
#2957 = DIRECTION ( 'NONE',  ( 0.0000000000000000000, 0.0000000000000000000, 1.000000000000000000 ) ) ;
#2958 = ORIENTED_EDGE ( 'NONE', *, *, #2871, .T. ) ;
#2959 = DIRECTION ( 'NONE',  ( 0.0000000000000000000, 0.0000000000000000000, 1.000000000000000000 ) ) ;
#2960 = ADVANCED_FACE ( 'NONE', ( #4478 ), #594, .F. ) ;
#2961 = AXIS2_PLACEMENT_3D ( 'NONE', #1499, #3007, #2959 ) ;
#2962 = ORIENTED_EDGE ( 'NONE', *, *, #2542, .T. ) ;
#2963 = CARTESIAN_POINT ( 'NONE',  ( 1.800000000000000500, -0.02500000000000000100, 0.3999999999999999100 ) ) ;
#2964 = ADVANCED_FACE ( 'NONE', ( #3513 ), #4576, .F. ) ;
#2965 = PLANE ( 'NONE',  #328 ) ;
#2966 = VERTEX_POINT ( 'NONE', #200 ) ;
#2967 = CARTESIAN_POINT ( 'NONE',  ( -2.010000000000000200, -0.02500000000000000100, -0.6500000000000004700 ) ) ;
#2968 = DIRECTION ( 'NONE',  ( 0.0000000000000000000, 1.000000000000000000, 0.0000000000000000000 ) ) ;
#2969 = DIRECTION ( 'NONE',  ( -0.0000000000000000000, 0.0000000000000000000, 1.000000000000000000 ) ) ;
#2970 = DIRECTION ( 'NONE',  ( 0.0000000000000000000, 1.000000000000000000, 0.0000000000000000000 ) ) ;
#2971 = LINE ( 'NONE', #4104, #1826 ) ;
#2972 = CARTESIAN_POINT ( 'NONE',  ( 1.000000000000000000, -0.02500000000000000100, -2.520000000000000500 ) ) ;
#2973 = DIRECTION ( 'NONE',  ( -0.0000000000000000000, -0.0000000000000000000, 1.000000000000000000 ) ) ;
#2974 = EDGE_CURVE ( 'NONE', #1112, #471, #351, .T. ) ;
#2975 = ORIENTED_EDGE ( 'NONE', *, *, #3647, .T. ) ;
#2976 = LINE ( 'NONE', #346, #4752 ) ;
#2977 = EDGE_CURVE ( 'NONE', #1050, #297, #2374, .T. ) ;
#2978 = FACE_OUTER_BOUND ( 'NONE', #2654, .T. ) ;
#2979 = MANIFOLD_SOLID_BREP ( 'Boss-Extrude2[8]', #4716 ) ;
#2980 = ADVANCED_FACE ( 'NONE', ( #4351 ), #3148, .F. ) ;
#2981 = CARTESIAN_POINT ( 'NONE',  ( -1.250000000000000000, -0.02500000000000000100, -3.010000000000000200 ) ) ;
#2982 = CARTESIAN_POINT ( 'NONE',  ( 1.800000000000000500, -0.02500000000000000100, 0.9500000000000000700 ) ) ;
#2983 = CARTESIAN_POINT ( 'NONE',  ( 1.070000000000000500, 0.2000000000000000100, -2.000000000000000900 ) ) ;
#2984 = VECTOR ( 'NONE', #32, 1000.000000000000000 ) ;
#2985 = LINE ( 'NONE', #1814, #3612 ) ;
#2986 = FACE_OUTER_BOUND ( 'NONE', #3473, .T. ) ;
#2987 = DIRECTION ( 'NONE',  ( 0.0000000000000000000, 0.0000000000000000000, -1.000000000000000000 ) ) ;
#2988 = CARTESIAN_POINT ( 'NONE',  ( -2.010000000000000200, 0.2000000000000000100, -2.200000000000000600 ) ) ;
#2989 = ORIENTED_EDGE ( 'NONE', *, *, #688, .F. ) ;
#2990 = VECTOR ( 'NONE', #1772, 1000.000000000000000 ) ;
#2991 = ORIENTED_EDGE ( 'NONE', *, *, #1011, .T. ) ;
#2992 = DIRECTION ( 'NONE',  ( 0.0000000000000000000, 1.000000000000000000, 0.0000000000000000000 ) ) ;
#2993 = CARTESIAN_POINT ( 'NONE',  ( -1.000000000000000000, -0.02500000000000000100, -2.070000000000001600 ) ) ;
#2994 = DIRECTION ( 'NONE',  ( 0.0000000000000000000, -1.000000000000000000, 0.0000000000000000000 ) ) ;
#2995 = VERTEX_POINT ( 'NONE', #3489 ) ;
#2996 = CIRCLE ( 'NONE', #1075, 0.06999999999999996500 ) ;
#2997 = ORIENTED_EDGE ( 'NONE', *, *, #2779, .F. ) ;
#2998 = LINE ( 'NONE', #1496, #1216 ) ;
#2999 = CARTESIAN_POINT ( 'NONE',  ( 0.2200000000000006100, -0.02500000000000000100, -1.250000000000000400 ) ) ;
#3000 = CARTESIAN_POINT ( 'NONE',  ( -1.070000000000000100, -0.02500000000000000100, -1.230000000000000400 ) ) ;
#3001 = CARTESIAN_POINT ( 'NONE',  ( -1.070000000000000100, -0.02500000000000000100, -1.170000000000000200 ) ) ;
#3002 = AXIS2_PLACEMENT_3D ( 'NONE', #3608, #300, #1406 ) ;
#3003 = CARTESIAN_POINT ( 'NONE',  ( -1.250000000000000000, 0.2000000000000000100, -2.450000000000000200 ) ) ;
#3004 = ORIENTED_EDGE ( 'NONE', *, *, #4480, .T. ) ;
#3005 = VECTOR ( 'NONE', #811, 1000.000000000000000 ) ;
#3006 = CARTESIAN_POINT ( 'NONE',  ( 1.070000000000000700, -0.02500000000000000100, -0.2000000000000004600 ) ) ;
#3007 = DIRECTION ( 'NONE',  ( -0.0000000000000000000, 1.000000000000000000, -0.0000000000000000000 ) ) ;
#3008 =( LENGTH_UNIT ( ) NAMED_UNIT ( * ) SI_UNIT ( .MILLI., .METRE. ) );
#3009 = ADVANCED_FACE ( 'NONE', ( #4137 ), #928, .F. ) ;
#3010 = ORIENTED_EDGE ( 'NONE', *, *, #3615, .F. ) ;
#3011 = LINE ( 'NONE', #1436, #3633 ) ;
#3012 = EDGE_CURVE ( 'NONE', #241, #929, #4600, .T. ) ;
#3013 = AXIS2_PLACEMENT_3D ( 'NONE', #810, #1594, #3375 ) ;
#3014 = CARTESIAN_POINT ( 'NONE',  ( 1.070000000000000700, 0.2000000000000000100, -0.8500000000000004200 ) ) ;
#3015 = ADVANCED_FACE ( 'NONE', ( #4418 ), #2388, .F. ) ;
#3016 = VERTEX_POINT ( 'NONE', #2758 ) ;
#3017 = VERTEX_POINT ( 'NONE', #2867 ) ;
#3018 = LINE ( 'NONE', #155, #3417 ) ;
#3019 = DIRECTION ( 'NONE',  ( 2.168404344971008100E-015, 0.0000000000000000000, -1.000000000000000000 ) ) ;
#3020 = EDGE_CURVE ( 'NONE', #1541, #2873, #3400, .T. ) ;
#3021 = DIRECTION ( 'NONE',  ( -0.0000000000000000000, 1.000000000000000000, -0.0000000000000000000 ) ) ;
#3022 = ORIENTED_EDGE ( 'NONE', *, *, #1843, .F. ) ;
#3023 = DIRECTION ( 'NONE',  ( -1.000000000000000000, 0.0000000000000000000, 0.0000000000000000000 ) ) ;
#3024 = DIRECTION ( 'NONE',  ( 0.0000000000000000000, 1.000000000000000000, 0.0000000000000000000 ) ) ;
#3025 = PLANE ( 'NONE',  #2935 ) ;
#3026 = EDGE_LOOP ( 'NONE', ( #908, #3294, #536, #1691 ) ) ;
#3027 = AXIS2_PLACEMENT_3D ( 'NONE', #4080, #1186, #2609 ) ;
#3028 = ORIENTED_EDGE ( 'NONE', *, *, #4719, .F. ) ;
#3029 = PLANE ( 'NONE',  #4507 ) ;
#3030 = VECTOR ( 'NONE', #331, 1000.000000000000000 ) ;
#3031 = MECHANICAL_DESIGN_GEOMETRIC_PRESENTATION_REPRESENTATION (  '', ( #2439 ), #721 ) ;
#3032 = DIRECTION ( 'NONE',  ( 1.000000000000000000, -0.0000000000000000000, -0.0000000000000000000 ) ) ;
#3033 = DIRECTION ( 'NONE',  ( 0.0000000000000000000, 0.0000000000000000000, -1.000000000000000000 ) ) ;
#3034 = DIRECTION ( 'NONE',  ( 0.0000000000000000000, -1.000000000000000000, 0.0000000000000000000 ) ) ;
#3035 = ADVANCED_FACE ( 'NONE', ( #3166 ), #1383, .T. ) ;
#3036 = ORIENTED_EDGE ( 'NONE', *, *, #204, .F. ) ;
#3038 = DIRECTION ( 'NONE',  ( -1.000000000000000000, 0.0000000000000000000, 0.0000000000000000000 ) ) ;
#3037 = FACE_OUTER_BOUND ( 'NONE', #2395, .T. ) ;
#3039 = EDGE_CURVE ( 'NONE', #939, #3125, #3458, .T. ) ;
#3040 =( NAMED_UNIT ( * ) SI_UNIT ( $, .STERADIAN. ) SOLID_ANGLE_UNIT ( ) );
#3041 = VECTOR ( 'NONE', #1118, 1000.000000000000000 ) ;
#3042 = DIRECTION ( 'NONE',  ( 0.0000000000000000000, 1.000000000000000000, 0.0000000000000000000 ) ) ;
#3043 = DIRECTION ( 'NONE',  ( -0.0000000000000000000, 0.0000000000000000000, 1.000000000000000000 ) ) ;
#3044 = EDGE_CURVE ( 'NONE', #4707, #3192, #2528, .T. ) ;
#3045 = LINE ( 'NONE', #1152, #1090 ) ;
#3046 = FACE_OUTER_BOUND ( 'NONE', #4253, .T. ) ;
#3047 = EDGE_LOOP ( 'NONE', ( #8, #2836, #655, #2363 ) ) ;
#3048 = CARTESIAN_POINT ( 'NONE',  ( 1.070000000000000700, -0.02500000000000000100, -1.550000000000000500 ) ) ;
#3049 = CARTESIAN_POINT ( 'NONE',  ( 0.4000000000000001900, -0.02500000000000000100, -1.320000000000001000 ) ) ;
#3050 = ORIENTED_EDGE ( 'NONE', *, *, #438, .F. ) ;
#3051 = VECTOR ( 'NONE', #2130, 1000.000000000000000 ) ;
#3052 = DIRECTION ( 'NONE',  ( -0.0000000000000000000, 1.000000000000000000, -0.0000000000000000000 ) ) ;
#3053 = DIRECTION ( 'NONE',  ( -1.000000000000000000, -0.0000000000000000000, -0.0000000000000000000 ) ) ;
#3054 = CARTESIAN_POINT ( 'NONE',  ( -2.010000000000000200, 0.2000000000000000100, -2.649999999999999900 ) ) ;
#3055 = ADVANCED_FACE ( 'NONE', ( #2417 ), #185, .T. ) ;
#3056 = ORIENTED_EDGE ( 'NONE', *, *, #4250, .F. ) ;
#3057 = PRESENTATION_STYLE_ASSIGNMENT (( #1318 ) ) ;
#3058 = DIRECTION ( 'NONE',  ( 1.000000000000000000, -0.0000000000000000000, -0.0000000000000000000 ) ) ;
#3059 = DIRECTION ( 'NONE',  ( 0.0000000000000000000, 0.0000000000000000000, -1.000000000000000000 ) ) ;
#3060 = ORIENTED_EDGE ( 'NONE', *, *, #2155, .T. ) ;
#3061 = ORIENTED_EDGE ( 'NONE', *, *, #4434, .F. ) ;
#3062 = LINE ( 'NONE', #4118, #945 ) ;
#3063 = CARTESIAN_POINT ( 'NONE',  ( -1.000000000000000200, -0.02500000000000000100, -0.7799999999999999200 ) ) ;
#3064 = PLANE ( 'NONE',  #960 ) ;
#3065 = PLANE ( 'NONE',  #2257 ) ;
#3066 = CARTESIAN_POINT ( 'NONE',  ( -2.010000000000000200, -0.02500000000000000100, 1.150000000000000100 ) ) ;
#3067 = VERTEX_POINT ( 'NONE', #2482 ) ;
#3068 = LINE ( 'NONE', #967, #4016 ) ;
#3069 = EDGE_CURVE ( 'NONE', #4305, #882, #533, .T. ) ;
#3070 =( GEOMETRIC_REPRESENTATION_CONTEXT ( 3 ) GLOBAL_UNCERTAINTY_ASSIGNED_CONTEXT ( ( #2342 ) ) GLOBAL_UNIT_ASSIGNED_CONTEXT ( ( #1560, #3805, #1579 ) ) REPRESENTATION_CONTEXT ( 'NONE', 'WORKASPACE' ) );
#3071 = VERTEX_POINT ( 'NONE', #4654 ) ;
#3072 = VERTEX_POINT ( 'NONE', #1003 ) ;
#3073 = LINE ( 'NONE', #1198, #3903 ) ;
#3074 = DIRECTION ( 'NONE',  ( 0.0000000000000000000, 0.0000000000000000000, -1.000000000000000000 ) ) ;
#3075 = EDGE_LOOP ( 'NONE', ( #1178, #2067, #4629, #933 ) ) ;
#3076 = DIRECTION ( 'NONE',  ( 2.581433744013110000E-016, 0.0000000000000000000, -1.000000000000000000 ) ) ;
#3077 = EDGE_CURVE ( 'NONE', #1565, #2412, #1277, .T. ) ;
#3078 = ORIENTED_EDGE ( 'NONE', *, *, #1839, .T. ) ;
#3079 = AXIS2_PLACEMENT_3D ( 'NONE', #4390, #1515, #4408 ) ;
#3080 = DIRECTION ( 'NONE',  ( -1.000000000000000000, -0.0000000000000000000, -2.581433744013110000E-016 ) ) ;
#3081 = CARTESIAN_POINT ( 'NONE',  ( 1.000000000000000200, -0.02500000000000000100, -0.7200000000000008600 ) ) ;
#3082 = ORIENTED_EDGE ( 'NONE', *, *, #4695, .T. ) ;
#3083 = DIRECTION ( 'NONE',  ( -0.0000000000000000000, 1.000000000000000000, -0.0000000000000000000 ) ) ;
#3084 = EDGE_CURVE ( 'NONE', #3463, #428, #2245, .T. ) ;
#3085 = VERTEX_POINT ( 'NONE', #2451 ) ;
#3086 = CARTESIAN_POINT ( 'NONE',  ( 1.070000000000000700, -0.02500000000000000100, -0.2000000000000004300 ) ) ;
#3087 = DIRECTION ( 'NONE',  ( -0.0000000000000000000, -1.000000000000000000, -0.0000000000000000000 ) ) ;
#3088 = ORIENTED_EDGE ( 'NONE', *, *, #1094, .F. ) ;
#3089 = CIRCLE ( 'NONE', #1366, 0.06999999999999975700 ) ;
#3090 = CARTESIAN_POINT ( 'NONE',  ( -2.010000000000000200, -0.02500000000000000100, -1.750000000000000700 ) ) ;
#3091 = CARTESIAN_POINT ( 'NONE',  ( -2.010000000000000200, -0.02500000000000000100, 2.050000000000000300 ) ) ;
#3092 = LINE ( 'NONE', #2077, #3318 ) ;
#3093 = DIRECTION ( 'NONE',  ( -0.0000000000000000000, -1.000000000000000000, -0.0000000000000000000 ) ) ;
#3094 = VECTOR ( 'NONE', #1954, 1000.000000000000000 ) ;
#3095 = CARTESIAN_POINT ( 'NONE',  ( -0.1499999999999997400, -0.02500000000000000100, -3.010000000000000700 ) ) ;
#3096 = CARTESIAN_POINT ( 'NONE',  ( -1.070000000000000700, -0.02500000000000000100, -1.750000000000000700 ) ) ;
#3097 = EDGE_CURVE ( 'NONE', #1360, #2890, #3229, .T. ) ;
#3098 = VECTOR ( 'NONE', #2555, 1000.000000000000000 ) ;
#3099 = STYLED_ITEM ( 'NONE', ( #2922 ), #3959 ) ;
#3100 = FACE_OUTER_BOUND ( 'NONE', #949, .T. ) ;
#3101 =( NAMED_UNIT ( * ) SI_UNIT ( $, .STERADIAN. ) SOLID_ANGLE_UNIT ( ) );
#3102 = ORIENTED_EDGE ( 'NONE', *, *, #3587, .F. ) ;
#3103 = SURFACE_STYLE_FILL_AREA ( #3856 ) ;
#3104 = EDGE_CURVE ( 'NONE', #1681, #2554, #3343, .T. ) ;
#3105 = CLOSED_SHELL ( 'NONE', ( #3262, #4382, #1942, #3370, #820, #2194, #1384, #1370 ) ) ;
#3106 = FACE_OUTER_BOUND ( 'NONE', #3836, .T. ) ;
#3107 = CARTESIAN_POINT ( 'NONE',  ( 0.9999999999999997800, -0.02500000000000000100, -3.010000000000000200 ) ) ;
#3108 = CLOSED_SHELL ( 'NONE', ( #3993, #2980, #3315, #2584, #76, #4468, #2960, #3586 ) ) ;
#3109 = LINE ( 'NONE', #840, #3948 ) ;
#3110 = AXIS2_PLACEMENT_3D ( 'NONE', #367, #3636, #2949 ) ;
#3111 = ORIENTED_EDGE ( 'NONE', *, *, #4148, .F. ) ;
#3112 = VECTOR ( 'NONE', #3268, 1000.000000000000000 ) ;
#3113 = DIRECTION ( 'NONE',  ( 0.0000000000000000000, 0.0000000000000000000, 1.000000000000000000 ) ) ;
#3114 = ORIENTED_EDGE ( 'NONE', *, *, #1371, .F. ) ;
#3115 = VERTEX_POINT ( 'NONE', #2112 ) ;
#3116 = SURFACE_STYLE_FILL_AREA ( #4645 ) ;
#3117 = APPLICATION_PROTOCOL_DEFINITION ( 'draft international standard', 'automotive_design', 1998, #4269 ) ;
#3118 = FILL_AREA_STYLE ('',( #4565 ) ) ;
#3119 = PRESENTATION_LAYER_ASSIGNMENT (  '', '', ( #2864 ) ) ;
#3120 = VERTEX_POINT ( 'NONE', #1351 ) ;
#3121 = VECTOR ( 'NONE', #1830, 1000.000000000000000 ) ;
#3122 = VERTEX_POINT ( 'NONE', #4699 ) ;
#3123 = CARTESIAN_POINT ( 'NONE',  ( 1.070000000000000300, -0.02500000000000000100, -1.680000000000000800 ) ) ;
#3124 = DIRECTION ( 'NONE',  ( -1.000000000000000000, 0.0000000000000000000, 0.0000000000000000000 ) ) ;
#3125 = VERTEX_POINT ( 'NONE', #3241 ) ;
#3126 = LINE ( 'NONE', #4197, #495 ) ;
#3127 = EDGE_CURVE ( 'NONE', #3334, #192, #4244, .T. ) ;
#3128 = EDGE_LOOP ( 'NONE', ( #1331, #4508, #2577, #1562 ) ) ;
#3129 = PLANE ( 'NONE',  #2042 ) ;
#3130 = VERTEX_POINT ( 'NONE', #1742 ) ;
#3131 = ORIENTED_EDGE ( 'NONE', *, *, #469, .F. ) ;
#3132 = DIRECTION ( 'NONE',  ( -0.0000000000000000000, 1.000000000000000000, -0.0000000000000000000 ) ) ;
#3133 = DIRECTION ( 'NONE',  ( 1.000000000000000000, 0.0000000000000000000, 0.0000000000000000000 ) ) ;
#3134 = EDGE_CURVE ( 'NONE', #2314, #3122, #1328, .T. ) ;
#3135 = AXIS2_PLACEMENT_3D ( 'NONE', #78, #563, #201 ) ;
#3136 = EDGE_LOOP ( 'NONE', ( #1475, #1433, #4611, #1974 ) ) ;
#3137 = VERTEX_POINT ( 'NONE', #2801 ) ;
#3138 = CARTESIAN_POINT ( 'NONE',  ( -2.010000000000000200, 0.2000000000000000100, -1.550000000000000500 ) ) ;
#3139 = ORIENTED_EDGE ( 'NONE', *, *, #3223, .F. ) ;
#3140 = EDGE_LOOP ( 'NONE', ( #2781, #571, #1643, #2046 ) ) ;
#3141 = AXIS2_PLACEMENT_3D ( 'NONE', #2620, #2311, #4126 ) ;
#3142 = CARTESIAN_POINT ( 'NONE',  ( 1.070000000000000700, 0.2000000000000000100, -1.300000000000000300 ) ) ;
#3143 = DIRECTION ( 'NONE',  ( -1.000000000000000000, 0.0000000000000000000, 0.0000000000000000000 ) ) ;
#3144 = FACE_OUTER_BOUND ( 'NONE', #2427, .T. ) ;
#3145 = DIRECTION ( 'NONE',  ( 0.0000000000000000000, -0.0000000000000000000, 1.000000000000000000 ) ) ;
#3146 = ORIENTED_EDGE ( 'NONE', *, *, #1724, .T. ) ;
#3147 = SURFACE_STYLE_FILL_AREA ( #3765 ) ;
#3148 = PLANE ( 'NONE',  #2628 ) ;
#3149 = LINE ( 'NONE', #510, #1024 ) ;
#3150 = VECTOR ( 'NONE', #2648, 1000.000000000000000 ) ;
#3151 = VECTOR ( 'NONE', #3270, 1000.000000000000000 ) ;
#3152 = EDGE_CURVE ( 'NONE', #436, #3512, #2111, .T. ) ;
#3153 = AXIS2_PLACEMENT_3D ( 'NONE', #2072, #3521, #4659 ) ;
#3154 = SURFACE_STYLE_USAGE ( .BOTH. , #1369 ) ;
#3155 = LINE ( 'NONE', #1425, #3387 ) ;
#3156 = DIRECTION ( 'NONE',  ( 1.000000000000000000, 0.0000000000000000000, 0.0000000000000000000 ) ) ;
#3157 = DIRECTION ( 'NONE',  ( 0.0000000000000000000, -1.000000000000000000, 0.0000000000000000000 ) ) ;
#3158 = EDGE_CURVE ( 'NONE', #3403, #3801, #1795, .T. ) ;
#3159 = VERTEX_POINT ( 'NONE', #2608 ) ;
#3160 = ORIENTED_EDGE ( 'NONE', *, *, #2761, .F. ) ;
#3161 = CIRCLE ( 'NONE', #2569, 0.06999999999999996500 ) ;
#3162 = CARTESIAN_POINT ( 'NONE',  ( -1.250000000000000000, 0.2000000000000000100, -3.010000000000000200 ) ) ;
#3163 = CARTESIAN_POINT ( 'NONE',  ( -1.070000000000000700, -0.02500000000000000100, -0.8500000000000004200 ) ) ;
#3164 = CARTESIAN_POINT ( 'NONE',  ( -1.249999999999999800, 0.2000000000000000100, 3.010000000000000200 ) ) ;
#3165 = VERTEX_POINT ( 'NONE', #2185 ) ;
#3166 = FACE_OUTER_BOUND ( 'NONE', #2005, .T. ) ;
#3167 = VERTEX_POINT ( 'NONE', #4361 ) ;
#3168 = DIRECTION ( 'NONE',  ( 0.0000000000000000000, 0.0000000000000000000, 1.000000000000000000 ) ) ;
#3169 = EDGE_LOOP ( 'NONE', ( #3968, #4487, #2595, #143 ) ) ;
#3170 = VECTOR ( 'NONE', #4159, 1000.000000000000000 ) ;
#3171 = SHAPE_DEFINITION_REPRESENTATION ( #766, #4287 ) ;
#3172 = ORIENTED_EDGE ( 'NONE', *, *, #2567, .T. ) ;
#3173 = CARTESIAN_POINT ( 'NONE',  ( -1.800000000000000500, -0.02500000000000000100, 2.250000000000000400 ) ) ;
#3174 = ORIENTED_EDGE ( 'NONE', *, *, #4372, .F. ) ;
#3175 = DIRECTION ( 'NONE',  ( -1.000000000000000000, 0.0000000000000000000, -0.0000000000000000000 ) ) ;
#3176 = ORIENTED_EDGE ( 'NONE', *, *, #3158, .T. ) ;
#3177 = DIRECTION ( 'NONE',  ( 0.0000000000000000000, -1.000000000000000000, 0.0000000000000000000 ) ) ;
#3178 = ORIENTED_EDGE ( 'NONE', *, *, #4200, .T. ) ;
#3179 =( LENGTH_UNIT ( ) NAMED_UNIT ( * ) SI_UNIT ( .MILLI., .METRE. ) );
#3180 = DIRECTION ( 'NONE',  ( 1.000000000000000000, 0.0000000000000000000, 0.0000000000000000000 ) ) ;
#3181 = VERTEX_POINT ( 'NONE', #3320 ) ;
#3182 = PRESENTATION_STYLE_ASSIGNMENT (( #719 ) ) ;
#3183 = DIRECTION ( 'NONE',  ( -1.000000000000000000, 0.0000000000000000000, -1.734723475976805500E-015 ) ) ;
#3184 = PLANE ( 'NONE',  #3479 ) ;
#3185 = EDGE_CURVE ( 'NONE', #3522, #2944, #4070, .T. ) ;
#3186 = AXIS2_PLACEMENT_3D ( 'NONE', #2661, #3733, #4750 ) ;
#3187 = ORIENTED_EDGE ( 'NONE', *, *, #2117, .T. ) ;
#3188 = ORIENTED_EDGE ( 'NONE', *, *, #2391, .F. ) ;
#3189 = CARTESIAN_POINT ( 'NONE',  ( -1.000000000000000200, -0.02500000000000000100, -0.7200000000000008600 ) ) ;
#3190 = EDGE_CURVE ( 'NONE', #4158, #790, #73, .T. ) ;
#3191 = ORIENTED_EDGE ( 'NONE', *, *, #1697, .T. ) ;
#3192 = VERTEX_POINT ( 'NONE', #1877 ) ;
#3193 = PRESENTATION_LAYER_ASSIGNMENT (  '', '', ( #1810 ) ) ;
#3194 = CARTESIAN_POINT ( 'NONE',  ( 2.010000000000000200, -0.02500000000000000100, 1.150000000000000100 ) ) ;
#3195 = CARTESIAN_POINT ( 'NONE',  ( 1.070000000000000300, 0.2000000000000000100, -1.680000000000000800 ) ) ;
#3196 = VERTEX_POINT ( 'NONE', #2972 ) ;
#3197 = EDGE_CURVE ( 'NONE', #1759, #2301, #2998, .T. ) ;
#3198 = DIRECTION ( 'NONE',  ( 0.0000000000000000000, 0.0000000000000000000, 1.000000000000000000 ) ) ;
#3199 = ORIENTED_EDGE ( 'NONE', *, *, #3904, .T. ) ;
#3200 = DIRECTION ( 'NONE',  ( -0.0000000000000000000, 1.000000000000000000, -0.0000000000000000000 ) ) ;
#3201 = COLOUR_RGB ( '',0.7921568627450980000, 0.8196078431372548800, 0.9333333333333333500 ) ;
#3202 = AXIS2_PLACEMENT_3D ( 'NONE', #2674, #3074, #4166 ) ;
#3203 =( NAMED_UNIT ( * ) SI_UNIT ( $, .STERADIAN. ) SOLID_ANGLE_UNIT ( ) );
#3204 = CIRCLE ( 'NONE', #1568, 0.06999999999999996500 ) ;
#3205 = CARTESIAN_POINT ( 'NONE',  ( 1.070000000000000300, -0.02500000000000000100, -1.620000000000000600 ) ) ;
#3206 = FILL_AREA_STYLE_COLOUR ( '', #113 ) ;
#3207 = SURFACE_STYLE_USAGE ( .BOTH. , #3605 ) ;
#3208 = DIRECTION ( 'NONE',  ( 0.0000000000000000000, 1.000000000000000000, 0.0000000000000000000 ) ) ;
#3209 = PRESENTATION_STYLE_ASSIGNMENT (( #31 ) ) ;
#3210 = CARTESIAN_POINT ( 'NONE',  ( 2.010000000000000200, -0.02500000000000000100, -1.100000000000000300 ) ) ;
#3211 = FACE_OUTER_BOUND ( 'NONE', #2414, .T. ) ;
#3212 = VECTOR ( 'NONE', #2553, 1000.000000000000000 ) ;
#3213 = DIRECTION ( 'NONE',  ( -0.0000000000000000000, 0.0000000000000000000, -1.000000000000000000 ) ) ;
#3214 = EDGE_CURVE ( 'NONE', #3399, #3130, #2645, .T. ) ;
#3215 = ORIENTED_EDGE ( 'NONE', *, *, #2779, .T. ) ;
#3216 = VECTOR ( 'NONE', #4396, 1000.000000000000000 ) ;
#3217 = PRESENTATION_LAYER_ASSIGNMENT (  '', '', ( #4193 ) ) ;
#3218 = ORIENTED_EDGE ( 'NONE', *, *, #2449, .F. ) ;
#3219 = ORIENTED_EDGE ( 'NONE', *, *, #2240, .F. ) ;
#3220 = ADVANCED_FACE ( 'NONE', ( #3736 ), #1506, .T. ) ;
#3221 = LINE ( 'NONE', #323, #65 ) ;
#3222 = CARTESIAN_POINT ( 'NONE',  ( -2.010000000000000200, 0.2000000000000000100, 2.250000000000000400 ) ) ;
#3223 = EDGE_CURVE ( 'NONE', #1321, #4417, #3950, .T. ) ;
#3224 = AXIS2_PLACEMENT_3D ( 'NONE', #4619, #1301, #972 ) ;
#3226 = ORIENTED_EDGE ( 'NONE', *, *, #3809, .F. ) ;
#3225 = ORIENTED_EDGE ( 'NONE', *, *, #698, .F. ) ;
#3227 = LINE ( 'NONE', #1219, #581 ) ;
#3228 = ORIENTED_EDGE ( 'NONE', *, *, #799, .F. ) ;
#3229 = LINE ( 'NONE', #1758, #3625 ) ;
#3230 = PLANE ( 'NONE',  #623 ) ;
#3231 = DIRECTION ( 'NONE',  ( -0.0000000000000000000, 1.000000000000000000, -0.0000000000000000000 ) ) ;
#3232 = EDGE_CURVE ( 'NONE', #1413, #3642, #1571, .T. ) ;
#3233 = ORIENTED_EDGE ( 'NONE', *, *, #1234, .T. ) ;
#3234 = LINE ( 'NONE', #1763, #537 ) ;
#3235 = ORIENTED_EDGE ( 'NONE', *, *, #4138, .F. ) ;
#3236 = EDGE_LOOP ( 'NONE', ( #4020, #310, #3174, #2271 ) ) ;
#3237 = FACE_OUTER_BOUND ( 'NONE', #1341, .T. ) ;
#3238 = CARTESIAN_POINT ( 'NONE',  ( -1.070000000000000700, -0.02500000000000000100, -2.200000000000001100 ) ) ;
#3239 = ORIENTED_EDGE ( 'NONE', *, *, #4314, .T. ) ;
#3240 = DIRECTION ( 'NONE',  ( 1.348510164782965800E-017, 0.0000000000000000000, 1.000000000000000000 ) ) ;
#3241 = CARTESIAN_POINT ( 'NONE',  ( 2.010000000000000200, -0.02500000000000000100, -2.450000000000000200 ) ) ;
#3242 = ORIENTED_EDGE ( 'NONE', *, *, #3039, .F. ) ;
#3243 = CARTESIAN_POINT ( 'NONE',  ( 1.000000000000000200, 0.2000000000000000100, -0.7799999999999999200 ) ) ;
#3244 = EDGE_LOOP ( 'NONE', ( #1387, #2760, #1263, #4014 ) ) ;
#3245 = DIRECTION ( 'NONE',  ( -0.0000000000000000000, 1.000000000000000000, -0.0000000000000000000 ) ) ;
#3246 = EDGE_LOOP ( 'NONE', ( #2521, #3050, #3862, #3954 ) ) ;
#3247 = EDGE_CURVE ( 'NONE', #1692, #288, #407, .T. ) ;
#3248 = ORIENTED_EDGE ( 'NONE', *, *, #3621, .F. ) ;
#3249 = PLANE ( 'NONE',  #4591 ) ;
#3250 = CARTESIAN_POINT ( 'NONE',  ( -1.000000000000000000, -0.02500000000000000100, -1.229999999999999800 ) ) ;
#3251 = FACE_OUTER_BOUND ( 'NONE', #134, .T. ) ;
#3252 = CARTESIAN_POINT ( 'NONE',  ( 1.249999999999999800, 0.2000000000000000100, 2.799999999999999400 ) ) ;
#3253 = EDGE_CURVE ( 'NONE', #283, #3760, #528, .T. ) ;
#3254 = PLANE ( 'NONE',  #486 ) ;
#3255 = VECTOR ( 'NONE', #1917, 1000.000000000000000 ) ;
#3256 = CARTESIAN_POINT ( 'NONE',  ( -1.070000000000000700, 0.2000000000000000100, -0.8500000000000004200 ) ) ;
#3257 = DIRECTION ( 'NONE',  ( -0.0000000000000000000, 0.0000000000000000000, -1.000000000000000000 ) ) ;
#3258 = AXIS2_PLACEMENT_3D ( 'NONE', #3797, #141, #164 ) ;
#3259 = LINE ( 'NONE', #519, #334 ) ;
#3260 = PRESENTATION_STYLE_ASSIGNMENT (( #202 ) ) ;
#3261 = LINE ( 'NONE', #2638, #2097 ) ;
#3262 = ADVANCED_FACE ( 'NONE', ( #883 ), #46, .F. ) ;
#3263 = DIRECTION ( 'NONE',  ( 0.0000000000000000000, 0.0000000000000000000, 1.000000000000000000 ) ) ;
#3264 = LINE ( 'NONE', #67, #3443 ) ;
#3265 = MANIFOLD_SOLID_BREP ( 'Cut-Extrude1', #4738 ) ;
#3266 = VECTOR ( 'NONE', #884, 1000.000000000000000 ) ;
#3267 = FACE_OUTER_BOUND ( 'NONE', #4027, .T. ) ;
#3268 = DIRECTION ( 'NONE',  ( 1.000000000000000000, -0.0000000000000000000, 1.153406566473941500E-016 ) ) ;
#3269 = DIRECTION ( 'NONE',  ( -0.0000000000000000000, 1.000000000000000000, -0.0000000000000000000 ) ) ;
#3270 = DIRECTION ( 'NONE',  ( 0.0000000000000000000, 1.000000000000000000, 0.0000000000000000000 ) ) ;
#3271 = DIRECTION ( 'NONE',  ( 0.0000000000000000000, 0.0000000000000000000, -1.000000000000000000 ) ) ;
#3272 = ORIENTED_EDGE ( 'NONE', *, *, #555, .T. ) ;
#3273 = ORIENTED_EDGE ( 'NONE', *, *, #4274, .F. ) ;
#3274 = LINE ( 'NONE', #1029, #1999 ) ;
#3275 = EDGE_CURVE ( 'NONE', #4324, #70, #2002, .T. ) ;
#3276 = AXIS2_PLACEMENT_3D ( 'NONE', #732, #3658, #343 ) ;
#3277 = DIRECTION ( 'NONE',  ( -1.000000000000000000, 0.0000000000000000000, 0.0000000000000000000 ) ) ;
#3278 = EDGE_LOOP ( 'NONE', ( #2991, #3146, #4240, #662 ) ) ;
#3279 = VECTOR ( 'NONE', #4429, 1000.000000000000000 ) ;
#3280 = ORIENTED_EDGE ( 'NONE', *, *, #1761, .T. ) ;
#3281 = DIRECTION ( 'NONE',  ( 0.0000000000000000000, 1.000000000000000000, 0.0000000000000000000 ) ) ;
#3282 = DIRECTION ( 'NONE',  ( 0.0000000000000000000, 1.000000000000000000, 0.0000000000000000000 ) ) ;
#3283 = EDGE_LOOP ( 'NONE', ( #1871, #4042, #3977, #3226, #4194, #3457 ) ) ;
#3284 = FACE_OUTER_BOUND ( 'NONE', #3703, .T. ) ;
#3285 = EDGE_CURVE ( 'NONE', #375, #3334, #631, .T. ) ;
#3286 = PLANE ( 'NONE',  #1253 ) ;
#3287 = AXIS2_PLACEMENT_3D ( 'NONE', #595, #212, #3880 ) ;
#3288 = ORIENTED_EDGE ( 'NONE', *, *, #2847, .T. ) ;
#3289 = DIRECTION ( 'NONE',  ( 1.000000000000000000, -0.0000000000000000000, -4.613626265895766000E-016 ) ) ;
#3290 = DIRECTION ( 'NONE',  ( 1.000000000000000000, 0.0000000000000000000, 0.0000000000000000000 ) ) ;
#3291 = ADVANCED_FACE ( 'NONE', ( #284 ), #4391, .F. ) ;
#3292 = AXIS2_PLACEMENT_3D ( 'NONE', #2999, #3351, #1196 ) ;
#3293 = VERTEX_POINT ( 'NONE', #2936 ) ;
#3294 = ORIENTED_EDGE ( 'NONE', *, *, #136, .T. ) ;
#3295 = LINE ( 'NONE', #1766, #2326 ) ;
#3296 = ADVANCED_FACE ( 'NONE', ( #934 ), #2293, .T. ) ;
#3297 = VERTEX_POINT ( 'NONE', #3003 ) ;
#3298 = ORIENTED_EDGE ( 'NONE', *, *, #2753, .F. ) ;
#3299 = DIRECTION ( 'NONE',  ( -1.000000000000000000, 0.0000000000000000000, -0.0000000000000000000 ) ) ;
#3300 = CARTESIAN_POINT ( 'NONE',  ( -1.500000000000000000, 1.550000000000000300, -2.500000000000000000 ) ) ;
#3301 = DIRECTION ( 'NONE',  ( 0.0000000000000000000, 1.000000000000000000, 0.0000000000000000000 ) ) ;
#3302 = ORIENTED_EDGE ( 'NONE', *, *, #926, .F. ) ;
#3303 = CARTESIAN_POINT ( 'NONE',  ( -1.000000000000000200, 0.2000000000000000100, -1.620000000000001200 ) ) ;
#3304 = SURFACE_SIDE_STYLE ('',( #4593 ) ) ;
#3305 = DIRECTION ( 'NONE',  ( 1.000000000000000000, 0.0000000000000000000, -0.0000000000000000000 ) ) ;
#3306 = DIRECTION ( 'NONE',  ( 0.0000000000000000000, 0.0000000000000000000, -1.000000000000000000 ) ) ;
#3307 = EDGE_CURVE ( 'NONE', #4170, #4362, #3728, .T. ) ;
#3308 = ORIENTED_EDGE ( 'NONE', *, *, #290, .T. ) ;
#3309 = VERTEX_POINT ( 'NONE', #843 ) ;
#3310 = AXIS2_PLACEMENT_3D ( 'NONE', #4636, #1039, #2162 ) ;
#3311 = LINE ( 'NONE', #4517, #915 ) ;
#3312 = EDGE_CURVE ( 'NONE', #2432, #3309, #3452, .T. ) ;
#3313 = PLANE ( 'NONE',  #4251 ) ;
#3314 = AXIS2_PLACEMENT_3D ( 'NONE', #2233, #2250, #4087 ) ;
#3315 = ADVANCED_FACE ( 'NONE', ( #2467 ), #1682, .T. ) ;
#3316 = DIRECTION ( 'NONE',  ( 0.0000000000000000000, 0.0000000000000000000, 1.000000000000000000 ) ) ;
#3317 = DIRECTION ( 'NONE',  ( -1.000000000000000000, 0.0000000000000000000, -0.0000000000000000000 ) ) ;
#3318 = VECTOR ( 'NONE', #1782, 1000.000000000000000 ) ;
#3319 = DIRECTION ( 'NONE',  ( 0.0000000000000000000, 0.0000000000000000000, 1.000000000000000000 ) ) ;
#3320 = CARTESIAN_POINT ( 'NONE',  ( 1.249999999999999800, -0.02500000000000000100, 3.010000000000000200 ) ) ;
#3321 = EDGE_CURVE ( 'NONE', #1960, #3843, #4190, .T. ) ;
#3322 = CARTESIAN_POINT ( 'NONE',  ( -2.010000000000000200, 0.2000000000000000100, -0.2000000000000005400 ) ) ;
#3323 = ORIENTED_EDGE ( 'NONE', *, *, #3971, .T. ) ;
#3324 = LINE ( 'NONE', #2888, #2356 ) ;
#3325 = LINE ( 'NONE', #2877, #1842 ) ;
#3326 = CARTESIAN_POINT ( 'NONE',  ( -1.500000000000000000, 1.600000000000000100, -2.700000000000000200 ) ) ;
#3327 = CARTESIAN_POINT ( 'NONE',  ( 1.250000000000000000, -0.02500000000000000100, -3.010000000000000200 ) ) ;
#3328 = ORIENTED_EDGE ( 'NONE', *, *, #3803, .T. ) ;
#3329 = LINE ( 'NONE', #2839, #2463 ) ;
#3330 = DIRECTION ( 'NONE',  ( -0.0000000000000000000, 1.000000000000000000, -0.0000000000000000000 ) ) ;
#3331 = CARTESIAN_POINT ( 'NONE',  ( 1.249999999999999800, -0.02500000000000000100, 3.010000000000000200 ) ) ;
#3332 = PLANE ( 'NONE',  #4201 ) ;
#3333 = EDGE_CURVE ( 'NONE', #2189, #1859, #1849, .T. ) ;
#3334 = VERTEX_POINT ( 'NONE', #3369 ) ;
#3335 = AXIS2_PLACEMENT_3D ( 'NONE', #747, #1815, #2161 ) ;
#3336 = DIRECTION ( 'NONE',  ( -1.000000000000000000, 0.0000000000000000000, 1.283079494065686400E-016 ) ) ;
#3337 =( NAMED_UNIT ( * ) PLANE_ANGLE_UNIT ( ) SI_UNIT ( $, .RADIAN. ) );
#3338 = DIRECTION ( 'NONE',  ( 0.0000000000000000000, 0.0000000000000000000, 1.000000000000000000 ) ) ;
#3339 = ADVANCED_FACE ( 'NONE', ( #4657 ), #1415, .F. ) ;
#3340 = ORIENTED_EDGE ( 'NONE', *, *, #3321, .T. ) ;
#3341 = VECTOR ( 'NONE', #3124, 1000.000000000000000 ) ;
#3342 = EDGE_LOOP ( 'NONE', ( #3363, #2309, #2560, #2200, #1340, #944 ) ) ;
#3343 = LINE ( 'NONE', #1046, #289 ) ;
#3344 = EDGE_CURVE ( 'NONE', #3512, #4425, #4293, .T. ) ;
#3345 = AXIS2_PLACEMENT_3D ( 'NONE', #3561, #1850, #2716 ) ;
#3346 = ORIENTED_EDGE ( 'NONE', *, *, #2086, .F. ) ;
#3347 = ADVANCED_FACE ( 'NONE', ( #4 ), #1469, .F. ) ;
#3348 = FACE_OUTER_BOUND ( 'NONE', #3970, .T. ) ;
#3349 = CARTESIAN_POINT ( 'NONE',  ( 0.3299999999999995700, 0.2000000000000000100, -1.250000000000000200 ) ) ;
#3350 = DIRECTION ( 'NONE',  ( 0.0000000000000000000, 0.0000000000000000000, 1.000000000000000000 ) ) ;
#3351 = DIRECTION ( 'NONE',  ( 1.971276677246390800E-015, 0.0000000000000000000, -1.000000000000000000 ) ) ;
#3352 = EDGE_CURVE ( 'NONE', #1541, #852, #3221, .T. ) ;
#3353 = DIRECTION ( 'NONE',  ( 0.0000000000000000000, 0.0000000000000000000, 1.000000000000000000 ) ) ;
#3354 = ORIENTED_EDGE ( 'NONE', *, *, #1610, .F. ) ;
#3355 = COLOUR_RGB ( '',0.7921568627450980000, 0.8196078431372548800, 0.9333333333333333500 ) ;
#3356 = VERTEX_POINT ( 'NONE', #3675 ) ;
#3357 = LINE ( 'NONE', #723, #2603 ) ;
#3358 = DIRECTION ( 'NONE',  ( 0.0000000000000000000, 0.0000000000000000000, 1.000000000000000000 ) ) ;
#3359 = EDGE_LOOP ( 'NONE', ( #1813, #2869, #4506, #1215 ) ) ;
#3360 = CARTESIAN_POINT ( 'NONE',  ( -1.800000000000000000, -0.02500000000000000100, -2.800000000000000300 ) ) ;
#3361 = PLANE ( 'NONE',  #1900 ) ;
#3362 = ORIENTED_EDGE ( 'NONE', *, *, #2977, .T. ) ;
#3363 = ORIENTED_EDGE ( 'NONE', *, *, #1094, .T. ) ;
#3364 = ADVANCED_FACE ( 'NONE', ( #1791 ), #3313, .F. ) ;
#3365 = DIRECTION ( 'NONE',  ( 0.0000000000000000000, -1.000000000000000000, 0.0000000000000000000 ) ) ;
#3366 = DIRECTION ( 'NONE',  ( -0.0000000000000000000, -0.0000000000000000000, 1.000000000000000000 ) ) ;
#3367 = DIRECTION ( 'NONE',  ( -0.0000000000000000000, 1.000000000000000000, -0.0000000000000000000 ) ) ;
#3368 = ORIENTED_EDGE ( 'NONE', *, *, #2477, .T. ) ;
#3369 = CARTESIAN_POINT ( 'NONE',  ( -1.000000000000000200, -0.02500000000000000100, -1.620000000000001200 ) ) ;
#3370 = ADVANCED_FACE ( 'NONE', ( #2811 ), #2522, .T. ) ;
#3371 = SURFACE_SIDE_STYLE ('',( #3147 ) ) ;
#3372 = CARTESIAN_POINT ( 'NONE',  ( -1.070000000000000700, -0.02500000000000000100, -1.550000000000000500 ) ) ;
#3373 = EDGE_CURVE ( 'NONE', #3072, #1276, #4064, .T. ) ;
#3374 = CARTESIAN_POINT ( 'NONE',  ( -2.010000000000000200, 0.2000000000000000100, 0.9500000000000000700 ) ) ;
#3375 = DIRECTION ( 'NONE',  ( 0.0000000000000000000, 0.0000000000000000000, 1.000000000000000000 ) ) ;
#3376 = CYLINDRICAL_SURFACE ( 'NONE', #3335, 0.06999999999999999300 ) ;
#3377 = CARTESIAN_POINT ( 'NONE',  ( -0.1499999999999997400, -0.02500000000000000100, -3.010000000000000700 ) ) ;
#3378 = EDGE_CURVE ( 'NONE', #2278, #2023, #2238, .T. ) ;
#3379 = CYLINDRICAL_SURFACE ( 'NONE', #1996, 0.06999999999999975700 ) ;
#3380 = CARTESIAN_POINT ( 'NONE',  ( 2.010000000000000200, -0.02500000000000000100, -0.2000000000000005400 ) ) ;
#3381 = CARTESIAN_POINT ( 'NONE',  ( -2.000000000000000000, 0.0000000000000000000, -3.000000000000000000 ) ) ;
#3382 = LINE ( 'NONE', #3482, #2405 ) ;
#3383 = VECTOR ( 'NONE', #686, 1000.000000000000000 ) ;
#3384 = DIRECTION ( 'NONE',  ( 0.0000000000000000000, 1.000000000000000000, 0.0000000000000000000 ) ) ;
#3385 = CARTESIAN_POINT ( 'NONE',  ( 1.000000000000000000, -0.02500000000000000100, -2.130000000000000300 ) ) ;
#3386 = DIRECTION ( 'NONE',  ( 0.0000000000000000000, 0.0000000000000000000, 1.000000000000000000 ) ) ;
#3387 = VECTOR ( 'NONE', #2169, 1000.000000000000000 ) ;
#3388 = ADVANCED_FACE ( 'NONE', ( #3106 ), #3029, .F. ) ;
#3389 = SURFACE_STYLE_FILL_AREA ( #1588 ) ;
#3390 = VECTOR ( 'NONE', #2078, 1000.000000000000000 ) ;
#3391 = DIRECTION ( 'NONE',  ( 1.000000000000000000, 0.0000000000000000000, -3.872150616019661800E-016 ) ) ;
#3392 = ORIENTED_EDGE ( 'NONE', *, *, #2686, .F. ) ;
#3393 = CARTESIAN_POINT ( 'NONE',  ( -1.070000000000000700, 0.2000000000000000100, -0.2000000000000004300 ) ) ;
#3394 = ORIENTED_EDGE ( 'NONE', *, *, #3830, .T. ) ;
#3395 = UNCERTAINTY_MEASURE_WITH_UNIT (LENGTH_MEASURE( 1.000000000000000100E-005 ), #244, 'distance_accuracy_value', 'NONE');
#3396 = ADVANCED_FACE ( 'NONE', ( #2698 ), #2582, .F. ) ;
#3397 = DIRECTION ( 'NONE',  ( 0.0000000000000000000, 0.0000000000000000000, 1.000000000000000000 ) ) ;
#3398 = CIRCLE ( 'NONE', #3224, 0.2000000000000000900 ) ;
#3399 = VERTEX_POINT ( 'NONE', #4049 ) ;
#3400 = LINE ( 'NONE', #2081, #2473 ) ;
#3401 = DIRECTION ( 'NONE',  ( 0.0000000000000000000, -0.0000000000000000000, 1.000000000000000000 ) ) ;
#3402 = CARTESIAN_POINT ( 'NONE',  ( 1.000000000000000000, 0.2000000000000000100, 3.010000000000000200 ) ) ;
#3403 = VERTEX_POINT ( 'NONE', #3349 ) ;
#3404 = EDGE_CURVE ( 'NONE', #2424, #887, #2106, .T. ) ;
#3405 = VERTEX_POINT ( 'NONE', #4065 ) ;
#3406 = ORIENTED_EDGE ( 'NONE', *, *, #612, .F. ) ;
#3407 = ORIENTED_EDGE ( 'NONE', *, *, #421, .T. ) ;
#3408 = DIRECTION ( 'NONE',  ( 0.0000000000000000000, 0.0000000000000000000, -1.000000000000000000 ) ) ;
#3409 = FILL_AREA_STYLE_COLOUR ( '', #2921 ) ;
#3410 = VERTEX_POINT ( 'NONE', #1881 ) ;
#3411 = LINE ( 'NONE', #2699, #3464 ) ;
#3412 = EDGE_CURVE ( 'NONE', #4666, #4215, #3890, .T. ) ;
#3413 = AXIS2_PLACEMENT_3D ( 'NONE', #51, #4113, #2614 ) ;
#3414 = CARTESIAN_POINT ( 'NONE',  ( -0.3300000000000001800, 0.2000000000000000100, -1.320000000000000500 ) ) ;
#3415 = CARTESIAN_POINT ( 'NONE',  ( 0.1499999999999997400, 0.2000000000000000100, -3.010000000000000700 ) ) ;
#3416 = ORIENTED_EDGE ( 'NONE', *, *, #1131, .F. ) ;
#3417 = VECTOR ( 'NONE', #1667, 1000.000000000000000 ) ;
#3418 = ADVANCED_FACE ( 'NONE', ( #135 ), #4497, .F. ) ;
#3419 = DIRECTION ( 'NONE',  ( 1.000000000000000000, 0.0000000000000000000, -1.153406566473941500E-016 ) ) ;
#3420 = AXIS2_PLACEMENT_3D ( 'NONE', #1065, #1047, #1026 ) ;
#3421 = ORIENTED_EDGE ( 'NONE', *, *, #2506, .T. ) ;
#3422 = EDGE_LOOP ( 'NONE', ( #79, #418, #1867, #345 ) ) ;
#3423 =( LENGTH_UNIT ( ) NAMED_UNIT ( * ) SI_UNIT ( .MILLI., .METRE. ) );
#3424 = ADVANCED_FACE ( 'NONE', ( #1150 ), #228, .F. ) ;
#3425 = CARTESIAN_POINT ( 'NONE',  ( 1.800000000000000000, -0.02500000000000000100, -2.800000000000000300 ) ) ;
#3426 = CARTESIAN_POINT ( 'NONE',  ( -2.000000000000000000, 1.600000000000000100, 3.000000000000000000 ) ) ;
#3427 = ORIENTED_EDGE ( 'NONE', *, *, #2842, .F. ) ;
#3428 = DIRECTION ( 'NONE',  ( 0.0000000000000000000, 0.0000000000000000000, -1.000000000000000000 ) ) ;
#3429 = ORIENTED_EDGE ( 'NONE', *, *, #2034, .T. ) ;
#3430 = DIRECTION ( 'NONE',  ( 1.000000000000000000, 0.0000000000000000000, 0.0000000000000000000 ) ) ;
#3431 = VERTEX_POINT ( 'NONE', #1395 ) ;
#3432 = CARTESIAN_POINT ( 'NONE',  ( -1.070000000000000300, 0.2000000000000000100, -0.7800000000000004700 ) ) ;
#3433 = EDGE_CURVE ( 'NONE', #3529, #3405, #2870, .T. ) ;
#3434 = FACE_OUTER_BOUND ( 'NONE', #1570, .T. ) ;
#3435 = DIRECTION ( 'NONE',  ( -1.000000000000000000, 0.0000000000000000000, -0.0000000000000000000 ) ) ;
#3436 = LINE ( 'NONE', #3650, #4578 ) ;
#3437 = EDGE_CURVE ( 'NONE', #192, #3512, #3840, .T. ) ;
#3438 = MECHANICAL_DESIGN_GEOMETRIC_PRESENTATION_REPRESENTATION (  '', ( #4399 ), #2943 ) ;
#3439 = CARTESIAN_POINT ( 'NONE',  ( 1.070000000000000700, -0.02500000000000000100, -0.2000000000000004300 ) ) ;
#3440 = ORIENTED_EDGE ( 'NONE', *, *, #1990, .F. ) ;
#3441 = VECTOR ( 'NONE', #912, 1000.000000000000000 ) ;
#3442 = EDGE_CURVE ( 'NONE', #1112, #4170, #992, .T. ) ;
#3443 = VECTOR ( 'NONE', #3338, 1000.000000000000000 ) ;
#3444 = LINE ( 'NONE', #2833, #3390 ) ;
#3445 = DIRECTION ( 'NONE',  ( -0.0000000000000000000, 1.000000000000000000, -0.0000000000000000000 ) ) ;
#3446 = ORIENTED_EDGE ( 'NONE', *, *, #1603, .F. ) ;
#3447 = FACE_OUTER_BOUND ( 'NONE', #2371, .T. ) ;
#3448 = STYLED_ITEM ( 'NONE', ( #3989 ), #492 ) ;
#3449 = CARTESIAN_POINT ( 'NONE',  ( -2.010000000000000200, -0.02500000000000000100, -0.6500000000000004700 ) ) ;
#3450 = VECTOR ( 'NONE', #4406, 1000.000000000000000 ) ;
#3451 = ORIENTED_EDGE ( 'NONE', *, *, #3872, .F. ) ;
#3452 = LINE ( 'NONE', #1551, #2369 ) ;
#3453 = CARTESIAN_POINT ( 'NONE',  ( 0.4000000000000003000, 0.2000000000000000100, -1.320000000000001000 ) ) ;
#3454 = CARTESIAN_POINT ( 'NONE',  ( 2.010000000000000200, 0.2000000000000000100, -0.4000000000000005800 ) ) ;
#3455 = VERTEX_POINT ( 'NONE', #285 ) ;
#3456 = COLOUR_RGB ( '',0.7921568627450980000, 0.8196078431372548800, 0.9333333333333333500 ) ;
#3457 = ORIENTED_EDGE ( 'NONE', *, *, #2499, .F. ) ;
#3458 = LINE ( 'NONE', #1393, #414 ) ;
#3459 = AXIS2_PLACEMENT_3D ( 'NONE', #1055, #3591, #2502 ) ;
#3460 = CARTESIAN_POINT ( 'NONE',  ( -2.010000000000000200, -0.02500000000000000100, -1.550000000000000500 ) ) ;
#3461 = ORIENTED_EDGE ( 'NONE', *, *, #3344, .T. ) ;
#3462 = DIRECTION ( 'NONE',  ( 1.000000000000000000, -0.0000000000000000000, 1.730109849710912800E-016 ) ) ;
#3463 = VERTEX_POINT ( 'NONE', #318 ) ;
#3464 = VECTOR ( 'NONE', #3462, 1000.000000000000000 ) ;
#3465 = EDGE_CURVE ( 'NONE', #2873, #4449, #3274, .T. ) ;
#3466 = AXIS2_PLACEMENT_3D ( 'NONE', #3066, #874, #3435 ) ;
#3467 = CARTESIAN_POINT ( 'NONE',  ( -1.000000000000000000, -0.02500000000000000100, -2.070000000000001600 ) ) ;
#3468 = VERTEX_POINT ( 'NONE', #1355 ) ;
#3469 = FACE_OUTER_BOUND ( 'NONE', #442, .T. ) ;
#3470 = DIRECTION ( 'NONE',  ( -1.000000000000000000, -0.0000000000000000000, -0.0000000000000000000 ) ) ;
#3471 = DIRECTION ( 'NONE',  ( 0.0000000000000000000, 1.000000000000000000, 0.0000000000000000000 ) ) ;
#3472 = EDGE_CURVE ( 'NONE', #3120, #929, #2362, .T. ) ;
#3473 = EDGE_LOOP ( 'NONE', ( #1716, #4737, #2532, #2647 ) ) ;
#3474 = VECTOR ( 'NONE', #900, 1000.000000000000000 ) ;
#3475 = EDGE_LOOP ( 'NONE', ( #4303, #4239, #1957, #1602 ) ) ;
#3476 = EDGE_LOOP ( 'NONE', ( #2939, #1101, #2176, #3028 ) ) ;
#3477 = ORIENTED_EDGE ( 'NONE', *, *, #187, .T. ) ;
#3478 = EDGE_LOOP ( 'NONE', ( #151, #3368, #358, #4677 ) ) ;
#3479 = AXIS2_PLACEMENT_3D ( 'NONE', #4286, #975, #4640 ) ;
#3480 = VERTEX_POINT ( 'NONE', #4320 ) ;
#3481 = DIRECTION ( 'NONE',  ( 1.734723475976805500E-015, 0.0000000000000000000, 1.000000000000000000 ) ) ;
#3482 = CARTESIAN_POINT ( 'NONE',  ( -2.010000000000000200, -0.02500000000000000100, -1.550000000000000500 ) ) ;
#3483 = ORIENTED_EDGE ( 'NONE', *, *, #2914, .T. ) ;
#3484 = ORIENTED_EDGE ( 'NONE', *, *, #3077, .T. ) ;
#3485 = VERTEX_POINT ( 'NONE', #1792 ) ;
#3486 = PLANE ( 'NONE',  #3707 ) ;
#3487 = PRESENTATION_LAYER_ASSIGNMENT (  '', '', ( #196 ) ) ;
#3488 = FILL_AREA_STYLE_COLOUR ( '', #140 ) ;
#3489 = CARTESIAN_POINT ( 'NONE',  ( 1.000000000000000000, 0.2000000000000000100, -2.130000000000000300 ) ) ;
#3490 = FILL_AREA_STYLE_COLOUR ( '', #1884 ) ;
#3491 = VECTOR ( 'NONE', #2540, 1000.000000000000000 ) ;
#3492 = CARTESIAN_POINT ( 'NONE',  ( -2.010000000000000200, -0.02500000000000000100, 2.250000000000000400 ) ) ;
#3493 = CARTESIAN_POINT ( 'NONE',  ( -2.010000000000000200, -0.02500000000000000100, -0.2000000000000005400 ) ) ;
#3494 = VECTOR ( 'NONE', #3052, 1000.000000000000000 ) ;
#3495 = DIRECTION ( 'NONE',  ( 0.0000000000000000000, 0.0000000000000000000, 1.000000000000000000 ) ) ;
#3496 = DIRECTION ( 'NONE',  ( -0.0000000000000000000, -0.0000000000000000000, 1.000000000000000000 ) ) ;
#3497 = EDGE_CURVE ( 'NONE', #2895, #4403, #2578, .T. ) ;
#3498 = VECTOR ( 'NONE', #324, 1000.000000000000000 ) ;
#3499 = AXIS2_PLACEMENT_3D ( 'NONE', #1613, #1597, #4174 ) ;
#3500 = LINE ( 'NONE', #4333, #1940 ) ;
#3501 = CARTESIAN_POINT ( 'NONE',  ( -2.010000000000000200, 0.2000000000000000100, -0.2000000000000005400 ) ) ;
#3502 = VECTOR ( 'NONE', #2452, 1000.000000000000000 ) ;
#3503 = VECTOR ( 'NONE', #4447, 1000.000000000000000 ) ;
#3504 = LINE ( 'NONE', #3222, #1566 ) ;
#3505 = CARTESIAN_POINT ( 'NONE',  ( -1.250000000000000200, 0.2000000000000000100, -2.800000000000000300 ) ) ;
#3506 = EDGE_CURVE ( 'NONE', #3947, #2159, #2694, .T. ) ;
#3507 = VERTEX_POINT ( 'NONE', #4704 ) ;
#3508 = VECTOR ( 'NONE', #2539, 1000.000000000000000 ) ;
#3509 = DIRECTION ( 'NONE',  ( -0.0000000000000000000, 1.000000000000000000, -0.0000000000000000000 ) ) ;
#3510 = DIRECTION ( 'NONE',  ( -1.000000000000000000, 0.0000000000000000000, -1.153406566473941500E-016 ) ) ;
#3511 = VECTOR ( 'NONE', #4528, 1000.000000000000000 ) ;
#3512 = VERTEX_POINT ( 'NONE', #643 ) ;
#3513 = FACE_OUTER_BOUND ( 'NONE', #2376, .T. ) ;
#3514 = CARTESIAN_POINT ( 'NONE',  ( -1.800000000000000000, -0.02500000000000000100, -2.800000000000000300 ) ) ;
#3515 = ORIENTED_EDGE ( 'NONE', *, *, #53, .F. ) ;
#3516 = EDGE_LOOP ( 'NONE', ( #2031, #1700, #4298, #316 ) ) ;
#3517 = VECTOR ( 'NONE', #3080, 1000.000000000000000 ) ;
#3518 = PRESENTATION_LAYER_ASSIGNMENT (  '', '', ( #4302 ) ) ;
#3519 = ORIENTED_EDGE ( 'NONE', *, *, #1688, .F. ) ;
#3520 = LINE ( 'NONE', #3585, #1857 ) ;
#3521 = DIRECTION ( 'NONE',  ( 0.0000000000000000000, 0.0000000000000000000, 1.000000000000000000 ) ) ;
#3522 = VERTEX_POINT ( 'NONE', #4658 ) ;
#3523 = FACE_OUTER_BOUND ( 'NONE', #3278, .T. ) ;
#3524 = EDGE_CURVE ( 'NONE', #4710, #3583, #2303, .T. ) ;
#3525 = AXIS2_PLACEMENT_3D ( 'NONE', #1778, #4708, #2893 ) ;
#3526 = VERTEX_POINT ( 'NONE', #3898 ) ;
#3527 = DIRECTION ( 'NONE',  ( 0.0000000000000000000, 1.000000000000000000, 0.0000000000000000000 ) ) ;
#3528 = CARTESIAN_POINT ( 'NONE',  ( -1.070000000000000300, 0.2000000000000000100, -0.7800000000000004700 ) ) ;
#3529 = VERTEX_POINT ( 'NONE', #1729 ) ;
#3530 = CARTESIAN_POINT ( 'NONE',  ( 2.010000000000000200, 0.2000000000000000100, 0.3999999999999999700 ) ) ;
#3531 = EDGE_CURVE ( 'NONE', #4075, #3599, #1146, .T. ) ;
#3532 = AXIS2_PLACEMENT_3D ( 'NONE', #1542, #2992, #3757 ) ;
#3533 = DIRECTION ( 'NONE',  ( 0.0000000000000000000, 0.0000000000000000000, 1.000000000000000000 ) ) ;
#3534 = ORIENTED_EDGE ( 'NONE', *, *, #1890, .F. ) ;
#3535 = CARTESIAN_POINT ( 'NONE',  ( 1.000000000000000000, -0.02500000000000000100, 3.010000000000000200 ) ) ;
#3536 = ORIENTED_EDGE ( 'NONE', *, *, #4466, .T. ) ;
#3537 = UNCERTAINTY_MEASURE_WITH_UNIT (LENGTH_MEASURE( 1.000000000000000100E-005 ), #3653, 'distance_accuracy_value', 'NONE');
#3538 = AXIS2_PLACEMENT_3D ( 'NONE', #4479, #1586, #1600 ) ;
#3539 = VERTEX_POINT ( 'NONE', #624 ) ;
#3540 = ORIENTED_EDGE ( 'NONE', *, *, #3994, .F. ) ;
#3541 = LINE ( 'NONE', #4175, #4686 ) ;
#3542 = ORIENTED_EDGE ( 'NONE', *, *, #935, .T. ) ;
#3543 = DIRECTION ( 'NONE',  ( 0.0000000000000000000, 0.0000000000000000000, 1.000000000000000000 ) ) ;
#3544 = FILL_AREA_STYLE ('',( #2787 ) ) ;
#3545 = AXIS2_PLACEMENT_3D ( 'NONE', #1472, #3282, #4018 ) ;
#3546 = ORIENTED_EDGE ( 'NONE', *, *, #4572, .T. ) ;
#3547 = FACE_OUTER_BOUND ( 'NONE', #4355, .T. ) ;
#3548 = VECTOR ( 'NONE', #518, 1000.000000000000000 ) ;
#3549 = EDGE_CURVE ( 'NONE', #2828, #4248, #1031, .T. ) ;
#3550 = AXIS2_PLACEMENT_3D ( 'NONE', #2353, #110, #145 ) ;
#3551 = DIRECTION ( 'NONE',  ( -0.0000000000000000000, 1.000000000000000000, -0.0000000000000000000 ) ) ;
#3552 = VECTOR ( 'NONE', #2256, 1000.000000000000000 ) ;
#3553 = DIRECTION ( 'NONE',  ( -0.0000000000000000000, 1.000000000000000000, 0.0000000000000000000 ) ) ;
#3554 =( LENGTH_UNIT ( ) NAMED_UNIT ( * ) SI_UNIT ( .MILLI., .METRE. ) );
#3555 = EDGE_CURVE ( 'NONE', #4091, #58, #3329, .T. ) ;
#3556 = MECHANICAL_DESIGN_GEOMETRIC_PRESENTATION_REPRESENTATION (  '', ( #2065 ), #1286 ) ;
#3557 = EDGE_LOOP ( 'NONE', ( #3172, #203, #890, #4373 ) ) ;
#3558 = VECTOR ( 'NONE', #1446, 1000.000000000000000 ) ;
#3559 = VERTEX_POINT ( 'NONE', #388 ) ;
#3560 =( NAMED_UNIT ( * ) PLANE_ANGLE_UNIT ( ) SI_UNIT ( $, .RADIAN. ) );
#3561 = CARTESIAN_POINT ( 'NONE',  ( 2.000000000000000000, 1.600000000000000100, 3.000000000000000000 ) ) ;
#3562 = DIRECTION ( 'NONE',  ( -1.153406566473941500E-016, 0.0000000000000000000, -1.000000000000000000 ) ) ;
#3563 = CARTESIAN_POINT ( 'NONE',  ( -1.070000000000000300, 0.2000000000000000100, -1.620000000000000600 ) ) ;
#3564 = CARTESIAN_POINT ( 'NONE',  ( 1.000000000000000000, 0.2000000000000000100, 2.799999999999999400 ) ) ;
#3565 = VECTOR ( 'NONE', #243, 1000.000000000000000 ) ;
#3566 = ORIENTED_EDGE ( 'NONE', *, *, #438, .T. ) ;
#3567 = EDGE_CURVE ( 'NONE', #3559, #4437, #2232, .T. ) ;
#3568 = VERTEX_POINT ( 'NONE', #917 ) ;
#3569 = LINE ( 'NONE', #2154, #1903 ) ;
#3570 = PLANE ( 'NONE',  #3153 ) ;
#3571 = ORIENTED_EDGE ( 'NONE', *, *, #2330, .F. ) ;
#3572 = VECTOR ( 'NONE', #2286, 1000.000000000000000 ) ;
#3573 = ORIENTED_EDGE ( 'NONE', *, *, #3738, .F. ) ;
#3574 = LINE ( 'NONE', #3810, #419 ) ;
#3575 = DIRECTION ( 'NONE',  ( 0.0000000000000000000, 0.0000000000000000000, 1.000000000000000000 ) ) ;
#3576 = CARTESIAN_POINT ( 'NONE',  ( -1.800000000000000000, 0.2000000000000000100, -2.649999999999999900 ) ) ;
#3577 = PLANE ( 'NONE',  #1099 ) ;
#3578 = ORIENTED_EDGE ( 'NONE', *, *, #4250, .T. ) ;
#3579 = DIRECTION ( 'NONE',  ( 0.0000000000000000000, 0.0000000000000000000, -1.000000000000000000 ) ) ;
#3580 = VECTOR ( 'NONE', #99, 1000.000000000000000 ) ;
#3581 = MECHANICAL_DESIGN_GEOMETRIC_PRESENTATION_REPRESENTATION (  '', ( #4302 ), #1028 ) ;
#3582 = ORIENTED_EDGE ( 'NONE', *, *, #3884, .F. ) ;
#3583 = VERTEX_POINT ( 'NONE', #4367 ) ;
#3584 = FACE_OUTER_BOUND ( 'NONE', #2133, .T. ) ;
#3585 = CARTESIAN_POINT ( 'NONE',  ( 1.800000000000000500, -0.02500000000000000100, 2.799999999999999400 ) ) ;
#3586 = ADVANCED_FACE ( 'NONE', ( #2807 ), #538, .T. ) ;
#3587 = EDGE_CURVE ( 'NONE', #1067, #1624, #4059, .T. ) ;
#3588 = ORIENTED_EDGE ( 'NONE', *, *, #1634, .F. ) ;
#3589 = AXIS2_PLACEMENT_3D ( 'NONE', #836, #4124, #3772 ) ;
#3590 = ORIENTED_EDGE ( 'NONE', *, *, #3044, .F. ) ;
#3591 = DIRECTION ( 'NONE',  ( 0.0000000000000000000, 0.0000000000000000000, 1.000000000000000000 ) ) ;
#3592 =( NAMED_UNIT ( * ) SI_UNIT ( $, .STERADIAN. ) SOLID_ANGLE_UNIT ( ) );
#3593 = CARTESIAN_POINT ( 'NONE',  ( -1.070000000000000700, -0.02500000000000000100, -1.300000000000000300 ) ) ;
#3594 = EDGE_LOOP ( 'NONE', ( #406, #2899, #4023, #1853 ) ) ;
#3595 = CARTESIAN_POINT ( 'NONE',  ( 1.250000000000000200, 0.2000000000000000100, -2.800000000000000300 ) ) ;
#3596 = EDGE_CURVE ( 'NONE', #2775, #3559, #4402, .T. ) ;
#3597 = ORIENTED_EDGE ( 'NONE', *, *, #2914, .F. ) ;
#3598 = ORIENTED_EDGE ( 'NONE', *, *, #2400, .T. ) ;
#3599 = VERTEX_POINT ( 'NONE', #3090 ) ;
#3600 = CARTESIAN_POINT ( 'NONE',  ( -2.010000000000000200, -0.02500000000000000100, -0.4000000000000005800 ) ) ;
#3601 = AXIS2_PLACEMENT_3D ( 'NONE', #1846, #10, #718 ) ;
#3602 = FACE_OUTER_BOUND ( 'NONE', #2386, .T. ) ;
#3603 = DIRECTION ( 'NONE',  ( 0.0000000000000000000, 0.0000000000000000000, 1.000000000000000000 ) ) ;
#3604 = CARTESIAN_POINT ( 'NONE',  ( -0.1500000000000001600, -0.02500000000000000100, -1.320000000000001000 ) ) ;
#3605 = SURFACE_SIDE_STYLE ('',( #1623 ) ) ;
#3606 = VECTOR ( 'NONE', #3863, 1000.000000000000000 ) ;
#3607 = CARTESIAN_POINT ( 'NONE',  ( -1.070000000000000100, -0.02500000000000000100, -1.230000000000000400 ) ) ;
#3608 = CARTESIAN_POINT ( 'NONE',  ( 1.070000000000000300, 0.2000000000000000100, -0.3300000000000004000 ) ) ;
#3609 = ADVANCED_FACE ( 'NONE', ( #877 ), #4524, .F. ) ;
#3610 = CARTESIAN_POINT ( 'NONE',  ( -1.070000000000000300, -0.02500000000000000100, -1.680000000000000800 ) ) ;
#3611 = PRESENTATION_STYLE_ASSIGNMENT (( #4008 ) ) ;
#3612 = VECTOR ( 'NONE', #1400, 1000.000000000000000 ) ;
#3614 = CARTESIAN_POINT ( 'NONE',  ( -2.010000000000000200, -0.02500000000000000100, 2.050000000000000300 ) ) ;
#3613 = LINE ( 'NONE', #708, #3151 ) ;
#3615 = EDGE_CURVE ( 'NONE', #757, #428, #4537, .T. ) ;
#3616 = VECTOR ( 'NONE', #1170, 1000.000000000000000 ) ;
#3617 = LINE ( 'NONE', #971, #2411 ) ;
#3618 = CARTESIAN_POINT ( 'NONE',  ( -2.010000000000000200, 0.2000000000000000100, -2.649999999999999900 ) ) ;
#3619 = ORIENTED_EDGE ( 'NONE', *, *, #673, .T. ) ;
#3620 = PLANE ( 'NONE',  #1488 ) ;
#3621 = EDGE_CURVE ( 'NONE', #852, #4449, #524, .T. ) ;
#3622 = CARTESIAN_POINT ( 'NONE',  ( 1.249999999999999800, -0.02500000000000000100, 2.799999999999999400 ) ) ;
#3623 = MANIFOLD_SOLID_BREP ( 'Mirror5[4]', #6 ) ;
#3624 = ORIENTED_EDGE ( 'NONE', *, *, #3824, .F. ) ;
#3625 = VECTOR ( 'NONE', #671, 1000.000000000000000 ) ;
#3626 = CARTESIAN_POINT ( 'NONE',  ( -1.070000000000000700, -0.02500000000000000100, -1.300000000000000300 ) ) ;
#3627 = ADVANCED_FACE ( 'NONE', ( #1434 ), #1669, .F. ) ;
#3628 = ORIENTED_EDGE ( 'NONE', *, *, #3247, .T. ) ;
#3629 = CARTESIAN_POINT ( 'NONE',  ( -1.070000000000000500, -0.02500000000000000100, -2.000000000000000900 ) ) ;
#3630 = FACE_OUTER_BOUND ( 'NONE', #1114, .T. ) ;
#3631 = EDGE_LOOP ( 'NONE', ( #2668, #4443, #1686, #307, #1111, #3178 ) ) ;
#3632 = VERTEX_POINT ( 'NONE', #2757 ) ;
#3633 = VECTOR ( 'NONE', #1057, 1000.000000000000000 ) ;
#3634 = DIRECTION ( 'NONE',  ( 1.000000000000000000, -0.0000000000000000000, -0.0000000000000000000 ) ) ;
#3635 = AXIS2_PLACEMENT_3D ( 'NONE', #3081, #3829, #1174 ) ;
#3636 = DIRECTION ( 'NONE',  ( -1.000000000000000000, 0.0000000000000000000, 1.032573497605244000E-015 ) ) ;
#3637 = DIRECTION ( 'NONE',  ( -1.000000000000000000, -0.0000000000000000000, -0.0000000000000000000 ) ) ;
#3638 = EDGE_LOOP ( 'NONE', ( #1913, #1064, #932, #1650, #247, #2267, #3806, #711, #2881, #703, #532, #2583 ) ) ;
#3639 = LINE ( 'NONE', #1593, #1756 ) ;
#3640 = DIRECTION ( 'NONE',  ( -1.283079494065686400E-016, 0.0000000000000000000, -1.000000000000000000 ) ) ;
#3641 = VERTEX_POINT ( 'NONE', #2770 ) ;
#3642 = VERTEX_POINT ( 'NONE', #3867 ) ;
#3643 = CARTESIAN_POINT ( 'NONE',  ( -1.800000000000000500, 0.2000000000000000100, 2.250000000000000400 ) ) ;
#3644 = EDGE_CURVE ( 'NONE', #2178, #2189, #3161, .T. ) ;
#3645 =( GEOMETRIC_REPRESENTATION_CONTEXT ( 3 ) GLOBAL_UNCERTAINTY_ASSIGNED_CONTEXT ( ( #4536 ) ) GLOBAL_UNIT_ASSIGNED_CONTEXT ( ( #3651, #4022, #2197 ) ) REPRESENTATION_CONTEXT ( 'NONE', 'WORKASPACE' ) );
#3646 = VERTEX_POINT ( 'NONE', #197 ) ;
#3647 = EDGE_CURVE ( 'NONE', #4248, #1005, #1096, .T. ) ;
#3648 = AXIS2_PLACEMENT_3D ( 'NONE', #1537, #827, #4453 ) ;
#3649 = ORIENTED_EDGE ( 'NONE', *, *, #3020, .T. ) ;
#3650 = CARTESIAN_POINT ( 'NONE',  ( -1.070000000000000700, -0.02500000000000000100, -0.8500000000000004200 ) ) ;
#3651 =( LENGTH_UNIT ( ) NAMED_UNIT ( * ) SI_UNIT ( .MILLI., .METRE. ) );
#3652 = LINE ( 'NONE', #447, #1476 ) ;
#3653 =( LENGTH_UNIT ( ) NAMED_UNIT ( * ) SI_UNIT ( .MILLI., .METRE. ) );
#3654 = EDGE_CURVE ( 'NONE', #471, #4617, #231, .T. ) ;
#3655 = CARTESIAN_POINT ( 'NONE',  ( -1.070000000000000700, 0.2000000000000000100, -2.200000000000001100 ) ) ;
#3656 = VECTOR ( 'NONE', #4278, 1000.000000000000000 ) ;
#3657 = LINE ( 'NONE', #4182, #2156 ) ;
#3658 = DIRECTION ( 'NONE',  ( 1.000000000000000000, 0.0000000000000000000, -0.0000000000000000000 ) ) ;
#3659 = LINE ( 'NONE', #785, #866 ) ;
#3660 = PLANE ( 'NONE',  #2210 ) ;
#3661 = CARTESIAN_POINT ( 'NONE',  ( -2.010000000000000200, 0.2000000000000000100, 2.050000000000000300 ) ) ;
#3662 = DIRECTION ( 'NONE',  ( -3.872150616019661300E-016, 0.0000000000000000000, 1.000000000000000000 ) ) ;
#3663 = LINE ( 'NONE', #4092, #4530 ) ;
#3664 = VECTOR ( 'NONE', #3132, 1000.000000000000000 ) ;
#3665 = ORIENTED_EDGE ( 'NONE', *, *, #606, .F. ) ;
#3666 = AXIS2_PLACEMENT_3D ( 'NONE', #3528, #2049, #3543 ) ;
#3667 = ORIENTED_EDGE ( 'NONE', *, *, #2064, .T. ) ;
#3668 = ADVANCED_FACE ( 'NONE', ( #746 ), #3577, .F. ) ;
#3669 = PRESENTATION_STYLE_ASSIGNMENT (( #4653 ) ) ;
#3670 = DIRECTION ( 'NONE',  ( -1.000000000000000000, 0.0000000000000000000, -0.0000000000000000000 ) ) ;
#3671 = EDGE_CURVE ( 'NONE', #82, #625, #1952, .T. ) ;
#3672 = PRESENTATION_STYLE_ASSIGNMENT (( #2013 ) ) ;
#3673 = ORIENTED_EDGE ( 'NONE', *, *, #920, .F. ) ;
#3674 = COLOUR_RGB ( '',0.2509803921568627400, 0.2509803921568627400, 0.2509803921568627400 ) ;
#3675 = CARTESIAN_POINT ( 'NONE',  ( -1.249999999999999800, 0.2000000000000000100, 3.010000000000000200 ) ) ;
#3676 = EDGE_LOOP ( 'NONE', ( #1743, #3215, #4409, #3114 ) ) ;
#3677 = CARTESIAN_POINT ( 'NONE',  ( 1.000000000000000200, -0.02500000000000000100, -0.2700000000000009100 ) ) ;
#3678 = ORIENTED_EDGE ( 'NONE', *, *, #3904, .F. ) ;
#3679 = SURFACE_STYLE_FILL_AREA ( #1158 ) ;
#3680 = DIRECTION ( 'NONE',  ( 0.0000000000000000000, 0.0000000000000000000, -1.000000000000000000 ) ) ;
#3681 = EDGE_CURVE ( 'NONE', #4058, #3798, #626, .T. ) ;
#3682 = DIRECTION ( 'NONE',  ( 0.0000000000000000000, 0.0000000000000000000, 1.000000000000000000 ) ) ;
#3683 = VERTEX_POINT ( 'NONE', #3252 ) ;
#3684 = CARTESIAN_POINT ( 'NONE',  ( -1.070000000000000100, -0.02500000000000000100, -2.130000000000000800 ) ) ;
#3685 = VERTEX_POINT ( 'NONE', #1061 ) ;
#3686 = AXIS2_PLACEMENT_3D ( 'NONE', #806, #1479, #4045 ) ;
#3687 = ORIENTED_EDGE ( 'NONE', *, *, #93, .T. ) ;
#3688 = VERTEX_POINT ( 'NONE', #2145 ) ;
#3689 = LINE ( 'NONE', #470, #952 ) ;
#3690 = EDGE_LOOP ( 'NONE', ( #147, #1971, #2485, #634 ) ) ;
#3691 = ORIENTED_EDGE ( 'NONE', *, *, #457, .T. ) ;
#3692 = VERTEX_POINT ( 'NONE', #3960 ) ;
#3693 = CARTESIAN_POINT ( 'NONE',  ( 1.070000000000000100, 0.2000000000000000100, -1.230000000000000400 ) ) ;
#3694 = DIRECTION ( 'NONE',  ( -1.000000000000000000, 0.0000000000000000000, 2.168404344971008100E-015 ) ) ;
#3695 = LINE ( 'NONE', #3768, #1915 ) ;
#3696 = ADVANCED_FACE ( 'NONE', ( #1845 ), #2529, .F. ) ;
#3697 = DIRECTION ( 'NONE',  ( 0.0000000000000000000, 0.0000000000000000000, -1.000000000000000000 ) ) ;
#3698 = DIRECTION ( 'NONE',  ( 0.0000000000000000000, 0.0000000000000000000, 1.000000000000000000 ) ) ;
#3699 = VERTEX_POINT ( 'NONE', #1802 ) ;
#3700 = DIRECTION ( 'NONE',  ( -0.0000000000000000000, 1.000000000000000000, -0.0000000000000000000 ) ) ;
#3701 = ADVANCED_FACE ( 'NONE', ( #3784 ), #1420, .F. ) ;
#3702 = EDGE_CURVE ( 'NONE', #2083, #1964, #4652, .T. ) ;
#3703 = EDGE_LOOP ( 'NONE', ( #1247, #1736, #4669, #2825 ) ) ;
#3704 = AXIS2_PLACEMENT_3D ( 'NONE', #2898, #4359, #348 ) ;
#3705 = VERTEX_POINT ( 'NONE', #18 ) ;
#3706 = EDGE_CURVE ( 'NONE', #745, #82, #4241, .T. ) ;
#3707 = AXIS2_PLACEMENT_3D ( 'NONE', #3866, #1699, #223 ) ;
#3708 = CARTESIAN_POINT ( 'NONE',  ( 2.010000000000000200, -0.02500000000000000100, 0.1999999999999998700 ) ) ;
#3709 = DIRECTION ( 'NONE',  ( 0.0000000000000000000, 0.0000000000000000000, 1.000000000000000000 ) ) ;
#3710 = ORIENTED_EDGE ( 'NONE', *, *, #2219, .T. ) ;
#3711 = CARTESIAN_POINT ( 'NONE',  ( 0.9999999999999997800, 0.2000000000000000100, -3.010000000000000200 ) ) ;
#3712 = VECTOR ( 'NONE', #3933, 1000.000000000000000 ) ;
#3713 = CARTESIAN_POINT ( 'NONE',  ( -1.800000000000000000, -0.02500000000000000100, -2.649999999999999900 ) ) ;
#3714 = EDGE_CURVE ( 'NONE', #3071, #3632, #1375, .T. ) ;
#3715 = DIRECTION ( 'NONE',  ( -1.000000000000000000, -0.0000000000000000000, -0.0000000000000000000 ) ) ;
#3717 = DIRECTION ( 'NONE',  ( -0.0000000000000000000, 1.000000000000000000, -0.0000000000000000000 ) ) ;
#3716 = LINE ( 'NONE', #4252, #2743 ) ;
#3718 = ADVANCED_FACE ( 'NONE', ( #280 ), #2300, .F. ) ;
#3719 = LINE ( 'NONE', #1224, #1674 ) ;
#3720 = LINE ( 'NONE', #2179, #273 ) ;
#3721 = CYLINDRICAL_SURFACE ( 'NONE', #1732, 0.2000000000000000900 ) ;
#3722 = ADVANCED_FACE ( 'NONE', ( #3447 ), #850, .F. ) ;
#3723 = AXIS2_PLACEMENT_3D ( 'NONE', #3086, #1979, #4539 ) ;
#3724 = DIRECTION ( 'NONE',  ( -0.0000000000000000000, 1.000000000000000000, -0.0000000000000000000 ) ) ;
#3725 = ORIENTED_EDGE ( 'NONE', *, *, #3214, .F. ) ;
#3726 = LINE ( 'NONE', #902, #1680 ) ;
#3727 = EDGE_LOOP ( 'NONE', ( #1891, #1125, #482, #3248, #1794, #1385, #2057, #1397, #822 ) ) ;
#3728 = LINE ( 'NONE', #3749, #2755 ) ;
#3729 = AXIS2_PLACEMENT_3D ( 'NONE', #4315, #3240, #807 ) ;
#3730 = DIRECTION ( 'NONE',  ( 0.0000000000000000000, 1.000000000000000000, 0.0000000000000000000 ) ) ;
#3731 = DIRECTION ( 'NONE',  ( -0.0000000000000000000, 1.000000000000000000, -0.0000000000000000000 ) ) ;
#3732 = CARTESIAN_POINT ( 'NONE',  ( 1.070000000000000300, -0.02500000000000000100, -0.2700000000000004600 ) ) ;
#3733 = DIRECTION ( 'NONE',  ( -0.0000000000000000000, 0.0000000000000000000, -1.000000000000000000 ) ) ;
#3734 = VECTOR ( 'NONE', #1714, 1000.000000000000000 ) ;
#3735 = ORIENTED_EDGE ( 'NONE', *, *, #1761, .F. ) ;
#3736 = FACE_OUTER_BOUND ( 'NONE', #1755, .T. ) ;
#3737 = ORIENTED_EDGE ( 'NONE', *, *, #2240, .T. ) ;
#3738 = EDGE_CURVE ( 'NONE', #472, #375, #1494, .T. ) ;
#3739 = AXIS2_PLACEMENT_3D ( 'NONE', #161, #4145, #4120 ) ;
#3740 = ORIENTED_EDGE ( 'NONE', *, *, #1955, .F. ) ;
#3741 = CIRCLE ( 'NONE', #3550, 0.06999999999999996500 ) ;
#3742 = DIRECTION ( 'NONE',  ( 0.0000000000000000000, 0.0000000000000000000, 1.000000000000000000 ) ) ;
#3743 = ADVANCED_FACE ( 'NONE', ( #3046 ), #4060, .F. ) ;
#3744 = EDGE_LOOP ( 'NONE', ( #1235, #603, #2246, #3407 ) ) ;
#3745 = EDGE_CURVE ( 'NONE', #4628, #3403, #4123, .T. ) ;
#3746 = ORIENTED_EDGE ( 'NONE', *, *, #3857, .F. ) ;
#3747 = CARTESIAN_POINT ( 'NONE',  ( -1.070000000000000700, 0.2000000000000000100, -1.300000000000000300 ) ) ;
#3748 = VECTOR ( 'NONE', #1569, 1000.000000000000000 ) ;
#3749 = CARTESIAN_POINT ( 'NONE',  ( 1.250000000000000000, -0.02500000000000000100, -3.010000000000000200 ) ) ;
#3750 = ADVANCED_FACE ( 'NONE', ( #809 ), #2662, .F. ) ;
#3751 = ORIENTED_EDGE ( 'NONE', *, *, #209, .F. ) ;
#3752 = LINE ( 'NONE', #3622, #305 ) ;
#3753 = DIRECTION ( 'NONE',  ( -0.0000000000000000000, 1.000000000000000000, 0.0000000000000000000 ) ) ;
#3754 = AXIS2_PLACEMENT_3D ( 'NONE', #4195, #1607, #3113 ) ;
#3755 = VERTEX_POINT ( 'NONE', #2283 ) ;
#3756 = DIRECTION ( 'NONE',  ( 0.0000000000000000000, 0.0000000000000000000, -1.000000000000000000 ) ) ;
#3757 = DIRECTION ( 'NONE',  ( 0.0000000000000000000, 0.0000000000000000000, 1.000000000000000000 ) ) ;
#3758 = ORIENTED_EDGE ( 'NONE', *, *, #1508, .T. ) ;
#3759 = ORIENTED_EDGE ( 'NONE', *, *, #160, .F. ) ;
#3760 = VERTEX_POINT ( 'NONE', #1970 ) ;
#3761 = DIRECTION ( 'NONE',  ( -0.0000000000000000000, 1.000000000000000000, 0.0000000000000000000 ) ) ;
#3762 = CARTESIAN_POINT ( 'NONE',  ( -1.800000000000000500, -0.02500000000000000100, 0.9500000000000000700 ) ) ;
#3763 = ORIENTED_EDGE ( 'NONE', *, *, #124, .T. ) ;
#3764 = EDGE_LOOP ( 'NONE', ( #1470, #253, #3199, #493 ) ) ;
#3765 = FILL_AREA_STYLE ('',( #805 ) ) ;
#3766 = CARTESIAN_POINT ( 'NONE',  ( 1.070000000000000700, -0.02500000000000000100, -0.8500000000000004200 ) ) ;
#3767 = EDGE_CURVE ( 'NONE', #2580, #1050, #3996, .T. ) ;
#3768 = CARTESIAN_POINT ( 'NONE',  ( -1.800000000000000500, -0.02500000000000000100, 2.799999999999999400 ) ) ;
#3769 = LINE ( 'NONE', #3941, #1189 ) ;
#3770 = CARTESIAN_POINT ( 'NONE',  ( -0.9999999999999997800, -0.02500000000000000100, -3.010000000000000200 ) ) ;
#3771 = EDGE_CURVE ( 'NONE', #2718, #146, #4764, .T. ) ;
#3772 = DIRECTION ( 'NONE',  ( 1.000000000000000000, 0.0000000000000000000, 0.0000000000000000000 ) ) ;
#3773 = CARTESIAN_POINT ( 'NONE',  ( -1.070000000000000100, -0.02500000000000000100, -2.130000000000000800 ) ) ;
#3774 = PLANE ( 'NONE',  #1984 ) ;
#3775 = LINE ( 'NONE', #401, #2094 ) ;
#3776 = FACE_OUTER_BOUND ( 'NONE', #3860, .T. ) ;
#3777 = LINE ( 'NONE', #1103, #1994 ) ;
#3778 = AXIS2_PLACEMENT_3D ( 'NONE', #1633, #1240, #898 ) ;
#3779 = PLANE ( 'NONE',  #3754 ) ;
#3780 = CARTESIAN_POINT ( 'NONE',  ( 2.000000000000000000, 1.600000000000000100, 3.000000000000000000 ) ) ;
#3781 = LINE ( 'NONE', #2931, #3552 ) ;
#3782 = FACE_OUTER_BOUND ( 'NONE', #3140, .T. ) ;
#3783 = ORIENTED_EDGE ( 'NONE', *, *, #4440, .T. ) ;
#3784 = FACE_OUTER_BOUND ( 'NONE', #4559, .T. ) ;
#3785 = AXIS2_PLACEMENT_3D ( 'NONE', #4387, #2910, #717 ) ;
#3786 = DIRECTION ( 'NONE',  ( 0.0000000000000000000, 1.000000000000000000, 0.0000000000000000000 ) ) ;
#3787 = CARTESIAN_POINT ( 'NONE',  ( -0.3999999999999999700, 0.2000000000000000100, -3.010000000000000200 ) ) ;
#3788 = FILL_AREA_STYLE ('',( #2347 ) ) ;
#3789 = ORIENTED_EDGE ( 'NONE', *, *, #1508, .F. ) ;
#3790 = VECTOR ( 'NONE', #1093, 1000.000000000000000 ) ;
#3791 = PLANE ( 'NONE',  #2816 ) ;
#3792 = EDGE_CURVE ( 'NONE', #2769, #3688, #1429, .T. ) ;
#3793 = AXIS2_PLACEMENT_3D ( 'NONE', #2621, #2559, #4073 ) ;
#3794 = VERTEX_POINT ( 'NONE', #1287 ) ;
#3795 = ORIENTED_EDGE ( 'NONE', *, *, #1011, .F. ) ;
#3796 = LINE ( 'NONE', #1997, #940 ) ;
#3797 = CARTESIAN_POINT ( 'NONE',  ( 1.800000000000000500, -0.02500000000000000100, 0.9500000000000000700 ) ) ;
#3798 = VERTEX_POINT ( 'NONE', #1243 ) ;
#3799 = DIRECTION ( 'NONE',  ( -1.000000000000000000, 0.0000000000000000000, 1.153406566473941500E-016 ) ) ;
#3800 = CARTESIAN_POINT ( 'NONE',  ( 0.3299999999999995700, -0.02500000000000000100, -1.250000000000000200 ) ) ;
#3801 = VERTEX_POINT ( 'NONE', #3453 ) ;
#3802 = FACE_OUTER_BOUND ( 'NONE', #3359, .T. ) ;
#3803 = EDGE_CURVE ( 'NONE', #192, #4075, #59, .T. ) ;
#3804 = PRESENTATION_LAYER_ASSIGNMENT (  '', '', ( #4762 ) ) ;
#3805 =( NAMED_UNIT ( * ) PLANE_ANGLE_UNIT ( ) SI_UNIT ( $, .RADIAN. ) );
#3806 = ORIENTED_EDGE ( 'NONE', *, *, #4542, .T. ) ;
#3807 = VECTOR ( 'NONE', #368, 1000.000000000000000 ) ;
#3808 = CARTESIAN_POINT ( 'NONE',  ( -2.010000000000000200, -0.02500000000000000100, 2.250000000000000400 ) ) ;
#3809 = EDGE_CURVE ( 'NONE', #411, #3755, #3726, .T. ) ;
#3810 = CARTESIAN_POINT ( 'NONE',  ( 1.070000000000000700, -0.02500000000000000100, -2.200000000000001100 ) ) ;
#3811 = VERTEX_POINT ( 'NONE', #2756 ) ;
#3812 = CARTESIAN_POINT ( 'NONE',  ( 0.2200000000000006100, 0.2000000000000000100, -1.250000000000000400 ) ) ;
#3813 = DIRECTION ( 'NONE',  ( 0.0000000000000000000, 0.0000000000000000000, -1.000000000000000000 ) ) ;
#3814 = DIRECTION ( 'NONE',  ( 0.0000000000000000000, 1.000000000000000000, 0.0000000000000000000 ) ) ;
#3815 = EDGE_LOOP ( 'NONE', ( #4660, #4153, #2702, #383 ) ) ;
#3816 = PLANE ( 'NONE',  #3905 ) ;
#3817 = ORIENTED_EDGE ( 'NONE', *, *, #117, .T. ) ;
#3818 = EDGE_CURVE ( 'NONE', #425, #2828, #4531, .T. ) ;
#3819 = CARTESIAN_POINT ( 'NONE',  ( -1.070000000000000300, -0.02500000000000000100, -0.3300000000000004000 ) ) ;
#3820 = DIRECTION ( 'NONE',  ( -0.0000000000000000000, 0.0000000000000000000, -1.000000000000000000 ) ) ;
#3821 = UNCERTAINTY_MEASURE_WITH_UNIT (LENGTH_MEASURE( 1.000000000000000100E-005 ), #4731, 'distance_accuracy_value', 'NONE');
#3823 = DIRECTION ( 'NONE',  ( -1.000000000000000000, 0.0000000000000000000, 0.0000000000000000000 ) ) ;
#3822 = CIRCLE ( 'NONE', #1060, 0.06999999999999999300 ) ;
#3824 = EDGE_CURVE ( 'NONE', #483, #3692, #4235, .T. ) ;
#3825 = CARTESIAN_POINT ( 'NONE',  ( -1.070000000000000700, -0.02500000000000000100, -0.4000000000000004100 ) ) ;
#3826 = CARTESIAN_POINT ( 'NONE',  ( -1.800000000000000500, -0.02500000000000000100, 0.9500000000000000700 ) ) ;
#3827 = FACE_OUTER_BOUND ( 'NONE', #1731, .T. ) ;
#3828 = DIRECTION ( 'NONE',  ( 0.0000000000000000000, 0.0000000000000000000, 1.000000000000000000 ) ) ;
#3829 = DIRECTION ( 'NONE',  ( 1.000000000000000000, 0.0000000000000000000, -0.0000000000000000000 ) ) ;
#3830 = EDGE_CURVE ( 'NONE', #3181, #1759, #521, .T. ) ;
#3831 = SURFACE_STYLE_FILL_AREA ( #208 ) ;
#3832 = LINE ( 'NONE', #2920, #397 ) ;
#3833 = LINE ( 'NONE', #753, #3383 ) ;
#3834 = CARTESIAN_POINT ( 'NONE',  ( -0.2200000000000006100, -0.02500000000000000100, -1.250000000000000400 ) ) ;
#3835 = CARTESIAN_POINT ( 'NONE',  ( -1.070000000000000500, 0.2000000000000000100, -2.000000000000000900 ) ) ;
#3836 = EDGE_LOOP ( 'NONE', ( #4490, #3416, #2322, #2251 ) ) ;
#3837 = CIRCLE ( 'NONE', #3079, 0.06999999999999996500 ) ;
#3838 = PLANE ( 'NONE',  #3258 ) ;
#3839 = ORIENTED_EDGE ( 'NONE', *, *, #792, .T. ) ;
#3840 = LINE ( 'NONE', #2040, #4711 ) ;
#3841 =( NAMED_UNIT ( * ) SI_UNIT ( $, .STERADIAN. ) SOLID_ANGLE_UNIT ( ) );
#3842 = DIRECTION ( 'NONE',  ( -1.000000000000000000, 0.0000000000000000000, -0.0000000000000000000 ) ) ;
#3843 = VERTEX_POINT ( 'NONE', #3576 ) ;
#3844 = MECHANICAL_DESIGN_GEOMETRIC_PRESENTATION_REPRESENTATION (  '', ( #2864 ), #2714 ) ;
#3845 = DIRECTION ( 'NONE',  ( 0.0000000000000000000, 0.0000000000000000000, 1.000000000000000000 ) ) ;
#3846 = DIRECTION ( 'NONE',  ( -1.000000000000000000, 0.0000000000000000000, -0.0000000000000000000 ) ) ;
#3847 = CARTESIAN_POINT ( 'NONE',  ( 2.010000000000000200, -0.02500000000000000100, 0.3999999999999999700 ) ) ;
#3848 = EDGE_LOOP ( 'NONE', ( #3536, #1184, #2205, #21 ) ) ;
#3849 = CIRCLE ( 'NONE', #1636, 0.07000000000000018700 ) ;
#3850 = VERTEX_POINT ( 'NONE', #4602 ) ;
#3851 = EDGE_CURVE ( 'NONE', #3949, #1565, #1945, .T. ) ;
#3852 = AXIS2_PLACEMENT_3D ( 'NONE', #1192, #1211, #4509 ) ;
#3853 = ORIENTED_EDGE ( 'NONE', *, *, #1754, .T. ) ;
#3854 = FACE_OUTER_BOUND ( 'NONE', #1396, .T. ) ;
#3855 = VERTEX_POINT ( 'NONE', #4766 ) ;
#3856 = FILL_AREA_STYLE ('',( #1316 ) ) ;
#3857 = EDGE_CURVE ( 'NONE', #4257, #1927, #2515, .T. ) ;
#3858 = ORIENTED_EDGE ( 'NONE', *, *, #667, .F. ) ;
#3859 = AXIS2_PLACEMENT_3D ( 'NONE', #1129, #2994, #410 ) ;
#3860 = EDGE_LOOP ( 'NONE', ( #4671, #959, #4678, #966 ) ) ;
#3861 = DIRECTION ( 'NONE',  ( 0.0000000000000000000, -1.000000000000000000, -0.0000000000000000000 ) ) ;
#3862 = ORIENTED_EDGE ( 'NONE', *, *, #421, .F. ) ;
#3863 = DIRECTION ( 'NONE',  ( 1.000000000000000000, -0.0000000000000000000, -0.0000000000000000000 ) ) ;
#3864 = CARTESIAN_POINT ( 'NONE',  ( 1.070000000000000700, -0.02500000000000000100, -0.4000000000000004100 ) ) ;
#3865 = ORIENTED_EDGE ( 'NONE', *, *, #4033, .T. ) ;
#3866 = CARTESIAN_POINT ( 'NONE',  ( 1.070000000000000700, -0.02500000000000000100, -1.100000000000000300 ) ) ;
#3867 = CARTESIAN_POINT ( 'NONE',  ( 1.070000000000000700, 0.2000000000000000100, -1.750000000000000700 ) ) ;
#3868 = DIRECTION ( 'NONE',  ( 0.0000000000000000000, 1.000000000000000000, 0.0000000000000000000 ) ) ;
#3869 = ORIENTED_EDGE ( 'NONE', *, *, #627, .T. ) ;
#3870 = VECTOR ( 'NONE', #4330, 1000.000000000000000 ) ;
#3871 = CARTESIAN_POINT ( 'NONE',  ( -1.000000000000000200, -0.02500000000000000100, -0.2700000000000009100 ) ) ;
#3872 = EDGE_CURVE ( 'NONE', #3309, #745, #3781, .T. ) ;
#3873 = DIRECTION ( 'NONE',  ( -0.0000000000000000000, -0.0000000000000000000, 1.000000000000000000 ) ) ;
#3874 = CARTESIAN_POINT ( 'NONE',  ( 0.0000000000000000000, -0.02500000000000000100, 0.0000000000000000000 ) ) ;
#3875 = EDGE_CURVE ( 'NONE', #1629, #648, #3837, .T. ) ;
#3876 = VECTOR ( 'NONE', #2404, 1000.000000000000000 ) ;
#3877 = VECTOR ( 'NONE', #661, 1000.000000000000000 ) ;
#3878 = AXIS2_PLACEMENT_3D ( 'NONE', #437, #63, #1133 ) ;
#3879 = LINE ( 'NONE', #4088, #274 ) ;
#3880 = DIRECTION ( 'NONE',  ( -0.0000000000000000000, 0.0000000000000000000, -1.000000000000000000 ) ) ;
#3881 = LINE ( 'NONE', #4452, #1679 ) ;
#3882 = VECTOR ( 'NONE', #43, 1000.000000000000000 ) ;
#3883 = FACE_OUTER_BOUND ( 'NONE', #2616, .T. ) ;
#3884 = EDGE_CURVE ( 'NONE', #833, #436, #1893, .T. ) ;
#3885 = ORIENTED_EDGE ( 'NONE', *, *, #264, .F. ) ;
#3886 = VECTOR ( 'NONE', #1367, 1000.000000000000000 ) ;
#3887 = EDGE_LOOP ( 'NONE', ( #1391, #1627, #4318, #4674 ) ) ;
#3888 = CARTESIAN_POINT ( 'NONE',  ( 1.800000000000000500, 0.2000000000000000100, 0.9500000000000000700 ) ) ;
#3889 = ORIENTED_EDGE ( 'NONE', *, *, #3152, .F. ) ;
#3890 = LINE ( 'NONE', #2993, #2934 ) ;
#3891 = CARTESIAN_POINT ( 'NONE',  ( -1.250000000000000200, -0.02500000000000000100, -2.800000000000000300 ) ) ;
#3892 = CARTESIAN_POINT ( 'NONE',  ( -1.000000000000000200, 0.2000000000000000100, -0.3299999999999999000 ) ) ;
#3893 = ORIENTED_EDGE ( 'NONE', *, *, #516, .T. ) ;
#3894 = ORIENTED_EDGE ( 'NONE', *, *, #606, .T. ) ;
#3895 = DIRECTION ( 'NONE',  ( 1.000000000000000000, 0.0000000000000000000, 0.0000000000000000000 ) ) ;
#3896 = EDGE_LOOP ( 'NONE', ( #1730, #443, #1404, #995 ) ) ;
#3897 = EDGE_LOOP ( 'NONE', ( #2389, #4381, #1637, #4006 ) ) ;
#3898 = CARTESIAN_POINT ( 'NONE',  ( 1.070000000000000700, -0.02500000000000000100, -1.550000000000000500 ) ) ;
#3899 = VECTOR ( 'NONE', #3509, 1000.000000000000000 ) ;
#3900 = DIRECTION ( 'NONE',  ( -1.000000000000000000, 0.0000000000000000000, -0.0000000000000000000 ) ) ;
#3901 = ORIENTED_EDGE ( 'NONE', *, *, #4224, .T. ) ;
#3902 = VERTEX_POINT ( 'NONE', #2214 ) ;
#3903 = VECTOR ( 'NONE', #4089, 1000.000000000000000 ) ;
#3904 = EDGE_CURVE ( 'NONE', #4541, #790, #1091, .T. ) ;
#3905 = AXIS2_PLACEMENT_3D ( 'NONE', #868, #4544, #3756 ) ;
#3906 = EDGE_LOOP ( 'NONE', ( #3406, #4474, #977, #2441 ) ) ;
#3907 = ORIENTED_EDGE ( 'NONE', *, *, #2037, .T. ) ;
#3908 = EDGE_CURVE ( 'NONE', #1998, #1819, #931, .T. ) ;
#3909 = DIRECTION ( 'NONE',  ( 1.000000000000000000, 0.0000000000000000000, -1.153406566473941500E-016 ) ) ;
#3910 = DIRECTION ( 'NONE',  ( 0.0000000000000000000, -1.000000000000000000, 0.0000000000000000000 ) ) ;
#3911 = VERTEX_POINT ( 'NONE', #1534 ) ;
#3912 = EDGE_LOOP ( 'NONE', ( #1753, #3746, #1654, #3735, #4401, #3302 ) ) ;
#3913 = DIRECTION ( 'NONE',  ( 0.0000000000000000000, 1.000000000000000000, 0.0000000000000000000 ) ) ;
#3914 = ORIENTED_EDGE ( 'NONE', *, *, #3621, .T. ) ;
#3915 = AXIS2_PLACEMENT_3D ( 'NONE', #3766, #1935, #3799 ) ;
#3916 = PLANE ( 'NONE',  #2151 ) ;
#3917 = VECTOR ( 'NONE', #89, 1000.000000000000000 ) ;
#3918 = ADVANCED_FACE ( 'NONE', ( #1726 ), #2298, .T. ) ;
#3919 =( LENGTH_UNIT ( ) NAMED_UNIT ( * ) SI_UNIT ( .MILLI., .METRE. ) );
#3920 = CARTESIAN_POINT ( 'NONE',  ( -1.000000000000000200, -0.02500000000000000100, -0.2700000000000009100 ) ) ;
#3921 = CARTESIAN_POINT ( 'NONE',  ( 0.3300000000000001800, -0.02500000000000000100, -1.320000000000000500 ) ) ;
#3922 = EDGE_LOOP ( 'NONE', ( #2231, #1521, #1043, #2768 ) ) ;
#3923 = DIRECTION ( 'NONE',  ( -0.0000000000000000000, 0.0000000000000000000, 1.000000000000000000 ) ) ;
#3924 = SURFACE_STYLE_FILL_AREA ( #2488 ) ;
#3925 = PLANE ( 'NONE',  #1677 ) ;
#3926 = UNCERTAINTY_MEASURE_WITH_UNIT (LENGTH_MEASURE( 1.000000000000000100E-005 ), #3423, 'distance_accuracy_value', 'NONE');
#3927 = EDGE_CURVE ( 'NONE', #20, #3167, #1622, .T. ) ;
#3928 = AXIS2_PLACEMENT_3D ( 'NONE', #3819, #1644, #4191 ) ;
#3929 = CARTESIAN_POINT ( 'NONE',  ( -2.010000000000000200, 0.2000000000000000100, -1.550000000000000500 ) ) ;
#3930 = VECTOR ( 'NONE', #823, 1000.000000000000000 ) ;
#3931 = FACE_OUTER_BOUND ( 'NONE', #2639, .T. ) ;
#3932 = LINE ( 'NONE', #1546, #222 ) ;
#3933 = DIRECTION ( 'NONE',  ( -0.0000000000000000000, -0.0000000000000000000, -1.000000000000000000 ) ) ;
#3934 = EDGE_CURVE ( 'NONE', #3297, #4420, #742, .T. ) ;
#3935 = DIRECTION ( 'NONE',  ( 0.0000000000000000000, -0.0000000000000000000, 1.000000000000000000 ) ) ;
#3936 = AXIS2_PLACEMENT_3D ( 'NONE', #2764, #3861, #3820 ) ;
#3937 = FACE_OUTER_BOUND ( 'NONE', #3848, .T. ) ;
#3938 = VECTOR ( 'NONE', #4300, 1000.000000000000000 ) ;
#3939 = VERTEX_POINT ( 'NONE', #4040 ) ;
#3940 = DIRECTION ( 'NONE',  ( 0.0000000000000000000, 0.0000000000000000000, 1.000000000000000000 ) ) ;
#3941 = CARTESIAN_POINT ( 'NONE',  ( 1.000000000000000000, -0.02500000000000000100, -2.520000000000000500 ) ) ;
#3942 = CARTESIAN_POINT ( 'NONE',  ( -1.800000000000000500, 0.2000000000000000100, 0.3999999999999999100 ) ) ;
#3943 = ORIENTED_EDGE ( 'NONE', *, *, #2064, .F. ) ;
#3944 = ADVANCED_FACE ( 'NONE', ( #1841 ), #1863, .F. ) ;
#3945 = LINE ( 'NONE', #3377, #4187 ) ;
#3946 = DIRECTION ( 'NONE',  ( 1.000000000000000000, 0.0000000000000000000, -0.0000000000000000000 ) ) ;
#3947 = VERTEX_POINT ( 'NONE', #1495 ) ;
#3948 = VECTOR ( 'NONE', #1965, 1000.000000000000000 ) ;
#3949 = VERTEX_POINT ( 'NONE', #3762 ) ;
#3950 = LINE ( 'NONE', #2202, #752 ) ;
#3951 = ORIENTED_EDGE ( 'NONE', *, *, #3333, .T. ) ;
#3952 = DIRECTION ( 'NONE',  ( -0.0000000000000000000, 1.000000000000000000, -0.0000000000000000000 ) ) ;
#3953 = CARTESIAN_POINT ( 'NONE',  ( -1.070000000000000100, -0.02500000000000000100, -2.070000000000000700 ) ) ;
#3954 = ORIENTED_EDGE ( 'NONE', *, *, #1704, .T. ) ;
#3955 = LINE ( 'NONE', #126, #3517 ) ;
#3956 =( GEOMETRIC_REPRESENTATION_CONTEXT ( 3 ) GLOBAL_UNCERTAINTY_ASSIGNED_CONTEXT ( ( #422 ) ) GLOBAL_UNIT_ASSIGNED_CONTEXT ( ( #777, #3337, #1519 ) ) REPRESENTATION_CONTEXT ( 'NONE', 'WORKASPACE' ) );
#3957 = DIRECTION ( 'NONE',  ( -1.000000000000000000, -0.0000000000000000000, -0.0000000000000000000 ) ) ;
#3958 = CARTESIAN_POINT ( 'NONE',  ( -2.010000000000000200, -0.02500000000000000100, -2.649999999999999900 ) ) ;
#3959 = MANIFOLD_SOLID_BREP ( 'Boss-Extrude2[1]', #255 ) ;
#3960 = CARTESIAN_POINT ( 'NONE',  ( 1.800000000000000500, -0.02500000000000000100, 2.250000000000000400 ) ) ;
#3961 = ORIENTED_EDGE ( 'NONE', *, *, #2304, .T. ) ;
#3962 = CARTESIAN_POINT ( 'NONE',  ( -1.000000000000000200, -0.02500000000000000100, -0.3299999999999999000 ) ) ;
#3963 = CYLINDRICAL_SURFACE ( 'NONE', #4030, 0.06999999999999996500 ) ;
#3964 = DIRECTION ( 'NONE',  ( 1.000000000000000000, 0.0000000000000000000, 0.0000000000000000000 ) ) ;
#3965 = DIRECTION ( 'NONE',  ( -0.0000000000000000000, 0.0000000000000000000, -1.000000000000000000 ) ) ;
#3966 = EDGE_CURVE ( 'NONE', #2966, #1541, #2165, .T. ) ;
#3967 = CARTESIAN_POINT ( 'NONE',  ( 1.800000000000000000, -0.02500000000000000100, -2.800000000000000300 ) ) ;
#3968 = ORIENTED_EDGE ( 'NONE', *, *, #899, .T. ) ;
#3969 = LINE ( 'NONE', #1936, #1342 ) ;
#3970 = EDGE_LOOP ( 'NONE', ( #2244, #373, #4217, #1749, #1295, #2587 ) ) ;
#3971 = EDGE_CURVE ( 'NONE', #3641, #3911, #1320, .T. ) ;
#3972 = ORIENTED_EDGE ( 'NONE', *, *, #4450, .T. ) ;
#3973 = PLANE ( 'NONE',  #4103 ) ;
#3974 = ADVANCED_FACE ( 'NONE', ( #1786 ), #3791, .F. ) ;
#3975 =( NAMED_UNIT ( * ) SI_UNIT ( $, .STERADIAN. ) SOLID_ANGLE_UNIT ( ) );
#3976 = SURFACE_STYLE_USAGE ( .BOTH. , #4681 ) ;
#3977 = ORIENTED_EDGE ( 'NONE', *, *, #1547, .F. ) ;
#3978 = CARTESIAN_POINT ( 'NONE',  ( -1.070000000000000500, -0.02500000000000000100, -2.000000000000000900 ) ) ;
#3979 = EDGE_CURVE ( 'NONE', #3568, #3683, #683, .T. ) ;
#3980 = DIRECTION ( 'NONE',  ( 1.000000000000000000, -0.0000000000000000000, 0.0000000000000000000 ) ) ;
#3981 = DIRECTION ( 'NONE',  ( 0.0000000000000000000, 0.0000000000000000000, 1.000000000000000000 ) ) ;
#3982 = CARTESIAN_POINT ( 'NONE',  ( 2.010000000000000200, -0.02500000000000000100, 1.150000000000000100 ) ) ;
#3983 = ORIENTED_EDGE ( 'NONE', *, *, #3927, .T. ) ;
#3984 = AXIS2_PLACEMENT_3D ( 'NONE', #239, #3553, #3495 ) ;
#3985 = FACE_OUTER_BOUND ( 'NONE', #969, .T. ) ;
#3986 = DIRECTION ( 'NONE',  ( 0.0000000000000000000, -1.000000000000000000, 0.0000000000000000000 ) ) ;
#3987 = CARTESIAN_POINT ( 'NONE',  ( -2.010000000000000700, -0.02500000000000000100, -2.000000000000000400 ) ) ;
#3988 = DIRECTION ( 'NONE',  ( 0.0000000000000000000, 0.0000000000000000000, 1.000000000000000000 ) ) ;
#3989 = PRESENTATION_STYLE_ASSIGNMENT (( #591 ) ) ;
#3990 = LINE ( 'NONE', #2123, #3098 ) ;
#3992 = SURFACE_STYLE_USAGE ( .BOTH. , #4739 ) ;
#3991 = VECTOR ( 'NONE', #347, 1000.000000000000000 ) ;
#3993 = ADVANCED_FACE ( 'NONE', ( #2635 ), #2855, .F. ) ;
#3994 = EDGE_CURVE ( 'NONE', #4582, #1274, #4345, .T. ) ;
#3995 = FACE_OUTER_BOUND ( 'NONE', #2705, .T. ) ;
#3996 = LINE ( 'NONE', #916, #4471 ) ;
#3997 = VECTOR ( 'NONE', #1312, 1000.000000000000000 ) ;
#3998 = ADVANCED_FACE ( 'NONE', ( #342 ), #2917, .T. ) ;
#3999 = CARTESIAN_POINT ( 'NONE',  ( 1.800000000000000500, -0.02500000000000000100, 0.9500000000000000700 ) ) ;
#4000 = ORIENTED_EDGE ( 'NONE', *, *, #2468, .F. ) ;
#4001 = ORIENTED_EDGE ( 'NONE', *, *, #4440, .F. ) ;
#4002 = COLOUR_RGB ( '',0.7921568627450980000, 0.8196078431372548800, 0.9333333333333333500 ) ;
#4003 =( NAMED_UNIT ( * ) SI_UNIT ( $, .STERADIAN. ) SOLID_ANGLE_UNIT ( ) );
#4004 = EDGE_CURVE ( 'NONE', #1964, #241, #466, .T. ) ;
#4005 = CARTESIAN_POINT ( 'NONE',  ( 1.070000000000000500, -0.02500000000000000100, -2.000000000000000900 ) ) ;
#4006 = ORIENTED_EDGE ( 'NONE', *, *, #4635, .F. ) ;
#4007 = LINE ( 'NONE', #1303, #696 ) ;
#4008 = SURFACE_STYLE_USAGE ( .BOTH. , #4111 ) ;
#4009 = CARTESIAN_POINT ( 'NONE',  ( 1.249999999999999800, -0.02500000000000000100, 2.799999999999999400 ) ) ;
#4010 = ORIENTED_EDGE ( 'NONE', *, *, #1337, .F. ) ;
#4011 = EDGE_LOOP ( 'NONE', ( #1885, #106, #211, #893, #4377, #4127 ) ) ;
#4012 = LINE ( 'NONE', #2119, #191 ) ;
#4013 = VECTOR ( 'NONE', #3510, 1000.000000000000000 ) ;
#4014 = ORIENTED_EDGE ( 'NONE', *, *, #627, .F. ) ;
#4015 = ORIENTED_EDGE ( 'NONE', *, *, #394, .T. ) ;
#4016 = VECTOR ( 'NONE', #3873, 1000.000000000000000 ) ;
#4017 = ADVANCED_FACE ( 'NONE', ( #2291 ), #4499, .F. ) ;
#4018 = DIRECTION ( 'NONE',  ( 0.0000000000000000000, 0.0000000000000000000, 1.000000000000000000 ) ) ;
#4019 = AXIS2_PLACEMENT_3D ( 'NONE', #4375, #3330, #3350 ) ;
#4020 = ORIENTED_EDGE ( 'NONE', *, *, #4404, .T. ) ;
#4021 = CARTESIAN_POINT ( 'NONE',  ( 1.000000000000000200, -0.02500000000000000100, -1.620000000000001200 ) ) ;
#4022 =( NAMED_UNIT ( * ) PLANE_ANGLE_UNIT ( ) SI_UNIT ( $, .RADIAN. ) );
#4023 = ORIENTED_EDGE ( 'NONE', *, *, #1172, .F. ) ;
#4024 = LINE ( 'NONE', #4164, #1522 ) ;
#4025 = ORIENTED_EDGE ( 'NONE', *, *, #964, .T. ) ;
#4026 = ADVANCED_FACE ( 'NONE', ( #1779 ), #446, .F. ) ;
#4027 = EDGE_LOOP ( 'NONE', ( #3983, #4419, #1460, #1242 ) ) ;
#4028 = DIRECTION ( 'NONE',  ( 0.0000000000000000000, 0.0000000000000000000, -1.000000000000000000 ) ) ;
#4029 = EDGE_CURVE ( 'NONE', #1352, #544, #2509, .T. ) ;
#4030 = AXIS2_PLACEMENT_3D ( 'NONE', #2211, #2252, #4461 ) ;
#4031 = ORIENTED_EDGE ( 'NONE', *, *, #1538, .F. ) ;
#4032 = ORIENTED_EDGE ( 'NONE', *, *, #4734, .T. ) ;
#4033 = EDGE_CURVE ( 'NONE', #3399, #745, #2858, .T. ) ;
#4034 = DIRECTION ( 'NONE',  ( 0.0000000000000000000, 0.0000000000000000000, -1.000000000000000000 ) ) ;
#4035 = ORIENTED_EDGE ( 'NONE', *, *, #3232, .T. ) ;
#4036 = PLANE ( 'NONE',  #3545 ) ;
#4037 = CARTESIAN_POINT ( 'NONE',  ( 1.070000000000000700, -0.02500000000000000100, -0.6500000000000003600 ) ) ;
#4038 = CARTESIAN_POINT ( 'NONE',  ( 1.000000000000000000, -0.02500000000000000100, 2.799999999999999400 ) ) ;
#4039 = ORIENTED_EDGE ( 'NONE', *, *, #2542, .F. ) ;
#4040 = CARTESIAN_POINT ( 'NONE',  ( 0.9999999999999997800, 0.2000000000000000100, -3.010000000000000200 ) ) ;
#4041 = LINE ( 'NONE', #3210, #2144 ) ;
#4042 = ORIENTED_EDGE ( 'NONE', *, *, #4670, .F. ) ;
#4043 =( GEOMETRIC_REPRESENTATION_CONTEXT ( 3 ) GLOBAL_UNCERTAINTY_ASSIGNED_CONTEXT ( ( #930 ) ) GLOBAL_UNIT_ASSIGNED_CONTEXT ( ( #4334, #2149, #2919 ) ) REPRESENTATION_CONTEXT ( 'NONE', 'WORKASPACE' ) );
#4044 = CARTESIAN_POINT ( 'NONE',  ( 1.070000000000000300, -0.02500000000000000100, -0.7800000000000004700 ) ) ;
#4045 = DIRECTION ( 'NONE',  ( -0.0000000000000000000, 0.0000000000000000000, -1.000000000000000000 ) ) ;
#4046 = ADVANCED_FACE ( 'NONE', ( #2095 ), #889, .F. ) ;
#4047 = VECTOR ( 'NONE', #4633, 1000.000000000000000 ) ;
#4048 = FILL_AREA_STYLE_COLOUR ( '', #1799 ) ;
#4049 = CARTESIAN_POINT ( 'NONE',  ( -2.010000000000000200, -0.02500000000000000100, 2.050000000000000300 ) ) ;
#4050 = LINE ( 'NONE', #1866, #4526 ) ;
#4051 = PLANE ( 'NONE',  #174 ) ;
#4052 = CARTESIAN_POINT ( 'NONE',  ( -1.070000000000000300, -0.02500000000000000100, -0.3300000000000004000 ) ) ;
#4053 = LINE ( 'NONE', #104, #1313 ) ;
#4054 = FACE_OUTER_BOUND ( 'NONE', #1030, .T. ) ;
#4055 = DIRECTION ( 'NONE',  ( 1.000000000000000000, 0.0000000000000000000, 0.0000000000000000000 ) ) ;
#4056 = DIRECTION ( 'NONE',  ( 0.0000000000000000000, 0.0000000000000000000, -1.000000000000000000 ) ) ;
#4057 = DIRECTION ( 'NONE',  ( -0.0000000000000000000, 1.000000000000000000, -0.0000000000000000000 ) ) ;
#4058 = VERTEX_POINT ( 'NONE', #3787 ) ;
#4059 = LINE ( 'NONE', #3439, #2927 ) ;
#4060 = PLANE ( 'NONE',  #3413 ) ;
#4061 = EDGE_CURVE ( 'NONE', #4541, #4707, #221, .T. ) ;
#4062 = AXIS2_PLACEMENT_3D ( 'NONE', #2263, #1880, #4436 ) ;
#4063 = ORIENTED_EDGE ( 'NONE', *, *, #2136, .F. ) ;
#4064 = LINE ( 'NONE', #431, #1379 ) ;
#4065 = CARTESIAN_POINT ( 'NONE',  ( 1.800000000000000000, 0.2000000000000000100, -2.800000000000000300 ) ) ;
#4066 = ADVANCED_FACE ( 'NONE', ( #4284 ), #1214, .F. ) ;
#4067 = ORIENTED_EDGE ( 'NONE', *, *, #1066, .T. ) ;
#4068 = VECTOR ( 'NONE', #100, 1000.000000000000000 ) ;
#4069 = ORIENTED_EDGE ( 'NONE', *, *, #3851, .T. ) ;
#4070 = LINE ( 'NONE', #4767, #3112 ) ;
#4071 = CARTESIAN_POINT ( 'NONE',  ( -1.000000000000000000, 0.2000000000000000100, -2.070000000000001600 ) ) ;
#4072 = EDGE_CURVE ( 'NONE', #2023, #2769, #1140, .T. ) ;
#4073 = DIRECTION ( 'NONE',  ( 0.0000000000000000000, 0.0000000000000000000, -1.000000000000000000 ) ) ;
#4074 = DIRECTION ( 'NONE',  ( -0.0000000000000000000, 1.000000000000000000, -0.0000000000000000000 ) ) ;
#4075 = VERTEX_POINT ( 'NONE', #4566 ) ;
#4076 = DIRECTION ( 'NONE',  ( 0.0000000000000000000, 0.0000000000000000000, 1.000000000000000000 ) ) ;
#4077 = ORIENTED_EDGE ( 'NONE', *, *, #1183, .F. ) ;
#4078 = ADVANCED_FACE ( 'NONE', ( #1087 ), #464, .T. ) ;
#4079 = LINE ( 'NONE', #2377, #1230 ) ;
#4080 = CARTESIAN_POINT ( 'NONE',  ( -2.000000000000000000, 1.600000000000000100, -3.000000000000000000 ) ) ;
#4081 = DIRECTION ( 'NONE',  ( -0.0000000000000000000, -0.0000000000000000000, -1.000000000000000000 ) ) ;
#4082 = STYLED_ITEM ( 'NONE', ( #2459 ), #713 ) ;
#4083 = ORIENTED_EDGE ( 'NONE', *, *, #1261, .T. ) ;
#4084 = FACE_OUTER_BOUND ( 'NONE', #4203, .T. ) ;
#4085 = ORIENTED_EDGE ( 'NONE', *, *, #2037, .F. ) ;
#4086 = CYLINDRICAL_SURFACE ( 'NONE', #660, 0.06999999999999999300 ) ;
#4087 = DIRECTION ( 'NONE',  ( 0.0000000000000000000, 0.0000000000000000000, 1.000000000000000000 ) ) ;
#4088 = CARTESIAN_POINT ( 'NONE',  ( 0.4000000000000001900, 0.2000000000000000100, -1.320000000000001000 ) ) ;
#4089 = DIRECTION ( 'NONE',  ( -1.000000000000000000, -0.0000000000000000000, -0.0000000000000000000 ) ) ;
#4090 = ORIENTED_EDGE ( 'NONE', *, *, #1610, .T. ) ;
#4091 = VERTEX_POINT ( 'NONE', #525 ) ;
#4092 = CARTESIAN_POINT ( 'NONE',  ( -2.010000000000000200, 0.2000000000000000100, 1.150000000000000100 ) ) ;
#4093 = EDGE_CURVE ( 'NONE', #939, #3196, #459, .T. ) ;
#4094 = DIRECTION ( 'NONE',  ( 0.0000000000000000000, 0.0000000000000000000, 1.000000000000000000 ) ) ;
#4095 = ORIENTED_EDGE ( 'NONE', *, *, #799, .T. ) ;
#4096 = ADVANCED_FACE ( 'NONE', ( #4757 ), #4339, .T. ) ;
#4097 = AXIS2_PLACEMENT_3D ( 'NONE', #4639, #2437, #3198 ) ;
#4098 = CARTESIAN_POINT ( 'NONE',  ( -0.4000000000000001900, -0.02500000000000000100, -1.320000000000001000 ) ) ;
#4099 = ORIENTED_EDGE ( 'NONE', *, *, #3966, .T. ) ;
#4100 = ADVANCED_FACE ( 'NONE', ( #169 ), #3064, .F. ) ;
#4101 = DIRECTION ( 'NONE',  ( -1.000000000000000000, 0.0000000000000000000, -1.734723475976805500E-015 ) ) ;
#4102 = EDGE_CURVE ( 'NONE', #882, #1005, #1939, .T. ) ;
#4103 = AXIS2_PLACEMENT_3D ( 'NONE', #4353, #4323, #2501 ) ;
#4104 = CARTESIAN_POINT ( 'NONE',  ( -2.000000000000000000, 1.600000000000000100, 3.000000000000000000 ) ) ;
#4105 = LINE ( 'NONE', #2131, #2791 ) ;
#4106 = CARTESIAN_POINT ( 'NONE',  ( 1.070000000000000700, 0.2000000000000000100, -2.200000000000001100 ) ) ;
#4107 = FACE_OUTER_BOUND ( 'NONE', #3912, .T. ) ;
#4108 = AXIS2_PLACEMENT_3D ( 'NONE', #4616, #2022, #2384 ) ;
#4109 = CARTESIAN_POINT ( 'NONE',  ( 2.000000000000000000, 1.600000000000000100, 3.000000000000000000 ) ) ;
#4110 = LINE ( 'NONE', #1223, #1485 ) ;
#4111 = SURFACE_SIDE_STYLE ('',( #2457 ) ) ;
#4112 = MANIFOLD_SOLID_BREP ( 'Boss-Extrude2[9]', #1332 ) ;
#4113 = DIRECTION ( 'NONE',  ( -4.613626265895766000E-016, 0.0000000000000000000, 1.000000000000000000 ) ) ;
#4114 = CIRCLE ( 'NONE', #2961, 0.07000000000000018700 ) ;
#4115 = FACE_OUTER_BOUND ( 'NONE', #1382, .T. ) ;
#4116 = VERTEX_POINT ( 'NONE', #3871 ) ;
#4117 = LINE ( 'NONE', #2168, #2684 ) ;
#4118 = CARTESIAN_POINT ( 'NONE',  ( -2.010000000000000200, 0.2000000000000000100, -0.6500000000000004700 ) ) ;
#4119 = AXIS2_PLACEMENT_3D ( 'NONE', #3095, #3481, #1265 ) ;
#4120 = DIRECTION ( 'NONE',  ( 0.0000000000000000000, 0.0000000000000000000, 1.000000000000000000 ) ) ;
#4121 = VECTOR ( 'NONE', #4081, 1000.000000000000000 ) ;
#4122 = ADVANCED_FACE ( 'NONE', ( #4585 ), #269, .F. ) ;
#4123 = LINE ( 'NONE', #3800, #3266 ) ;
#4124 = DIRECTION ( 'NONE',  ( -0.0000000000000000000, 0.0000000000000000000, 1.000000000000000000 ) ) ;
#4125 = CARTESIAN_POINT ( 'NONE',  ( 1.249999999999999800, 0.2000000000000000100, 3.010000000000000200 ) ) ;
#4126 = DIRECTION ( 'NONE',  ( 0.0000000000000000000, 0.0000000000000000000, 1.000000000000000000 ) ) ;
#4127 = ORIENTED_EDGE ( 'NONE', *, *, #3702, .T. ) ;
#4128 = EDGE_CURVE ( 'NONE', #4324, #871, #55, .T. ) ;
#4129 = ORIENTED_EDGE ( 'NONE', *, *, #3681, .F. ) ;
#4130 = PRESENTATION_LAYER_ASSIGNMENT (  '', '', ( #2905 ) ) ;
#4131 = ADVANCED_FACE ( 'NONE', ( #4115 ), #2173, .F. ) ;
#4132 = DIRECTION ( 'NONE',  ( -0.0000000000000000000, 1.000000000000000000, -0.0000000000000000000 ) ) ;
#4133 = DIRECTION ( 'NONE',  ( 0.0000000000000000000, -0.0000000000000000000, -1.000000000000000000 ) ) ;
#4134 = DIRECTION ( 'NONE',  ( 0.0000000000000000000, -1.000000000000000000, 0.0000000000000000000 ) ) ;
#4135 = LINE ( 'NONE', #2029, #3734 ) ;
#4136 = ORIENTED_EDGE ( 'NONE', *, *, #522, .T. ) ;
#4137 = FACE_OUTER_BOUND ( 'NONE', #198, .T. ) ;
#4138 = EDGE_CURVE ( 'NONE', #4617, #3939, #3324, .T. ) ;
#4139 = CARTESIAN_POINT ( 'NONE',  ( 2.010000000000000200, 0.2000000000000000100, -2.649999999999999900 ) ) ;
#4140 = ORIENTED_EDGE ( 'NONE', *, *, #1402, .F. ) ;
#4141 = ORIENTED_EDGE ( 'NONE', *, *, #290, .F. ) ;
#4142 = VECTOR ( 'NONE', #463, 1000.000000000000000 ) ;
#4143 = LINE ( 'NONE', #3711, #629 ) ;
#4144 = CARTESIAN_POINT ( 'NONE',  ( -1.070000000000000700, -0.02500000000000000100, -2.200000000000001100 ) ) ;
#4145 = DIRECTION ( 'NONE',  ( -0.0000000000000000000, 1.000000000000000000, 0.0000000000000000000 ) ) ;
#4146 = CARTESIAN_POINT ( 'NONE',  ( 1.070000000000000700, -0.02500000000000000100, -0.6500000000000003600 ) ) ;
#4147 = ORIENTED_EDGE ( 'NONE', *, *, #1291, .T. ) ;
#4148 = EDGE_CURVE ( 'NONE', #3632, #4628, #4184, .T. ) ;
#4149 = CARTESIAN_POINT ( 'NONE',  ( 0.3999999999999999700, -0.02500000000000000100, -3.010000000000000200 ) ) ;
#4150 = VERTEX_POINT ( 'NONE', #360 ) ;
#4151 = DIRECTION ( 'NONE',  ( 0.0000000000000000000, 0.0000000000000000000, -1.000000000000000000 ) ) ;
#4152 = ORIENTED_EDGE ( 'NONE', *, *, #3104, .F. ) ;
#4153 = ORIENTED_EDGE ( 'NONE', *, *, #3555, .T. ) ;
#4154 = VECTOR ( 'NONE', #3988, 1000.000000000000000 ) ;
#4155 = CARTESIAN_POINT ( 'NONE',  ( -1.070000000000000500, -0.02500000000000000100, -2.000000000000000900 ) ) ;
#4156 = DIRECTION ( 'NONE',  ( 1.283079494065686400E-016, 0.0000000000000000000, -1.000000000000000000 ) ) ;
#4157 = VERTEX_POINT ( 'NONE', #340 ) ;
#4158 = VERTEX_POINT ( 'NONE', #2940 ) ;
#4159 = DIRECTION ( 'NONE',  ( -0.0000000000000000000, -0.0000000000000000000, -1.000000000000000000 ) ) ;
#4160 = ORIENTED_EDGE ( 'NONE', *, *, #2730, .T. ) ;
#4161 = ORIENTED_EDGE ( 'NONE', *, *, #2426, .F. ) ;
#4162 = SURFACE_SIDE_STYLE ('',( #1981 ) ) ;
#4163 = STYLED_ITEM ( 'NONE', ( #2433 ), #2101 ) ;
#4164 = CARTESIAN_POINT ( 'NONE',  ( -1.000000000000000000, 0.2000000000000000100, -1.170000000000000800 ) ) ;
#4165 = ORIENTED_EDGE ( 'NONE', *, *, #2499, .T. ) ;
#4166 = DIRECTION ( 'NONE',  ( -1.000000000000000000, 0.0000000000000000000, -0.0000000000000000000 ) ) ;
#4167 = EDGE_CURVE ( 'NONE', #3798, #2711, #924, .T. ) ;
#4168 = CARTESIAN_POINT ( 'NONE',  ( -1.250000000000000000, -0.02500000000000000100, -2.450000000000000200 ) ) ;
#4169 = AXIS2_PLACEMENT_3D ( 'NONE', #1673, #3868, #4589 ) ;
#4170 = VERTEX_POINT ( 'NONE', #2193 ) ;
#4171 = LINE ( 'NONE', #3808, #2207 ) ;
#4172 = DIRECTION ( 'NONE',  ( -0.0000000000000000000, 1.000000000000000000, -0.0000000000000000000 ) ) ;
#4173 = EDGE_CURVE ( 'NONE', #1032, #2715, #3832, .T. ) ;
#4174 = DIRECTION ( 'NONE',  ( 0.0000000000000000000, 0.0000000000000000000, -1.000000000000000000 ) ) ;
#4175 = CARTESIAN_POINT ( 'NONE',  ( 1.000000000000000000, -0.02500000000000000100, -1.170000000000000800 ) ) ;
#4176 = DIRECTION ( 'NONE',  ( 0.0000000000000000000, 0.0000000000000000000, 1.000000000000000000 ) ) ;
#4177 = DIRECTION ( 'NONE',  ( 1.000000000000000000, 0.0000000000000000000, 0.0000000000000000000 ) ) ;
#4178 = COLOUR_RGB ( '',0.7921568627450980000, 0.8196078431372548800, 0.9333333333333333500 ) ;
#4179 =( GEOMETRIC_REPRESENTATION_CONTEXT ( 3 ) GLOBAL_UNCERTAINTY_ASSIGNED_CONTEXT ( ( #4625 ) ) GLOBAL_UNIT_ASSIGNED_CONTEXT ( ( #3554, #1362, #3592 ) ) REPRESENTATION_CONTEXT ( 'NONE', 'WORKASPACE' ) );
#4180 = CARTESIAN_POINT ( 'NONE',  ( -0.1500000000000001600, -0.02500000000000000100, -1.320000000000001000 ) ) ;
#4181 = ORIENTED_EDGE ( 'NONE', *, *, #4192, .T. ) ;
#4182 = CARTESIAN_POINT ( 'NONE',  ( 2.010000000000000200, -0.02500000000000000100, -1.750000000000000700 ) ) ;
#4183 = VECTOR ( 'NONE', #4718, 1000.000000000000000 ) ;
#4184 = LINE ( 'NONE', #4740, #3212 ) ;
#4185 = CARTESIAN_POINT ( 'NONE',  ( 1.800000000000000500, 0.2000000000000000100, 0.3999999999999999100 ) ) ;
#4186 = ORIENTED_EDGE ( 'NONE', *, *, #1920, .F. ) ;
#4187 = VECTOR ( 'NONE', #794, 1000.000000000000000 ) ;
#4188 = DIRECTION ( 'NONE',  ( 0.0000000000000000000, 0.0000000000000000000, -1.000000000000000000 ) ) ;
#4189 = ORIENTED_EDGE ( 'NONE', *, *, #1898, .F. ) ;
#4190 = LINE ( 'NONE', #3618, #691 ) ;
#4191 = DIRECTION ( 'NONE',  ( 0.0000000000000000000, 0.0000000000000000000, 1.000000000000000000 ) ) ;
#4192 = EDGE_CURVE ( 'NONE', #2832, #28, #115, .T. ) ;
#4193 = STYLED_ITEM ( 'NONE', ( #3182 ), #2272 ) ;
#4194 = ORIENTED_EDGE ( 'NONE', *, *, #1663, .F. ) ;
#4195 = CARTESIAN_POINT ( 'NONE',  ( 1.070000000000000300, -0.02500000000000000100, -1.680000000000000800 ) ) ;
#4196 = CARTESIAN_POINT ( 'NONE',  ( 2.010000000000000200, -0.02500000000000000100, -1.300000000000000300 ) ) ;
#4197 = CARTESIAN_POINT ( 'NONE',  ( 1.070000000000000700, 0.2000000000000000100, -0.4000000000000004100 ) ) ;
#4198 = ORIENTED_EDGE ( 'NONE', *, *, #44, .T. ) ;
#4199 = FACE_OUTER_BOUND ( 'NONE', #2675, .T. ) ;
#4200 = EDGE_CURVE ( 'NONE', #435, #2580, #2158, .T. ) ;
#4201 = AXIS2_PLACEMENT_3D ( 'NONE', #1168, #3698, #4426 ) ;
#4202 = PLANE ( 'NONE',  #4336 ) ;
#4203 = EDGE_LOOP ( 'NONE', ( #2537, #1865, #3667, #4554 ) ) ;
#4204 = DIRECTION ( 'NONE',  ( 0.0000000000000000000, 0.0000000000000000000, -1.000000000000000000 ) ) ;
#4205 = ORIENTED_EDGE ( 'NONE', *, *, #1839, .F. ) ;
#4206 = FACE_OUTER_BOUND ( 'NONE', #3475, .T. ) ;
#4207 = DIRECTION ( 'NONE',  ( 0.0000000000000000000, 1.000000000000000000, 0.0000000000000000000 ) ) ;
#4208 = DIRECTION ( 'NONE',  ( 0.0000000000000000000, -1.000000000000000000, 0.0000000000000000000 ) ) ;
#4209 = ORIENTED_EDGE ( 'NONE', *, *, #3872, .T. ) ;
#4210 = ORIENTED_EDGE ( 'NONE', *, *, #4505, .T. ) ;
#4211 = DIRECTION ( 'NONE',  ( 0.0000000000000000000, 0.0000000000000000000, 1.000000000000000000 ) ) ;
#4212 = ORIENTED_EDGE ( 'NONE', *, *, #698, .T. ) ;
#4213 = ORIENTED_EDGE ( 'NONE', *, *, #1776, .T. ) ;
#4214 =( NAMED_UNIT ( * ) PLANE_ANGLE_UNIT ( ) SI_UNIT ( $, .RADIAN. ) );
#4215 = VERTEX_POINT ( 'NONE', #2857 ) ;
#4216 = EDGE_CURVE ( 'NONE', #1533, #1927, #3720, .T. ) ;
#4217 = ORIENTED_EDGE ( 'NONE', *, *, #264, .T. ) ;
#4218 = MECHANICAL_DESIGN_GEOMETRIC_PRESENTATION_REPRESENTATION (  '', ( #4193 ), #3645 ) ;
#4219 = CARTESIAN_POINT ( 'NONE',  ( -1.800000000000000500, 0.2000000000000000100, 0.3999999999999999100 ) ) ;
#4220 = DIRECTION ( 'NONE',  ( 0.0000000000000000000, 0.0000000000000000000, -1.000000000000000000 ) ) ;
#4221 = FACE_OUTER_BOUND ( 'NONE', #413, .T. ) ;
#4222 = CARTESIAN_POINT ( 'NONE',  ( -0.2200000000000001700, 0.2000000000000000100, -1.320000000000000500 ) ) ;
#4223 = VECTOR ( 'NONE', #1148, 1000.000000000000000 ) ;
#4224 = EDGE_CURVE ( 'NONE', #3599, #472, #2985, .T. ) ;
#4225 = LINE ( 'NONE', #2740, #3548 ) ;
#4226 = CARTESIAN_POINT ( 'NONE',  ( -1.000000000000000000, -0.02500000000000000100, -2.070000000000001600 ) ) ;
#4227 = EDGE_CURVE ( 'NONE', #259, #3801, #3990, .T. ) ;
#4228 =( LENGTH_UNIT ( ) NAMED_UNIT ( * ) SI_UNIT ( .MILLI., .METRE. ) );
#4229 = LINE ( 'NONE', #2610, #2984 ) ;
#4230 = VECTOR ( 'NONE', #2734, 1000.000000000000000 ) ;
#4231 = CIRCLE ( 'NONE', #339, 0.06999999999999996500 ) ;
#4232 = UNCERTAINTY_MEASURE_WITH_UNIT (LENGTH_MEASURE( 1.000000000000000100E-005 ), #1000, 'distance_accuracy_value', 'NONE');
#4233 = CARTESIAN_POINT ( 'NONE',  ( -2.010000000000000200, -0.02500000000000000100, -0.8500000000000005300 ) ) ;
#4234 = VECTOR ( 'NONE', #726, 1000.000000000000000 ) ;
#4235 = LINE ( 'NONE', #943, #226 ) ;
#4236 = LINE ( 'NONE', #3864, #1092 ) ;
#4237 = DIRECTION ( 'NONE',  ( -0.0000000000000000000, -0.0000000000000000000, 1.000000000000000000 ) ) ;
#4238 = CARTESIAN_POINT ( 'NONE',  ( 1.249999999999999800, -0.02500000000000000100, 2.799999999999999400 ) ) ;
#4239 = ORIENTED_EDGE ( 'NONE', *, *, #172, .T. ) ;
#4240 = ORIENTED_EDGE ( 'NONE', *, *, #2977, .F. ) ;
#4241 = LINE ( 'NONE', #2152, #404 ) ;
#4242 = ORIENTED_EDGE ( 'NONE', *, *, #2942, .F. ) ;
#4243 = ADVANCED_FACE ( 'NONE', ( #3931 ), #3973, .T. ) ;
#4244 = CIRCLE ( 'NONE', #4097, 0.06999999999999996500 ) ;
#4245 = AXIS2_PLACEMENT_3D ( 'NONE', #857, #1567, #2637 ) ;
#4246 = EDGE_LOOP ( 'NONE', ( #2889, #1986, #4161, #3624 ) ) ;
#4247 = CARTESIAN_POINT ( 'NONE',  ( 1.000000000000000200, 0.2000000000000000100, -0.2700000000000009100 ) ) ;
#4248 = VERTEX_POINT ( 'NONE', #1054 ) ;
#4249 = ORIENTED_EDGE ( 'NONE', *, *, #1582, .F. ) ;
#4250 = EDGE_CURVE ( 'NONE', #1067, #4265, #677, .T. ) ;
#4251 = AXIS2_PLACEMENT_3D ( 'NONE', #1116, #2500, #676 ) ;
#4252 = CARTESIAN_POINT ( 'NONE',  ( -1.000000000000000000, -0.02500000000000000100, -1.170000000000000800 ) ) ;
#4253 = EDGE_LOOP ( 'NONE', ( #1480, #4165, #1347, #1280 ) ) ;
#4254 = FACE_OUTER_BOUND ( 'NONE', #4612, .T. ) ;
#4255 = DIRECTION ( 'NONE',  ( -0.0000000000000000000, 1.000000000000000000, -0.0000000000000000000 ) ) ;
#4256 = EDGE_CURVE ( 'NONE', #4157, #887, #1201, .T. ) ;
#4257 = VERTEX_POINT ( 'NONE', #2157 ) ;
#4258 = DIRECTION ( 'NONE',  ( -0.0000000000000000000, 0.0000000000000000000, 1.000000000000000000 ) ) ;
#4259 = CARTESIAN_POINT ( 'NONE',  ( -2.010000000000000200, -0.02500000000000000100, 1.150000000000000100 ) ) ;
#4260 = EDGE_LOOP ( 'NONE', ( #3817, #911, #950, #2055 ) ) ;
#4261 = ORIENTED_EDGE ( 'NONE', *, *, #326, .F. ) ;
#4262 = CLOSED_SHELL ( 'NONE', ( #2830, #2566, #4489, #879, #2113, #1128, #1544, #1835 ) ) ;
#4263 = MECHANICAL_DESIGN_GEOMETRIC_PRESENTATION_REPRESENTATION (  '', ( #2794 ), #4179 ) ;
#4264 = DIRECTION ( 'NONE',  ( 1.730109849710912800E-016, 0.0000000000000000000, 1.000000000000000000 ) ) ;
#4265 = VERTEX_POINT ( 'NONE', #2894 ) ;
#4266 = DIRECTION ( 'NONE',  ( -0.0000000000000000000, 0.0000000000000000000, 1.000000000000000000 ) ) ;
#4267 = CARTESIAN_POINT ( 'NONE',  ( 1.800000000000000500, -0.02500000000000000100, 0.9500000000000000700 ) ) ;
#4268 = ORIENTED_EDGE ( 'NONE', *, *, #1441, .T. ) ;
#4269 = APPLICATION_CONTEXT ( 'automotive_design' ) ;
#4270 = ORIENTED_EDGE ( 'NONE', *, *, #1105, .T. ) ;
#4271 = ORIENTED_EDGE ( 'NONE', *, *, #612, .T. ) ;
#4272 = FACE_OUTER_BOUND ( 'NONE', #3075, .T. ) ;
#4273 = CARTESIAN_POINT ( 'NONE',  ( -2.010000000000000200, -0.02500000000000000100, -1.550000000000000500 ) ) ;
#4274 = EDGE_CURVE ( 'NONE', #4215, #435, #1675, .T. ) ;
#4275 = STYLED_ITEM ( 'NONE', ( #139 ), #2766 ) ;
#4276 = DIRECTION ( 'NONE',  ( -0.0000000000000000000, 1.000000000000000000, -0.0000000000000000000 ) ) ;
#4277 = LINE ( 'NONE', #1752, #2213 ) ;
#4278 = DIRECTION ( 'NONE',  ( -5.162867488026198100E-015, -0.0000000000000000000, 1.000000000000000000 ) ) ;
#4279 = DIRECTION ( 'NONE',  ( -0.0000000000000000000, -0.0000000000000000000, 1.000000000000000000 ) ) ;
#4280 = EDGE_CURVE ( 'NONE', #2178, #1925, #3659, .T. ) ;
#4281 = AXIS2_PLACEMENT_3D ( 'NONE', #989, #1349, #3895 ) ;
#4282 = LINE ( 'NONE', #2349, #4393 ) ;
#4283 = VECTOR ( 'NONE', #4380, 1000.000000000000000 ) ;
#4284 = FACE_OUTER_BOUND ( 'NONE', #159, .T. ) ;
#4286 = CARTESIAN_POINT ( 'NONE',  ( -1.000000000000001100, -0.02500000000000000100, 3.010000000000000200 ) ) ;
#4285 = VECTOR ( 'NONE', #4650, 1000.000000000000000 ) ;
#4287 = ADVANCED_BREP_SHAPE_REPRESENTATION ( 'MPM3650 (QFN-24)', ( #3265, #3959, #2101, #1774, #2766, #713, #562, #68, #2979, #4112, #1410, #1916, #2618, #3623, #1068, #2272, #4470, #4281 ), #25 ) ;
#4288 = ADVANCED_FACE ( 'NONE', ( #3776 ), #2965, .F. ) ;
#4289 = AXIS2_PLACEMENT_3D ( 'NONE', #50, #2204, #1556 ) ;
#4290 = CARTESIAN_POINT ( 'NONE',  ( 2.010000000000000200, 0.2000000000000000100, 0.1999999999999998700 ) ) ;
#4291 = ORIENTED_EDGE ( 'NONE', *, *, #2126, .T. ) ;
#4292 = ORIENTED_EDGE ( 'NONE', *, *, #3745, .F. ) ;
#4293 = LINE ( 'NONE', #4352, #3508 ) ;
#4294 = CARTESIAN_POINT ( 'NONE',  ( 2.010000000000000200, -0.02500000000000000100, -0.4000000000000005800 ) ) ;
#4295 = CARTESIAN_POINT ( 'NONE',  ( -2.010000000000000200, -0.02500000000000000100, -2.450000000000000200 ) ) ;
#4296 = ORIENTED_EDGE ( 'NONE', *, *, #2788, .F. ) ;
#4297 = VECTOR ( 'NONE', #2681, 1000.000000000000200 ) ;
#4298 = ORIENTED_EDGE ( 'NONE', *, *, #2805, .T. ) ;
#4299 = VECTOR ( 'NONE', #2850, 1000.000000000000000 ) ;
#4300 = DIRECTION ( 'NONE',  ( -0.0000000000000000000, -0.0000000000000000000, 1.000000000000000000 ) ) ;
#4301 = DIRECTION ( 'NONE',  ( -0.0000000000000000000, 1.000000000000000000, 0.0000000000000000000 ) ) ;
#4302 = STYLED_ITEM ( 'NONE', ( #4748 ), #1774 ) ;
#4303 = ORIENTED_EDGE ( 'NONE', *, *, #4280, .T. ) ;
#4304 = LINE ( 'NONE', #3929, #490 ) ;
#4305 = VERTEX_POINT ( 'NONE', #767 ) ;
#4306 = VECTOR ( 'NONE', #4481, 1000.000000000000000 ) ;
#4307 = EDGE_CURVE ( 'NONE', #2314, #2895, #2683, .T. ) ;
#4308 = AXIS2_PLACEMENT_3D ( 'NONE', #578, #213, #3180 ) ;
#4309 = ADVANCED_FACE ( 'NONE', ( #2799 ), #4456, .F. ) ;
#4310 = VERTEX_POINT ( 'NONE', #1882 ) ;
#4311 =( NAMED_UNIT ( * ) PLANE_ANGLE_UNIT ( ) SI_UNIT ( $, .RADIAN. ) );
#4312 = EDGE_LOOP ( 'NONE', ( #2453, #4209, #499, #3219 ) ) ;
#4313 = DIRECTION ( 'NONE',  ( -0.0000000000000000000, -0.0000000000000000000, 1.000000000000000000 ) ) ;
#4314 = EDGE_CURVE ( 'NONE', #2017, #3947, #2062, .T. ) ;
#4315 = CARTESIAN_POINT ( 'NONE',  ( 2.010000000000000200, -0.02500000000000000100, 0.1999999999999998700 ) ) ;
#4316 = ADVANCED_FACE ( 'NONE', ( #3584 ), #3361, .F. ) ;
#4317 = CARTESIAN_POINT ( 'NONE',  ( -1.070000000000000700, -0.02500000000000000100, -1.100000000000000300 ) ) ;
#4318 = ORIENTED_EDGE ( 'NONE', *, *, #1190, .F. ) ;
#4319 = DIRECTION ( 'NONE',  ( -0.0000000000000000000, 1.000000000000000000, -0.0000000000000000000 ) ) ;
#4320 = CARTESIAN_POINT ( 'NONE',  ( 1.070000000000000700, -0.02500000000000000100, -2.200000000000001100 ) ) ;
#4321 = ORIENTED_EDGE ( 'NONE', *, *, #4480, .F. ) ;
#4322 = DIRECTION ( 'NONE',  ( 1.000000000000000000, 0.0000000000000000000, 0.0000000000000000000 ) ) ;
#4323 = DIRECTION ( 'NONE',  ( -0.0000000000000000000, 1.000000000000000000, 0.0000000000000000000 ) ) ;
#4324 = VERTEX_POINT ( 'NONE', #3063 ) ;
#4325 = CARTESIAN_POINT ( 'NONE',  ( 0.2200000000000001700, -0.02500000000000000100, -1.320000000000000500 ) ) ;
#4326 = DIRECTION ( 'NONE',  ( 0.0000000000000000000, 0.0000000000000000000, 1.000000000000000000 ) ) ;
#4327 = DIRECTION ( 'NONE',  ( 1.000000000000000000, 0.0000000000000000000, 2.168404344971008100E-015 ) ) ;
#4328 = CARTESIAN_POINT ( 'NONE',  ( -0.1499999999999997400, 0.2000000000000000100, -3.010000000000000700 ) ) ;
#4329 = VERTEX_POINT ( 'NONE', #2248 ) ;
#4330 = DIRECTION ( 'NONE',  ( 0.0000000000000000000, 0.0000000000000000000, -1.000000000000000000 ) ) ;
#4331 = ORIENTED_EDGE ( 'NONE', *, *, #1398, .T. ) ;
#4332 = VECTOR ( 'NONE', #3419, 1000.000000000000000 ) ;
#4333 = CARTESIAN_POINT ( 'NONE',  ( 0.2200000000000006100, 0.2000000000000000100, -1.250000000000000400 ) ) ;
#4334 =( LENGTH_UNIT ( ) NAMED_UNIT ( * ) SI_UNIT ( .MILLI., .METRE. ) );
#4335 = EDGE_CURVE ( 'NONE', #1322, #1274, #1102, .T. ) ;
#4336 = AXIS2_PLACEMENT_3D ( 'NONE', #4623, #3828, #2789 ) ;
#4337 = DIRECTION ( 'NONE',  ( 0.0000000000000000000, -0.0000000000000000000, -1.000000000000000000 ) ) ;
#4338 = FACE_OUTER_BOUND ( 'NONE', #3476, .T. ) ;
#4339 = CYLINDRICAL_SURFACE ( 'NONE', #460, 0.07000000000000018700 ) ;
#4340 = FACE_OUTER_BOUND ( 'NONE', #1288, .T. ) ;
#4341 = CARTESIAN_POINT ( 'NONE',  ( 2.000000000000000000, 1.600000000000000100, -3.000000000000000000 ) ) ;
#4342 = SURFACE_STYLE_USAGE ( .BOTH. , #2897 ) ;
#4343 = EDGE_CURVE ( 'NONE', #2159, #1960, #128, .T. ) ;
#4344 = STYLED_ITEM ( 'NONE', ( #1437 ), #4470 ) ;
#4345 = CIRCLE ( 'NONE', #3314, 0.06999999999999996500 ) ;
#4346 = CIRCLE ( 'NONE', #163, 0.06999999999999996500 ) ;
#4347 = CARTESIAN_POINT ( 'NONE',  ( 0.0000000000000000000, 0.2000000000000000100, 0.0000000000000000000 ) ) ;
#4348 = ORIENTED_EDGE ( 'NONE', *, *, #4577, .T. ) ;
#4349 = ORIENTED_EDGE ( 'NONE', *, *, #3818, .T. ) ;
#4350 = VERTEX_POINT ( 'NONE', #111 ) ;
#4351 = FACE_OUTER_BOUND ( 'NONE', #3516, .T. ) ;
#4352 = CARTESIAN_POINT ( 'NONE',  ( -1.070000000000000700, 0.2000000000000000100, -1.550000000000000500 ) ) ;
#4353 = CARTESIAN_POINT ( 'NONE',  ( -1.070000000000000300, 0.2000000000000000100, -1.680000000000000800 ) ) ;
#4354 = ADVANCED_FACE ( 'NONE', ( #2862 ), #1161, .F. ) ;
#4355 = EDGE_LOOP ( 'NONE', ( #371, #2975, #1750, #556 ) ) ;
#4356 = CARTESIAN_POINT ( 'NONE',  ( -1.070000000000000700, -0.02500000000000000100, -2.200000000000001100 ) ) ;
#4357 = ORIENTED_EDGE ( 'NONE', *, *, #1890, .T. ) ;
#4358 = LINE ( 'NONE', #761, #2533 ) ;
#4359 = DIRECTION ( 'NONE',  ( -0.0000000000000000000, 1.000000000000000000, -0.0000000000000000000 ) ) ;
#4360 = EDGE_LOOP ( 'NONE', ( #4368, #2790, #2108, #2071 ) ) ;
#4361 = CARTESIAN_POINT ( 'NONE',  ( -2.010000000000000200, 0.2000000000000000100, 1.150000000000000100 ) ) ;
#4362 = VERTEX_POINT ( 'NONE', #501 ) ;
#4363 = DIRECTION ( 'NONE',  ( 1.000000000000000000, 0.0000000000000000000, -2.405774051373161100E-016 ) ) ;
#4364 = LINE ( 'NONE', #4233, #4421 ) ;
#4365 = EDGE_CURVE ( 'NONE', #3646, #3850, #649, .T. ) ;
#4366 = MECHANICAL_DESIGN_GEOMETRIC_PRESENTATION_REPRESENTATION (  '', ( #2905 ), #118 ) ;
#4367 = CARTESIAN_POINT ( 'NONE',  ( 1.070000000000000700, -0.02500000000000000100, -0.8500000000000004200 ) ) ;
#4368 = ORIENTED_EDGE ( 'NONE', *, *, #2974, .F. ) ;
#4369 = VERTEX_POINT ( 'NONE', #4144 ) ;
#4370 = LINE ( 'NONE', #2627, #835 ) ;
#4371 = ORIENTED_EDGE ( 'NONE', *, *, #926, .T. ) ;
#4372 = EDGE_CURVE ( 'NONE', #4310, #3798, #3945, .T. ) ;
#4373 = ORIENTED_EDGE ( 'NONE', *, *, #2117, .F. ) ;
#4374 =( GEOMETRIC_REPRESENTATION_CONTEXT ( 3 ) GLOBAL_UNCERTAINTY_ASSIGNED_CONTEXT ( ( #3926 ) ) GLOBAL_UNIT_ASSIGNED_CONTEXT ( ( #3423, #507, #2313 ) ) REPRESENTATION_CONTEXT ( 'NONE', 'WORKASPACE' ) );
#4375 = CARTESIAN_POINT ( 'NONE',  ( 1.070000000000000100, -0.02500000000000000100, -2.070000000000000700 ) ) ;
#4376 = DIRECTION ( 'NONE',  ( 0.0000000000000000000, 1.000000000000000000, 0.0000000000000000000 ) ) ;
#4377 = ORIENTED_EDGE ( 'NONE', *, *, #1431, .T. ) ;
#4378 = DIRECTION ( 'NONE',  ( -0.0000000000000000000, 1.000000000000000000, -0.0000000000000000000 ) ) ;
#4379 = PRESENTATION_LAYER_ASSIGNMENT (  '', '', ( #2641 ) ) ;
#4380 = DIRECTION ( 'NONE',  ( -0.0000000000000000000, 1.000000000000000000, -0.0000000000000000000 ) ) ;
#4381 = ORIENTED_EDGE ( 'NONE', *, *, #1126, .T. ) ;
#4382 = ADVANCED_FACE ( 'NONE', ( #2630 ), #1180, .F. ) ;
#4383 = CARTESIAN_POINT ( 'NONE',  ( -1.070000000000000700, 0.2000000000000000100, -1.750000000000000700 ) ) ;
#4384 = CIRCLE ( 'NONE', #1771, 0.07000000000000018700 ) ;
#4385 = EDGE_LOOP ( 'NONE', ( #296, #2340, #965, #4607 ) ) ;
#4386 = DIRECTION ( 'NONE',  ( -0.0000000000000000000, 0.0000000000000000000, 1.000000000000000000 ) ) ;
#4387 = CARTESIAN_POINT ( 'NONE',  ( -1.070000000000000100, 0.2000000000000000100, -2.130000000000000800 ) ) ;
#4388 = EDGE_LOOP ( 'NONE', ( #4348, #1292, #186, #489, #1580, #630 ) ) ;
#4389 = FACE_OUTER_BOUND ( 'NONE', #293, .T. ) ;
#4390 = CARTESIAN_POINT ( 'NONE',  ( -1.070000000000000300, 0.2000000000000000100, -0.3300000000000004000 ) ) ;
#4391 = PLANE ( 'NONE',  #1576 ) ;
#4392 = CARTESIAN_POINT ( 'NONE',  ( 1.000000000000000000, 0.2000000000000000100, -1.229999999999999800 ) ) ;
#4394 = CARTESIAN_POINT ( 'NONE',  ( 1.070000000000000700, 0.2000000000000000100, -0.6500000000000003600 ) ) ;
#4393 = VECTOR ( 'NONE', #2381, 1000.000000000000000 ) ;
#4395 = DIRECTION ( 'NONE',  ( -0.0000000000000000000, -0.0000000000000000000, -1.000000000000000000 ) ) ;
#4396 = DIRECTION ( 'NONE',  ( -1.000000000000000000, 0.0000000000000000000, -1.441758208092427000E-016 ) ) ;
#4397 = EDGE_CURVE ( 'NONE', #2052, #4150, #178, .T. ) ;
#4398 = FACE_OUTER_BOUND ( 'NONE', #109, .T. ) ;
#4399 = STYLED_ITEM ( 'NONE', ( #2581 ), #3265 ) ;
#4400 = DIRECTION ( 'NONE',  ( 0.0000000000000000000, 1.000000000000000000, 0.0000000000000000000 ) ) ;
#4401 = ORIENTED_EDGE ( 'NONE', *, *, #2091, .F. ) ;
#4402 = LINE ( 'NONE', #1937, #576 ) ;
#4403 = VERTEX_POINT ( 'NONE', #3415 ) ;
#4404 = EDGE_CURVE ( 'NONE', #2163, #4058, #814, .T. ) ;
#4405 = CARTESIAN_POINT ( 'NONE',  ( -2.010000000000000200, -0.02500000000000000100, 2.050000000000000300 ) ) ;
#4406 = DIRECTION ( 'NONE',  ( -0.0000000000000000000, 1.000000000000000000, -0.0000000000000000000 ) ) ;
#4408 = DIRECTION ( 'NONE',  ( 0.0000000000000000000, 0.0000000000000000000, 1.000000000000000000 ) ) ;
#4407 = VECTOR ( 'NONE', #395, 1000.000000000000000 ) ;
#4409 = ORIENTED_EDGE ( 'NONE', *, *, #93, .F. ) ;
#4410 = VECTOR ( 'NONE', #1477, 1000.000000000000000 ) ;
#4411 = CARTESIAN_POINT ( 'NONE',  ( 2.010000000000000200, -0.02500000000000000100, 2.050000000000000300 ) ) ;
#4412 = ADVANCED_FACE ( 'NONE', ( #2243 ), #412, .T. ) ;
#4413 = CARTESIAN_POINT ( 'NONE',  ( 1.000000000000000000, 0.2000000000000000100, -1.170000000000000800 ) ) ;
#4414 = DIRECTION ( 'NONE',  ( -0.0000000000000000000, 1.000000000000000000, -0.0000000000000000000 ) ) ;
#4415 = EDGE_LOOP ( 'NONE', ( #3893, #2192, #3789, #1452 ) ) ;
#4416 = FACE_OUTER_BOUND ( 'NONE', #1374, .T. ) ;
#4417 = VERTEX_POINT ( 'NONE', #905 ) ;
#4418 = FACE_OUTER_BOUND ( 'NONE', #3594, .T. ) ;
#4419 = ORIENTED_EDGE ( 'NONE', *, *, #1898, .T. ) ;
#4420 = VERTEX_POINT ( 'NONE', #1641 ) ;
#4421 = VECTOR ( 'NONE', #1689, 1000.000000000000000 ) ;
#4422 = DIRECTION ( 'NONE',  ( 1.000000000000000000, 0.0000000000000000000, -0.0000000000000000000 ) ) ;
#4423 = CARTESIAN_POINT ( 'NONE',  ( 1.070000000000000700, 0.2000000000000000100, -0.8500000000000004200 ) ) ;
#4424 = CARTESIAN_POINT ( 'NONE',  ( -0.4000000000000003000, 0.2000000000000000100, -1.320000000000001000 ) ) ;
#4425 = VERTEX_POINT ( 'NONE', #3138 ) ;
#4426 = DIRECTION ( 'NONE',  ( -1.000000000000000000, 0.0000000000000000000, 0.0000000000000000000 ) ) ;
#4427 = VECTOR ( 'NONE', #2968, 1000.000000000000000 ) ;
#4428 = ORIENTED_EDGE ( 'NONE', *, *, #1870, .F. ) ;
#4429 = DIRECTION ( 'NONE',  ( 1.000000000000000000, -0.0000000000000000000, -0.0000000000000000000 ) ) ;
#4430 = CARTESIAN_POINT ( 'NONE',  ( -1.070000000000000700, -0.02500000000000000100, -0.8500000000000004200 ) ) ;
#4431 = ORIENTED_EDGE ( 'NONE', *, *, #320, .F. ) ;
#4432 = VECTOR ( 'NONE', #1255, 1000.000000000000000 ) ;
#4433 = PLANE ( 'NONE',  #993 ) ;
#4434 = EDGE_CURVE ( 'NONE', #3455, #1070, #758, .T. ) ;
#4435 = ADVANCED_FACE ( 'NONE', ( #2526 ), #1738, .T. ) ;
#4436 = DIRECTION ( 'NONE',  ( 0.0000000000000000000, 0.0000000000000000000, -1.000000000000000000 ) ) ;
#4437 = VERTEX_POINT ( 'NONE', #3505 ) ;
#4438 = VERTEX_POINT ( 'NONE', #168 ) ;
#4439 = ADVANCED_FACE ( 'NONE', ( #4416 ), #511, .F. ) ;
#4440 = EDGE_CURVE ( 'NONE', #1852, #3485, #4135, .T. ) ;
#4441 = DIRECTION ( 'NONE',  ( -1.000000000000000000, 0.0000000000000000000, -0.0000000000000000000 ) ) ;
#4442 = PRODUCT_DEFINITION ( 'UNKNOWN', '', #2129, #1302 ) ;
#4443 = ORIENTED_EDGE ( 'NONE', *, *, #1426, .T. ) ;
#4444 = ORIENTED_EDGE ( 'NONE', *, *, #4216, .F. ) ;
#4445 = DIRECTION ( 'NONE',  ( -0.0000000000000000000, 0.0000000000000000000, -1.000000000000000000 ) ) ;
#4446 = ORIENTED_EDGE ( 'NONE', *, *, #1162, .T. ) ;
#4447 = DIRECTION ( 'NONE',  ( -1.000000000000000000, 0.0000000000000000000, -1.153406566473941500E-016 ) ) ;
#4448 =( NAMED_UNIT ( * ) SI_UNIT ( $, .STERADIAN. ) SOLID_ANGLE_UNIT ( ) );
#4449 = VERTEX_POINT ( 'NONE', #1987 ) ;
#4450 = EDGE_CURVE ( 'NONE', #2023, #2278, #3398, .T. ) ;
#4451 = CARTESIAN_POINT ( 'NONE',  ( 1.070000000000000100, -0.02500000000000000100, -2.070000000000000700 ) ) ;
#4452 = CARTESIAN_POINT ( 'NONE',  ( -1.070000000000000700, -0.02500000000000000100, -2.200000000000001100 ) ) ;
#4453 = DIRECTION ( 'NONE',  ( 0.0000000000000000000, 0.0000000000000000000, 1.000000000000000000 ) ) ;
#4454 = FACE_OUTER_BOUND ( 'NONE', #1458, .T. ) ;
#4455 = CARTESIAN_POINT ( 'NONE',  ( 2.010000000000000700, 0.2000000000000000100, -2.000000000000000400 ) ) ;
#4456 = PLANE ( 'NONE',  #4543 ) ;
#4457 = LINE ( 'NONE', #1933, #2089 ) ;
#4458 = ADVANCED_FACE ( 'NONE', ( #2703 ), #2792, .F. ) ;
#4459 = PLANE ( 'NONE',  #4568 ) ;
#4460 = CARTESIAN_POINT ( 'NONE',  ( -1.000000000000000200, 0.2000000000000000100, -1.680000000000000200 ) ) ;
#4461 = DIRECTION ( 'NONE',  ( 0.0000000000000000000, 0.0000000000000000000, 1.000000000000000000 ) ) ;
#4462 = DIRECTION ( 'NONE',  ( 0.0000000000000000000, -1.000000000000000000, 0.0000000000000000000 ) ) ;
#4463 = LINE ( 'NONE', #3780, #1938 ) ;
#4464 = VECTOR ( 'NONE', #1086, 1000.000000000000000 ) ;
#4465 = FACE_OUTER_BOUND ( 'NONE', #2486, .T. ) ;
#4466 = EDGE_CURVE ( 'NONE', #2181, #4721, #349, .T. ) ;
#4467 = DIRECTION ( 'NONE',  ( 0.0000000000000000000, 0.0000000000000000000, 1.000000000000000000 ) ) ;
#4468 = ADVANCED_FACE ( 'NONE', ( #531 ), #3486, .F. ) ;
#4469 = CARTESIAN_POINT ( 'NONE',  ( -2.010000000000000200, 0.2000000000000000100, -1.750000000000000700 ) ) ;
#4470 = MANIFOLD_SOLID_BREP ( 'Mirror5[7]', #4262 ) ;
#4471 = VECTOR ( 'NONE', #1270, 1000.000000000000000 ) ;
#4472 = LINE ( 'NONE', #3920, #743 ) ;
#4473 = EDGE_CURVE ( 'NONE', #2615, #384, #2109, .T. ) ;
#4474 = ORIENTED_EDGE ( 'NONE', *, *, #1337, .T. ) ;
#4475 = CARTESIAN_POINT ( 'NONE',  ( 1.000000000000000200, 0.2000000000000000100, -0.7200000000000008600 ) ) ;
#4476 = VECTOR ( 'NONE', #875, 1000.000000000000000 ) ;
#4477 = VERTEX_POINT ( 'NONE', #2402 ) ;
#4478 = FACE_OUTER_BOUND ( 'NONE', #2735, .T. ) ;
#4479 = CARTESIAN_POINT ( 'NONE',  ( -2.000000000000000000, 1.600000000000000100, 3.000000000000000000 ) ) ;
#4480 = EDGE_CURVE ( 'NONE', #259, #2314, #2372, .T. ) ;
#4481 = DIRECTION ( 'NONE',  ( -1.000000000000000000, 0.0000000000000000000, -4.613626265895766000E-016 ) ) ;
#4483 = ORIENTED_EDGE ( 'NONE', *, *, #2599, .F. ) ;
#4482 = VERTEX_POINT ( 'NONE', #1734 ) ;
#4484 = ORIENTED_EDGE ( 'NONE', *, *, #2753, .T. ) ;
#4485 = VECTOR ( 'NONE', #4493, 1000.000000000000000 ) ;
#4486 = CARTESIAN_POINT ( 'NONE',  ( 1.070000000000000300, 0.2000000000000000100, -0.7800000000000004700 ) ) ;
#4487 = ORIENTED_EDGE ( 'NONE', *, *, #3152, .T. ) ;
#4488 = PLANE ( 'NONE',  #3186 ) ;
#4489 = ADVANCED_FACE ( 'NONE', ( #287 ), #1275, .T. ) ;
#4490 = ORIENTED_EDGE ( 'NONE', *, *, #4534, .F. ) ;
#4491 = ORIENTED_EDGE ( 'NONE', *, *, #390, .F. ) ;
#4492 = VECTOR ( 'NONE', #2762, 1000.000000000000000 ) ;
#4493 = DIRECTION ( 'NONE',  ( 0.0000000000000000000, 1.000000000000000000, 0.0000000000000000000 ) ) ;
#4494 = ADVANCED_FACE ( 'NONE', ( #2643 ), #1526, .F. ) ;
#4495 = ORIENTED_EDGE ( 'NONE', *, *, #765, .F. ) ;
#4496 = ORIENTED_EDGE ( 'NONE', *, *, #4224, .F. ) ;
#4497 = PLANE ( 'NONE',  #1664 ) ;
#4498 = FACE_OUTER_BOUND ( 'NONE', #1978, .T. ) ;
#4499 = PLANE ( 'NONE',  #3589 ) ;
#4500 = EDGE_CURVE ( 'NONE', #4170, #4617, #71, .T. ) ;
#4501 = PLANE ( 'NONE',  #1239 ) ;
#4502 = EDGE_LOOP ( 'NONE', ( #4516, #1895, #2260, #3346 ) ) ;
#4503 = VERTEX_POINT ( 'NONE', #783 ) ;
#4504 = CARTESIAN_POINT ( 'NONE',  ( 1.800000000000000000, -0.02500000000000000100, -2.649999999999999900 ) ) ;
#4505 = EDGE_CURVE ( 'NONE', #812, #2615, #4546, .T. ) ;
#4506 = ORIENTED_EDGE ( 'NONE', *, *, #1787, .T. ) ;
#4507 = AXIS2_PLACEMENT_3D ( 'NONE', #1899, #409, #1143 ) ;
#4508 = ORIENTED_EDGE ( 'NONE', *, *, #3884, .T. ) ;
#4509 = DIRECTION ( 'NONE',  ( 0.0000000000000000000, 0.0000000000000000000, 1.000000000000000000 ) ) ;
#4510 = VERTEX_POINT ( 'NONE', #1468 ) ;
#4511 = DIRECTION ( 'NONE',  ( -0.0000000000000000000, 1.000000000000000000, -0.0000000000000000000 ) ) ;
#4512 = EDGE_CURVE ( 'NONE', #4350, #20, #3569, .T. ) ;
#4513 = DIRECTION ( 'NONE',  ( 0.0000000000000000000, 0.0000000000000000000, -1.000000000000000000 ) ) ;
#4514 = AXIS2_PLACEMENT_3D ( 'NONE', #2856, #1034, #3603 ) ;
#4515 = ADVANCED_FACE ( 'NONE', ( #2759 ), #2778, .F. ) ;
#4516 = ORIENTED_EDGE ( 'NONE', *, *, #3097, .F. ) ;
#4517 = CARTESIAN_POINT ( 'NONE',  ( -2.010000000000000700, 0.2000000000000000100, -2.000000000000000400 ) ) ;
#4518 = DIRECTION ( 'NONE',  ( 0.0000000000000000000, 0.0000000000000000000, 1.000000000000000000 ) ) ;
#4519 =( GEOMETRIC_REPRESENTATION_CONTEXT ( 3 ) GLOBAL_UNCERTAINTY_ASSIGNED_CONTEXT ( ( #2415 ) ) GLOBAL_UNIT_ASSIGNED_CONTEXT ( ( #913, #4583, #4634 ) ) REPRESENTATION_CONTEXT ( 'NONE', 'WORKASPACE' ) );
#4520 = ADVANCED_FACE ( 'NONE', ( #1380 ), #3774, .F. ) ;
#4521 = PLANE ( 'NONE',  #1271 ) ;
#4523 = CARTESIAN_POINT ( 'NONE',  ( -1.000000000000000200, 0.2000000000000000100, -1.620000000000001200 ) ) ;
#4522 = FACE_OUTER_BOUND ( 'NONE', #2265, .T. ) ;
#4524 = PLANE ( 'NONE',  #1036 ) ;
#4525 = LINE ( 'NONE', #1401, #122 ) ;
#4526 = VECTOR ( 'NONE', #2624, 1000.000000000000000 ) ;
#4527 = DIRECTION ( 'NONE',  ( 0.0000000000000000000, -1.000000000000000000, 0.0000000000000000000 ) ) ;
#4528 = DIRECTION ( 'NONE',  ( -0.0000000000000000000, 1.000000000000000000, -0.0000000000000000000 ) ) ;
#4529 = CARTESIAN_POINT ( 'NONE',  ( 2.010000000000000200, -0.02500000000000000100, -0.6500000000000004700 ) ) ;
#4530 = VECTOR ( 'NONE', #1910, 1000.000000000000000 ) ;
#4531 = LINE ( 'NONE', #4588, #3664 ) ;
#4532 = SURFACE_STYLE_FILL_AREA ( #1417 ) ;
#4533 = DIRECTION ( 'NONE',  ( 0.0000000000000000000, 0.0000000000000000000, 1.000000000000000000 ) ) ;
#4534 = EDGE_CURVE ( 'NONE', #1058, #2017, #1042, .T. ) ;
#4535 = EDGE_LOOP ( 'NONE', ( #2925, #3082, #2901, #2444 ) ) ;
#4536 = UNCERTAINTY_MEASURE_WITH_UNIT (LENGTH_MEASURE( 1.000000000000000100E-005 ), #3651, 'distance_accuracy_value', 'NONE');
#4537 = CIRCLE ( 'NONE', #4574, 0.06999999999999996500 ) ;
#4538 = AXIS2_PLACEMENT_3D ( 'NONE', #449, #3021, #817 ) ;
#4539 = DIRECTION ( 'NONE',  ( 1.000000000000000000, 0.0000000000000000000, -1.441758208092427000E-016 ) ) ;
#4540 = DIRECTION ( 'NONE',  ( 0.0000000000000000000, 0.0000000000000000000, 1.000000000000000000 ) ) ;
#4541 = VERTEX_POINT ( 'NONE', #2721 ) ;
#4542 = EDGE_CURVE ( 'NONE', #20, #2052, #4598, .T. ) ;
#4543 = AXIS2_PLACEMENT_3D ( 'NONE', #2208, #3694, #2229 ) ;
#4544 = DIRECTION ( 'NONE',  ( -1.000000000000000000, 0.0000000000000000000, 0.0000000000000000000 ) ) ;
#4545 = ORIENTED_EDGE ( 'NONE', *, *, #3908, .F. ) ;
#4546 = LINE ( 'NONE', #3999, #1577 ) ;
#4547 = ORIENTED_EDGE ( 'NONE', *, *, #3908, .T. ) ;
#4548 = LINE ( 'NONE', #2175, #2765 ) ;
#4549 = DIRECTION ( 'NONE',  ( -0.0000000000000000000, 1.000000000000000000, -0.0000000000000000000 ) ) ;
#4550 = DIRECTION ( 'NONE',  ( -0.0000000000000000000, 1.000000000000000000, -0.0000000000000000000 ) ) ;
#4551 = ORIENTED_EDGE ( 'NONE', *, *, #2296, .F. ) ;
#4552 = AXIS2_PLACEMENT_3D ( 'NONE', #1124, #779, #1868 ) ;
#4553 = CARTESIAN_POINT ( 'NONE',  ( 1.800000000000000500, -0.02500000000000000100, 2.250000000000000400 ) ) ;
#4554 = ORIENTED_EDGE ( 'NONE', *, *, #258, .F. ) ;
#4555 = CARTESIAN_POINT ( 'NONE',  ( 1.250000000000000000, 0.2000000000000000100, -3.010000000000000200 ) ) ;
#4556 = FACE_OUTER_BOUND ( 'NONE', #4502, .T. ) ;
#4557 = CARTESIAN_POINT ( 'NONE',  ( 1.249999999999999800, 0.2000000000000000100, 2.799999999999999400 ) ) ;
#4558 = PLANE ( 'NONE',  #4119 ) ;
#4559 = EDGE_LOOP ( 'NONE', ( #1123, #4732, #2316, #3566 ) ) ;
#4560 = CARTESIAN_POINT ( 'NONE',  ( 2.010000000000000200, -0.02500000000000000100, -1.550000000000000500 ) ) ;
#4561 = DIRECTION ( 'NONE',  ( 0.0000000000000000000, 0.0000000000000000000, 1.000000000000000000 ) ) ;
#4562 = AXIS2_PLACEMENT_3D ( 'NONE', #4486, #3384, #1535 ) ;
#4563 = ORIENTED_EDGE ( 'NONE', *, *, #4688, .F. ) ;
#4564 = FACE_OUTER_BOUND ( 'NONE', #1501, .T. ) ;
#4565 = FILL_AREA_STYLE_COLOUR ( '', #1439 ) ;
#4566 = CARTESIAN_POINT ( 'NONE',  ( -2.010000000000000200, -0.02500000000000000100, -1.550000000000000500 ) ) ;
#4567 = ORIENTED_EDGE ( 'NONE', *, *, #1817, .F. ) ;
#4568 = AXIS2_PLACEMENT_3D ( 'NONE', #2900, #313, #2848 ) ;
#4569 = EDGE_LOOP ( 'NONE', ( #955, #3233, #3740, #1344 ) ) ;
#4570 = CARTESIAN_POINT ( 'NONE',  ( -2.010000000000000200, -0.02500000000000000100, -1.300000000000000300 ) ) ;
#4571 = CARTESIAN_POINT ( 'NONE',  ( -1.070000000000000300, -0.02500000000000000100, -0.7800000000000004700 ) ) ;
#4572 = EDGE_CURVE ( 'NONE', #3507, #4741, #183, .T. ) ;
#4573 = CARTESIAN_POINT ( 'NONE',  ( -1.070000000000000700, -0.02500000000000000100, -0.2000000000000004600 ) ) ;
#4574 = AXIS2_PLACEMENT_3D ( 'NONE', #4622, #2408, #620 ) ;
#4575 = ORIENTED_EDGE ( 'NONE', *, *, #3875, .T. ) ;
#4576 = PLANE ( 'NONE',  #1719 ) ;
#4577 = EDGE_CURVE ( 'NONE', #3137, #2890, #3227, .T. ) ;
#4578 = VECTOR ( 'NONE', #2586, 1000.000000000000000 ) ;
#4579 = DIRECTION ( 'NONE',  ( 0.0000000000000000000, 0.0000000000000000000, 1.000000000000000000 ) ) ;
#4580 = LINE ( 'NONE', #3449, #329 ) ;
#4581 = AXIS2_PLACEMENT_3D ( 'NONE', #2332, #860, #986 ) ;
#4582 = VERTEX_POINT ( 'NONE', #894 ) ;
#4583 =( NAMED_UNIT ( * ) PLANE_ANGLE_UNIT ( ) SI_UNIT ( $, .RADIAN. ) );
#4584 = VECTOR ( 'NONE', #3527, 1000.000000000000000 ) ;
#4585 = FACE_OUTER_BOUND ( 'NONE', #1004, .T. ) ;
#4586 = ORIENTED_EDGE ( 'NONE', *, *, #2375, .F. ) ;
#4587 = VECTOR ( 'NONE', #2148, 1000.000000000000000 ) ;
#4588 = CARTESIAN_POINT ( 'NONE',  ( -2.010000000000000200, -0.02500000000000000100, 0.1999999999999999300 ) ) ;
#4589 = DIRECTION ( 'NONE',  ( 0.0000000000000000000, -0.0000000000000000000, 1.000000000000000000 ) ) ;
#4590 = LINE ( 'NONE', #1137, #4121 ) ;
#4591 = AXIS2_PLACEMENT_3D ( 'NONE', #1020, #2124, #3263 ) ;
#4592 = ORIENTED_EDGE ( 'NONE', *, *, #1573, .F. ) ;
#4593 = SURFACE_STYLE_FILL_AREA ( #2594 ) ;
#4594 = CARTESIAN_POINT ( 'NONE',  ( -1.070000000000000700, -0.02500000000000000100, -0.2000000000000004600 ) ) ;
#4595 = CARTESIAN_POINT ( 'NONE',  ( 0.3299999999999995700, -0.02500000000000000100, -1.250000000000000200 ) ) ;
#4596 = EDGE_CURVE ( 'NONE', #3122, #4403, #3109, .T. ) ;
#4597 = AXIS2_PLACEMENT_3D ( 'NONE', #1290, #1334, #2732 ) ;
#4598 = LINE ( 'NONE', #2312, #4476 ) ;
#4599 = ORIENTED_EDGE ( 'NONE', *, *, #2725, .T. ) ;
#4600 = LINE ( 'NONE', #3501, #1512 ) ;
#4601 = DIRECTION ( 'NONE',  ( -0.0000000000000000000, 1.000000000000000000, 0.0000000000000000000 ) ) ;
#4602 = CARTESIAN_POINT ( 'NONE',  ( 2.010000000000000200, 0.2000000000000000100, -2.200000000000000600 ) ) ;
#4603 = EDGE_LOOP ( 'NONE', ( #299, #3914, #847, #138 ) ) ;
#4604 = APPLICATION_CONTEXT ( 'automotive_design' ) ;
#4605 = EDGE_CURVE ( 'NONE', #871, #1390, #2996, .T. ) ;
#4606 = DIRECTION ( 'NONE',  ( -0.0000000000000000000, 0.0000000000000000000, 1.000000000000000000 ) ) ;
#4607 = ORIENTED_EDGE ( 'NONE', *, *, #496, .F. ) ;
#4608 =( NAMED_UNIT ( * ) SI_UNIT ( $, .STERADIAN. ) SOLID_ANGLE_UNIT ( ) );
#4609 = SURFACE_STYLE_FILL_AREA ( #2911 ) ;
#4610 = DIRECTION ( 'NONE',  ( -1.000000000000000000, -0.0000000000000000000, -0.0000000000000000000 ) ) ;
#4611 = ORIENTED_EDGE ( 'NONE', *, *, #3851, .F. ) ;
#4612 = EDGE_LOOP ( 'NONE', ( #1147, #3280, #2435, #1790 ) ) ;
#4613 = CIRCLE ( 'NONE', #3666, 0.06999999999999996500 ) ;
#4614 = CARTESIAN_POINT ( 'NONE',  ( -1.070000000000000300, -0.02500000000000000100, -0.3300000000000004000 ) ) ;
#4615 = ORIENTED_EDGE ( 'NONE', *, *, #3927, .F. ) ;
#4616 = CARTESIAN_POINT ( 'NONE',  ( 2.010000000000000200, -0.02500000000000000100, 2.050000000000000300 ) ) ;
#4617 = VERTEX_POINT ( 'NONE', #4555 ) ;
#4618 = ORIENTED_EDGE ( 'NONE', *, *, #187, .F. ) ;
#4619 = CARTESIAN_POINT ( 'NONE',  ( -1.500000000000000000, 1.550000000000000300, -2.500000000000000000 ) ) ;
#4620 = AXIS2_PLACEMENT_3D ( 'NONE', #4044, #2188, #3981 ) ;
#4621 =( NAMED_UNIT ( * ) SI_UNIT ( $, .STERADIAN. ) SOLID_ANGLE_UNIT ( ) );
#4622 = CARTESIAN_POINT ( 'NONE',  ( -1.070000000000000100, 0.2000000000000000100, -1.170000000000000200 ) ) ;
#4623 = CARTESIAN_POINT ( 'NONE',  ( 2.010000000000000200, -0.02500000000000000100, -2.649999999999999900 ) ) ;
#4624 = ORIENTED_EDGE ( 'NONE', *, *, #2847, .F. ) ;
#4625 = UNCERTAINTY_MEASURE_WITH_UNIT (LENGTH_MEASURE( 1.000000000000000100E-005 ), #3554, 'distance_accuracy_value', 'NONE');
#4626 = DIRECTION ( 'NONE',  ( 0.0000000000000000000, 0.0000000000000000000, -1.000000000000000000 ) ) ;
#4627 = EDGE_CURVE ( 'NONE', #427, #1807, #2872, .T. ) ;
#4628 = VERTEX_POINT ( 'NONE', #4595 ) ;
#4629 = ORIENTED_EDGE ( 'NONE', *, *, #1670, .F. ) ;
#4630 = AXIS2_PLACEMENT_3D ( 'NONE', #514, #4207, #1628 ) ;
#4631 = LINE ( 'NONE', #837, #1077 ) ;
#4632 = ORIENTED_EDGE ( 'NONE', *, *, #4596, .F. ) ;
#4633 = DIRECTION ( 'NONE',  ( 1.000000000000000000, 0.0000000000000000000, 0.0000000000000000000 ) ) ;
#4634 =( NAMED_UNIT ( * ) SI_UNIT ( $, .STERADIAN. ) SOLID_ANGLE_UNIT ( ) );
#4635 = EDGE_CURVE ( 'NONE', #3405, #471, #1630, .T. ) ;
#4636 = CARTESIAN_POINT ( 'NONE',  ( -1.800000000000000500, -0.02500000000000000100, 0.9500000000000000700 ) ) ;
#4637 = AXIS2_PLACEMENT_3D ( 'NONE', #1668, #1982, #4561 ) ;
#4638 = SURFACE_SIDE_STYLE ('',( #405 ) ) ;
#4639 = CARTESIAN_POINT ( 'NONE',  ( -1.070000000000000300, -0.02500000000000000100, -1.620000000000000600 ) ) ;
#4640 = DIRECTION ( 'NONE',  ( -5.162867488026198100E-015, 0.0000000000000000000, 1.000000000000000000 ) ) ;
#4641 = ADVANCED_FACE ( 'NONE', ( #1685 ), #937, .F. ) ;
#4642 = EDGE_CURVE ( 'NONE', #2554, #2424, #4715, .T. ) ;
#4643 = FACE_OUTER_BOUND ( 'NONE', #3922, .T. ) ;
#4644 = VECTOR ( 'NONE', #1926, 1000.000000000000000 ) ;
#4645 = FILL_AREA_STYLE ('',( #2777 ) ) ;
#4646 = LINE ( 'NONE', #3164, #3502 ) ;
#4647 = ORIENTED_EDGE ( 'NONE', *, *, #3745, .T. ) ;
#4648 = VECTOR ( 'NONE', #1765, 1000.000000000000000 ) ;
#4649 = CARTESIAN_POINT ( 'NONE',  ( 2.010000000000000700, -0.02500000000000000100, -2.000000000000000400 ) ) ;
#4650 = DIRECTION ( 'NONE',  ( 0.0000000000000000000, 1.000000000000000000, 0.0000000000000000000 ) ) ;
#4651 = ORIENTED_EDGE ( 'NONE', *, *, #3671, .F. ) ;
#4652 = LINE ( 'NONE', #1854, #3216 ) ;
#4653 = SURFACE_STYLE_USAGE ( .BOTH. , #962 ) ;
#4654 = CARTESIAN_POINT ( 'NONE',  ( 0.1500000000000001600, -0.02500000000000000100, -1.320000000000001000 ) ) ;
#4655 = FACE_OUTER_BOUND ( 'NONE', #849, .T. ) ;
#4656 = ORIENTED_EDGE ( 'NONE', *, *, #3567, .T. ) ;
#4657 = FACE_OUTER_BOUND ( 'NONE', #3906, .T. ) ;
#4658 = CARTESIAN_POINT ( 'NONE',  ( -2.010000000000000200, -0.02500000000000000100, -0.8500000000000005300 ) ) ;
#4659 = DIRECTION ( 'NONE',  ( -1.000000000000000000, 0.0000000000000000000, 0.0000000000000000000 ) ) ;
#4660 = ORIENTED_EDGE ( 'NONE', *, *, #1990, .T. ) ;
#4661 = VECTOR ( 'NONE', #1855, 1000.000000000000000 ) ;
#4662 = ORIENTED_EDGE ( 'NONE', *, *, #555, .F. ) ;
#4663 = EDGE_CURVE ( 'NONE', #1390, #1533, #2059, .T. ) ;
#4664 = AXIS2_PLACEMENT_3D ( 'NONE', #3610, #246, #639 ) ;
#4665 = ADVANCED_FACE ( 'NONE', ( #4655 ), #2749, .T. ) ;
#4666 = VERTEX_POINT ( 'NONE', #1308 ) ;
#4667 = CARTESIAN_POINT ( 'NONE',  ( 1.000000000000000200, -0.02500000000000000100, -1.680000000000000200 ) ) ;
#4668 = DIRECTION ( 'NONE',  ( -0.0000000000000000000, 1.000000000000000000, -0.0000000000000000000 ) ) ;
#4669 = ORIENTED_EDGE ( 'NONE', *, *, #4004, .F. ) ;
#4670 = EDGE_CURVE ( 'NONE', #1822, #1268, #1626, .T. ) ;
#4671 = ORIENTED_EDGE ( 'NONE', *, *, #2016, .T. ) ;
#4672 = DIRECTION ( 'NONE',  ( 0.0000000000000000000, 0.0000000000000000000, 1.000000000000000000 ) ) ;
#4673 = LINE ( 'NONE', #1617, #3748 ) ;
#4674 = ORIENTED_EDGE ( 'NONE', *, *, #1697, .F. ) ;
#4675 = ORIENTED_EDGE ( 'NONE', *, *, #3524, .F. ) ;
#4676 = CARTESIAN_POINT ( 'NONE',  ( 2.010000000000000200, -0.02500000000000000100, 0.9500000000000000700 ) ) ;
#4677 = ORIENTED_EDGE ( 'NONE', *, *, #2053, .F. ) ;
#4678 = ORIENTED_EDGE ( 'NONE', *, *, #1162, .F. ) ;
#4679 = ORIENTED_EDGE ( 'NONE', *, *, #1252, .F. ) ;
#4680 = CARTESIAN_POINT ( 'NONE',  ( -1.070000000000000300, -0.02500000000000000100, -0.2700000000000004600 ) ) ;
#4681 = SURFACE_SIDE_STYLE ('',( #1591 ) ) ;
#4682 = EDGE_LOOP ( 'NONE', ( #4725, #2863, #4647, #3673 ) ) ;
#4683 = AXIS2_PLACEMENT_3D ( 'NONE', #1487, #1874, #1451 ) ;
#4684 = DIRECTION ( 'NONE',  ( -1.000000000000000000, 0.0000000000000000000, 4.613626265895764100E-016 ) ) ;
#4685 = CARTESIAN_POINT ( 'NONE',  ( -1.249999999999999800, -0.02500000000000000100, 2.799999999999999400 ) ) ;
#4686 = VECTOR ( 'NONE', #1975, 1000.000000000000000 ) ;
#4687 = DIRECTION ( 'NONE',  ( -1.000000000000000000, 0.0000000000000000000, -0.0000000000000000000 ) ) ;
#4688 = EDGE_CURVE ( 'NONE', #3939, #2776, #4143, .T. ) ;
#4689 = AXIS2_PLACEMENT_3D ( 'NONE', #1474, #3697, #3317 ) ;
#4690 = CARTESIAN_POINT ( 'NONE',  ( -2.010000000000000700, -0.02500000000000000100, -2.000000000000000400 ) ) ;
#4691 = ORIENTED_EDGE ( 'NONE', *, *, #4280, .F. ) ;
#4692 = ORIENTED_EDGE ( 'NONE', *, *, #1500, .T. ) ;
#4693 = CARTESIAN_POINT ( 'NONE',  ( 1.000000000000000200, -0.02500000000000000100, -1.620000000000001200 ) ) ;
#4694 = PLANE ( 'NONE',  #2613 ) ;
#4695 = EDGE_CURVE ( 'NONE', #1624, #1360, #2707, .T. ) ;
#4696 = CARTESIAN_POINT ( 'NONE',  ( -0.9999999999999997800, 0.2000000000000000100, -3.010000000000000200 ) ) ;
#4697 = LINE ( 'NONE', #3425, #619 ) ;
#4698 = DIRECTION ( 'NONE',  ( 1.000000000000000000, 0.0000000000000000000, -0.0000000000000000000 ) ) ;
#4699 = CARTESIAN_POINT ( 'NONE',  ( 0.1499999999999997400, -0.02500000000000000100, -3.010000000000000700 ) ) ;
#4700 = LINE ( 'NONE', #3426, #2798 ) ;
#4702 = DIRECTION ( 'NONE',  ( 1.000000000000000000, 0.0000000000000000000, -0.0000000000000000000 ) ) ;
#4701 = VECTOR ( 'NONE', #3731, 1000.000000000000000 ) ;
#4703 = EDGE_CURVE ( 'NONE', #3085, #1844, #2579, .T. ) ;
#4704 = CARTESIAN_POINT ( 'NONE',  ( 2.000000000000000000, 0.0000000000000000000, -3.000000000000000000 ) ) ;
#4705 = ORIENTED_EDGE ( 'NONE', *, *, #1870, .T. ) ;
#4706 = VECTOR ( 'NONE', #4074, 1000.000000000000000 ) ;
#4707 = VERTEX_POINT ( 'NONE', #27 ) ;
#4708 = DIRECTION ( 'NONE',  ( 0.0000000000000000000, 1.000000000000000000, 0.0000000000000000000 ) ) ;
#4709 = CARTESIAN_POINT ( 'NONE',  ( 1.000000000000000000, -0.02500000000000000100, 2.799999999999999400 ) ) ;
#4710 = VERTEX_POINT ( 'NONE', #1119 ) ;
#4711 = VECTOR ( 'NONE', #257, 1000.000000000000000 ) ;
#4712 = CARTESIAN_POINT ( 'NONE',  ( -1.000000000000001100, 0.2000000000000000100, 3.010000000000000200 ) ) ;
#4713 = AXIS2_PLACEMENT_3D ( 'NONE', #4614, #4601, #207 ) ;
#4714 = DIRECTION ( 'NONE',  ( 0.0000000000000000000, 1.000000000000000000, 0.0000000000000000000 ) ) ;
#4715 = LINE ( 'NONE', #566, #694 ) ;
#4716 = CLOSED_SHELL ( 'NONE', ( #1552, #3609, #1100, #3424, #1226, #2317, #697, #2092, #2220, #4288, #4458, #1897, #4494, #2141 ) ) ;
#4717 = VECTOR ( 'NONE', #3183, 1000.000000000000000 ) ;
#4718 = DIRECTION ( 'NONE',  ( -0.0000000000000000000, -1.000000000000000000, -0.0000000000000000000 ) ) ;
#4719 = EDGE_CURVE ( 'NONE', #279, #2832, #2174, .T. ) ;
#4720 = PRESENTATION_LAYER_ASSIGNMENT (  '', '', ( #4163 ) ) ;
#4721 = VERTEX_POINT ( 'NONE', #2276 ) ;
#4722 = CIRCLE ( 'NONE', #4597, 0.06999999999999996500 ) ;
#4723 = EDGE_LOOP ( 'NONE', ( #3394, #182, #4567, #2361 ) ) ;
#4724 = CARTESIAN_POINT ( 'NONE',  ( -0.1500000000000001600, 0.2000000000000000100, -1.320000000000001000 ) ) ;
#4725 = ORIENTED_EDGE ( 'NONE', *, *, #2730, .F. ) ;
#4726 = ORIENTED_EDGE ( 'NONE', *, *, #3214, .T. ) ;
#4727 = FACE_OUTER_BOUND ( 'NONE', #2096, .T. ) ;
#4728 = EDGE_CURVE ( 'NONE', #435, #427, #1504, .T. ) ;
#4729 = AXIS2_PLACEMENT_3D ( 'NONE', #1157, #3391, #108 ) ;
#4730 = DIRECTION ( 'NONE',  ( -0.0000000000000000000, -0.0000000000000000000, 1.000000000000000000 ) ) ;
#4731 =( LENGTH_UNIT ( ) NAMED_UNIT ( * ) SI_UNIT ( .MILLI., .METRE. ) );
#4732 = ORIENTED_EDGE ( 'NONE', *, *, #2400, .F. ) ;
#4733 = COLOUR_RGB ( '',0.7921568627450980000, 0.8196078431372548800, 0.9333333333333333500 ) ;
#4734 = EDGE_CURVE ( 'NONE', #3811, #1925, #2821, .T. ) ;
#4735 = CARTESIAN_POINT ( 'NONE',  ( -1.000000000000000000, 0.2000000000000000100, -2.130000000000000300 ) ) ;
#4736 = CARTESIAN_POINT ( 'NONE',  ( -0.1500000000000001600, -0.02500000000000000100, -1.320000000000001000 ) ) ;
#4737 = ORIENTED_EDGE ( 'NONE', *, *, #3378, .F. ) ;
#4738 = CLOSED_SHELL ( 'NONE', ( #2612, #3701, #1033, #1851, #848, #306, #3296, #744, #492 ) ) ;
#4739 = SURFACE_SIDE_STYLE ('',( #4763 ) ) ;
#4740 = CARTESIAN_POINT ( 'NONE',  ( 0.2200000000000006100, -0.02500000000000000100, -1.250000000000000400 ) ) ;
#4741 = VERTEX_POINT ( 'NONE', #3381 ) ;
#4742 = ADVANCED_FACE ( 'NONE', ( #2465 ), #2590, .F. ) ;
#4743 = CARTESIAN_POINT ( 'NONE',  ( -1.000000000000000000, -0.02500000000000000100, -1.229999999999999800 ) ) ;
#4744 = ORIENTED_EDGE ( 'NONE', *, *, #4102, .T. ) ;
#4745 = DIRECTION ( 'NONE',  ( -0.0000000000000000000, 0.0000000000000000000, 1.000000000000000000 ) ) ;
#4746 = DIRECTION ( 'NONE',  ( 1.032573497605244000E-015, 0.0000000000000000000, -1.000000000000000000 ) ) ;
#4747 =( LENGTH_UNIT ( ) NAMED_UNIT ( * ) SI_UNIT ( .MILLI., .METRE. ) );
#4748 = PRESENTATION_STYLE_ASSIGNMENT (( #513 ) ) ;
#4749 = CARTESIAN_POINT ( 'NONE',  ( -0.2200000000000006100, 0.2000000000000000100, -1.250000000000000400 ) ) ;
#4750 = DIRECTION ( 'NONE',  ( -1.000000000000000000, 0.0000000000000000000, 0.0000000000000000000 ) ) ;
#4751 = FILL_AREA_STYLE ('',( #1394 ) ) ;
#4752 = VECTOR ( 'NONE', #2604, 1000.000000000000000 ) ;
#4753 = EDGE_CURVE ( 'NONE', #428, #4417, #526, .T. ) ;
#4754 = AXIS2_PLACEMENT_3D ( 'NONE', #1257, #2676, #1639 ) ;
#4755 = DIRECTION ( 'NONE',  ( 0.0000000000000000000, -1.000000000000000000, 0.0000000000000000000 ) ) ;
#4756 = LINE ( 'NONE', #475, #3930 ) ;
#4757 = FACE_OUTER_BOUND ( 'NONE', #1694, .T. ) ;
#4758 = CIRCLE ( 'NONE', #1524, 0.06999999999999996500 ) ;
#4759 = ADVANCED_FACE ( 'NONE', ( #2930 ), #3332, .F. ) ;
#4760 = CARTESIAN_POINT ( 'NONE',  ( 2.010000000000000200, -0.02500000000000000100, -2.200000000000000600 ) ) ;
#4761 = EDGE_CURVE ( 'NONE', #3705, #3115, #881, .T. ) ;
#4762 = STYLED_ITEM ( 'NONE', ( #3672 ), #4287 ) ;
#4763 = SURFACE_STYLE_FILL_AREA ( #4751 ) ;
#4764 = CIRCLE ( 'NONE', #1611, 0.06999999999999996500 ) ;
#4765 = CIRCLE ( 'NONE', #1081, 0.06999999999999996500 ) ;
#4766 = CARTESIAN_POINT ( 'NONE',  ( 2.010000000000000200, -0.02500000000000000100, -2.200000000000000600 ) ) ;
#4767 = CARTESIAN_POINT ( 'NONE',  ( -1.070000000000000700, -0.02500000000000000100, -0.8500000000000004200 ) ) ;
#4768 = PLANE ( 'NONE',  #1931 ) ;
#4769 = EDGE_LOOP ( 'NONE', ( #1690, #4371, #2746, #2100 ) ) ;
ENDSEC;
END-ISO-10303-21;
